PositionQuantity,AvgPrice,Return,Capital,MarketPrice
0.0,0.0,0.0,100000.0,272.3399963378906
0.0,0.0,0.0,100000.0,271.9216003417969
0.0,0.0,0.0,100000.0,271.9100036621094
0.0,0.0,0.0,100000.0,272.19000244140625
0.0,0.0,0.0,100000.0,271.2099914550781
0.0,0.0,0.0,100000.0,271.25
0.0,0.0,0.0,100000.0,271.614990234375
0.0,0.0,0.0,100000.0,271.5249938964844
0.0,0.0,0.0,100000.0,271.3901062011719
0.0,0.0,0.0,100000.0,271.5899963378906
0.0,0.0,0.0,100000.0,271.4800109863281
0.0,0.0,0.0,100000.0,271.8399963378906
0.0,0.0,0.0,100000.0,272.4700012207031
0.0,0.0,0.0,100000.0,272.2300109863281
0.0,0.0,0.0,100000.0,272.9100036621094
0.0,0.0,0.0,100000.0,273.3800048828125
0.0,0.0,0.0,100000.0,273.010009765625
0.0,0.0,0.0,100000.0,273.4551086425781
0.0,0.0,0.0,100000.0,273.5199890136719
0.0,0.0,0.0,100000.0,273.5299987792969
0.0,0.0,0.0,100000.0,273.3399963378906
0.0,0.0,0.0,100000.0,273.0679931640625
0.0,0.0,0.0,100000.0,273.1099853515625
0.0,0.0,0.0,100000.0,273.29010009765625
0.0,0.0,0.0,100000.0,273.70989990234375
0.0,0.0,0.0,100000.0,273.3699951171875
0.0,0.0,0.0,100000.0,273.7699890136719
0.0,0.0,0.0,100000.0,273.70001220703125
0.0,0.0,0.0,100000.0,273.93499755859375
0.0,0.0,0.0,100000.0,273.6549987792969
0.0,0.0,0.0,100000.0,273.4382019042969
0.0,0.0,0.0,100000.0,273.19500732421875
0.0,0.0,0.0,100000.0,272.997802734375
0.0,0.0,0.0,100000.0,272.7250061035156
0.0,0.0,0.0,100000.0,272.80999755859375
27.0,272.80999755859375,-7365.869934082031,92634.13006591797,272.7699890136719
52.0,272.7907626812275,-6819.249725341797,85814.88034057617,272.57000732421875
75.0,272.7230643717448,-6269.110168457031,79545.77017211914,272.79998779296875
96.0,272.7398913701375,-5728.799743652344,73816.9704284668,272.70001220703125
116.0,272.73301565236056,-5454.000244140625,68362.97018432617,272.40838623046875
134.0,272.68940871509153,-4903.3509521484375,63459.619232177734,272.45220947265625
151.0,272.6627041646187,-4631.687561035156,58827.93167114258,272.92999267578125
167.0,272.68831264473005,-4366.8798828125,54461.05178833008,272.8599853515625
181.0,272.7015911966397,-3820.039794921875,50641.0119934082,272.9649963378906
194.0,272.71924205662043,-3548.544952392578,47092.467041015625,272.7099914550781
206.0,272.71870318662764,-3272.5198974609375,43819.94714355469,272.9200134277344
218.0,272.72978448430325,-3275.0401611328125,40544.906982421875,273.2300109863281
229.0,272.7538128315621,-3005.5301208496094,37539.376861572266,273.3399963378906
239.0,272.778339338103,-2733.3999633789062,34805.97689819336,273.2699890136719
119.0,272.778339338103,32792.398681640625,67598.37557983398,273.2401123046875
59.0,272.778339338103,16394.40673828125,83992.78231811523,273.4710998535156
29.0,272.778339338103,8204.132995605469,92196.9153137207,273.2200012207031
14.0,272.778339338103,4098.300018310547,96295.21533203125,273.1199951171875
7.0,272.778339338103,1911.8399658203125,98207.05529785156,273.19000244140625
3.0,272.778339338103,1092.760009765625,99299.81530761719,273.29998779296875
1.0,272.778339338103,546.5999755859375,99846.41528320312,273.3299865722656
0.0,0.0,273.3299865722656,100119.74526977539,273.5050048828125
0.0,0.0,0.0,100119.74526977539,273.5498962402344
0.0,0.0,0.0,100119.74526977539,273.6300048828125
0.0,0.0,0.0,100119.74526977539,273.75
0.0,0.0,0.0,100119.74526977539,273.80999755859375
0.0,0.0,0.0,100119.74526977539,273.79998779296875
0.0,0.0,0.0,100119.74526977539,273.6700134277344
0.0,0.0,0.0,100119.74526977539,273.489990234375
0.0,0.0,0.0,100119.74526977539,273.5050048828125
0.0,0.0,0.0,100119.74526977539,273.5400085449219
0.0,0.0,0.0,100119.74526977539,273.7300109863281
0.0,0.0,0.0,100119.74526977539,273.69000244140625
0.0,0.0,0.0,100119.74526977539,273.69500732421875
0.0,0.0,0.0,100119.74526977539,273.2699890136719
0.0,0.0,0.0,100119.74526977539,273.42999267578125
0.0,0.0,0.0,100119.74526977539,273.30499267578125
0.0,0.0,0.0,100119.74526977539,273.2500915527344
27.0,273.2500915527344,-7377.752471923828,92741.99279785156,273.3999938964844
52.0,273.32215998722955,-6834.999847412109,85906.99295043945,273.5050048828125
75.0,273.378232421875,-6290.6151123046875,79616.37783813477,273.54998779296875
96.0,273.41580390930176,-5744.549743652344,73871.82809448242,273.52801513671875
116.0,273.4351506726495,-5470.560302734375,68401.26779174805,273.4042053222656
134.0,273.43099383453824,-4921.275695800781,63479.992095947266,273.385009765625
151.0,273.4258168201573,-4647.545166015625,58832.44692993164,273.20001220703125
167.0,273.404182845247,-4371.2001953125,54461.24673461914,273.30999755859375
181.0,273.3968977954506,-3826.3399658203125,50634.90676879883,273.010009765625
194.0,273.3709723089159,-3549.130126953125,47085.7766418457,273.1300048828125
206.0,273.35693537147296,-3277.56005859375,43808.21658325195,273.2449951171875
218.0,273.3507735226132,-3278.93994140625,40529.2766418457,272.9700012207031
229.0,273.3324831500324,-3002.6700134277344,37526.60662841797,273.0899963378906
239.0,273.32233725831094,-2730.8999633789062,34795.70666503906,273.3500061035156
248.0,273.32334136962885,-2460.1500549316406,32335.556610107422,273.4049987792969
256.0,273.325893163681,-2187.239990234375,30148.316619873047,273.54010009765625
264.0,273.33238428289235,-2188.32080078125,27959.995819091797,273.7650146484375
132.0,273.33238428289235,36136.98193359375,64096.97775268555,273.7250061035156
66.0,273.33238428289235,18065.85040283203,82162.82815551758,273.7449951171875
33.0,273.33238428289235,9033.584838867188,91196.41299438477,273.7149963378906
16.0,273.33238428289235,4653.154937744141,95849.5679321289,274.05889892578125
8.0,273.33238428289235,2192.47119140625,98042.03912353516,273.9624938964844
4.0,273.33238428289235,1095.8499755859375,99137.8890991211,274.0799865722656
2.0,273.33238428289235,548.1599731445312,99686.04907226562,274.1449890136719
1.0,273.33238428289235,274.1449890136719,99960.1940612793,274.3381042480469
0.0,0.0,274.3381042480469,100234.53216552734,274.2799987792969
0.0,0.0,0.0,100234.53216552734,274.56500244140625
0.0,0.0,0.0,100234.53216552734,274.3699951171875
0.0,0.0,0.0,100234.53216552734,274.32000732421875
0.0,0.0,0.0,100234.53216552734,274.0299987792969
0.0,0.0,0.0,100234.53216552734,274.2300109863281
0.0,0.0,0.0,100234.53216552734,274.17999267578125
0.0,0.0,0.0,100234.53216552734,274.20001220703125
0.0,0.0,0.0,100234.53216552734,274.1549987792969
0.0,0.0,0.0,100234.53216552734,274.0899963378906
0.0,0.0,0.0,100234.53216552734,274.10009765625
0.0,0.0,0.0,100234.53216552734,274.239990234375
0.0,0.0,0.0,100234.53216552734,274.260009765625
0.0,0.0,0.0,100234.53216552734,274.17999267578125
0.0,0.0,0.0,100234.53216552734,274.0950012207031
0.0,0.0,0.0,100234.53216552734,274.0199890136719
0.0,0.0,0.0,100234.53216552734,273.8699951171875
27.0,273.8699951171875,-7394.4898681640625,92840.04229736328,274.0249938964844
52.0,273.9445137610802,-6850.624847412109,85989.41744995117,274.2200012207031
75.0,274.02899658203125,-6307.060028076172,79682.357421875,274.1300048828125
96.0,274.05109214782715,-5756.7301025390625,73925.62731933594,273.9649963378906
116.0,274.0362480426657,-5479.2999267578125,68446.32739257812,273.9800109863281
134.0,274.02869381121735,-4931.640197753906,63514.68719482422,273.9801025390625
151.0,274.0232232706436,-4657.6617431640625,58857.025451660156,273.81500244140625
167.0,274.0032739696388,-4381.0400390625,54475.985412597656,273.6492919921875
181.0,273.9758941481785,-3831.090087890625,50644.89532470703,273.44500732421875
194.0,273.94031925791313,-3554.7850952148438,47090.11022949219,273.30999755859375
206.0,273.90360148902073,-3279.719970703125,43810.39025878906,273.17999267578125
218.0,273.8637698112277,-3278.159912109375,40532.23034667969,273.0245056152344
229.0,273.8234558105468,-3003.269561767578,37528.96078491211,273.1600036621094
239.0,273.7956963064281,-2731.6000366210938,34797.360748291016,273.2799987792969
248.0,273.7769814768145,-2459.519989013672,32337.840759277344,273.2359924316406
256.0,273.76007556915283,-2185.887939453125,30151.95281982422,273.2200012207031
264.0,273.7437096798059,-2185.760009765625,27966.192810058594,273.1700134277344
271.0,273.72889095742767,-1912.1900939941406,26054.002716064453,273.3450012207031
278.0,273.71922466909285,-1913.4150085449219,24140.58770751953,273.3500061035156
284.0,273.7114242768624,-1640.1000366210938,22500.487670898438,273.2200012207031
290.0,273.70125690328666,-1639.3200073242188,20861.16766357422,273.2052001953125
295.0,273.6928491624735,-1366.0260009765625,19495.141662597656,273.19000244140625
300.0,273.68446838378907,-1365.9500122070312,18129.191650390625,273.1300048828125
304.0,273.6771728114078,-1092.52001953125,17036.671630859375,273.2099914550781
308.0,273.67110552106584,-1092.8399658203125,15943.831665039062,273.2250061035156
312.0,273.6653862977639,-1092.9000244140625,14850.931640625,273.29998779296875
316.0,273.66076100023486,-1093.199951171875,13757.731689453125,273.3699951171875
319.0,273.6580265248457,-820.1099853515625,12937.621704101562,273.4049987792969
322.0,273.65566912348964,-820.2149963378906,12117.406707763672,273.5400085449219
161.0,273.65566912348964,44039.94137573242,56157.348083496094,273.385009765625
80.0,273.65566912348964,22144.185791015625,78301.53387451172,273.5400085449219
40.0,273.65566912348964,10941.600341796875,89243.1342163086,273.4599914550781
20.0,273.65566912348964,5469.1998291015625,94712.33404541016,273.4800109863281
10.0,273.65566912348964,2734.8001098632812,97447.13415527344,273.4150085449219
5.0,273.65566912348964,1367.0750427246094,98814.20919799805,273.29998779296875
2.0,273.65566912348964,819.8999633789062,99634.10916137695,273.3883972167969
1.0,273.65566912348964,273.3883972167969,99907.49755859375,273.5
0.0,0.0,273.5,100180.99755859375,273.5025939941406
0.0,0.0,0.0,100180.99755859375,273.5799865722656
0.0,0.0,0.0,100180.99755859375,273.5249938964844
0.0,0.0,0.0,100180.99755859375,273.6099853515625
0.0,0.0,0.0,100180.99755859375,273.5199890136719
0.0,0.0,0.0,100180.99755859375,273.4150085449219
0.0,0.0,0.0,100180.99755859375,273.6300048828125
0.0,0.0,0.0,100180.99755859375,273.67999267578125
0.0,0.0,0.0,100180.99755859375,273.6611022949219
0.0,0.0,0.0,100180.99755859375,273.81500244140625
0.0,0.0,0.0,100180.99755859375,273.69000244140625
0.0,0.0,0.0,100180.99755859375,273.7850036621094
0.0,0.0,0.0,100180.99755859375,273.7900085449219
0.0,0.0,0.0,100180.99755859375,273.82000732421875
0.0,0.0,0.0,100180.99755859375,273.7550048828125
0.0,0.0,0.0,100180.99755859375,273.8399963378906
0.0,0.0,0.0,100180.99755859375,273.8110046386719
0.0,0.0,0.0,100180.99755859375,273.7300109863281
0.0,0.0,0.0,100180.99755859375,273.7099914550781
0.0,0.0,0.0,100180.99755859375,273.6700134277344
0.0,0.0,0.0,100180.99755859375,273.739990234375
0.0,0.0,0.0,100180.99755859375,273.7900085449219
0.0,0.0,0.0,100180.99755859375,273.8699951171875
0.0,0.0,0.0,100180.99755859375,273.864990234375
0.0,0.0,0.0,100180.99755859375,273.8550109863281
0.0,0.0,0.0,100180.99755859375,273.6300048828125
0.0,0.0,0.0,100180.99755859375,273.6099853515625
0.0,0.0,0.0,100180.99755859375,273.6300048828125
0.0,0.0,0.0,100180.99755859375,273.6199951171875
27.0,273.6199951171875,-7387.7398681640625,92793.25769042969,273.6600036621094
52.0,273.6392299945538,-6841.500091552734,85951.75759887695,273.8699951171875
75.0,273.7099979654948,-6299.0098876953125,79652.74771118164,273.739990234375
96.0,273.7165587743123,-5748.539794921875,73904.20791625977,273.92999267578125
48.0,273.7165587743123,13148.6396484375,87052.84756469727,273.9049987792969
24.0,273.7165587743123,6573.719970703125,93626.56753540039,274.0
12.0,273.7165587743123,3288.0,96914.56753540039,274.0
6.0,273.7165587743123,1644.0,98558.56753540039,274.0950012207031
3.0,273.7165587743123,822.2850036621094,99380.8525390625,274.07000732421875
1.0,273.7165587743123,548.1400146484375,99928.99255371094,274.1650085449219
0.0,0.0,274.1650085449219,100203.15756225586,274.32501220703125
0.0,0.0,0.0,100203.15756225586,274.39990234375
0.0,0.0,0.0,100203.15756225586,274.3399963378906
0.0,0.0,0.0,100203.15756225586,274.239990234375
0.0,0.0,0.0,100203.15756225586,274.260009765625
0.0,0.0,0.0,100203.15756225586,274.3351135253906
0.0,0.0,0.0,100203.15756225586,274.2589111328125
0.0,0.0,0.0,100203.15756225586,274.2699890136719
0.0,0.0,0.0,100203.15756225586,274.260009765625
0.0,0.0,0.0,100203.15756225586,274.289306640625
0.0,0.0,0.0,100203.15756225586,274.2900085449219
0.0,0.0,0.0,100203.15756225586,274.33990478515625
0.0,0.0,0.0,100203.15756225586,274.3399963378906
0.0,0.0,0.0,100203.15756225586,274.2416076660156
0.0,0.0,0.0,100203.15756225586,274.1300048828125
0.0,0.0,0.0,100203.15756225586,274.125
0.0,0.0,0.0,100203.15756225586,274.1650085449219
0.0,0.0,0.0,100203.15756225586,274.2149963378906
27.0,274.2149963378906,-7403.804901123047,92799.35266113281,274.260009765625
52.0,274.23663740891675,-6856.500244140625,85942.85241699219,274.19500732421875
75.0,274.2238708496094,-6306.485168457031,79636.36724853516,274.2749938964844
96.0,274.2350540161133,-5759.774871826172,73876.59237670898,274.239990234375
116.0,274.23590508822736,-5484.7998046875,68391.79257202148,274.239990234375
134.0,274.2364538392024,-4936.31982421875,63455.472747802734,274.1600036621094
151.0,274.2278468656224,-4660.720062255859,58794.752685546875,274.239990234375
167.0,274.22901030214956,-4387.83984375,54406.912841796875,274.0299987792969
181.0,274.2136171456858,-3836.4199829101562,50570.49285888672,274.1300048828125
194.0,274.20801426209124,-3563.6900634765625,47006.802795410156,274.1300048828125
206.0,274.2034700264051,-3289.56005859375,43717.242736816406,274.0299987792969
217.0,274.1946765530494,-3014.3299865722656,40702.91275024414,274.07501220703125
228.0,274.1889032731977,-3014.8251342773438,37688.0876159668,274.07000732421875
238.0,274.18390764508933,-2740.7000732421875,34947.38754272461,274.0050048828125
247.0,274.1773889209578,-2466.0450439453125,32481.342498779297,274.0199890136719
255.0,274.1724508846508,-2192.159912109375,30289.182586669922,274.0299987792969
263.0,274.1681177407617,-2192.239990234375,28096.942596435547,274.2300109863281
270.0,274.16972238046156,-1919.6100769042969,26177.33251953125,274.20001220703125
277.0,274.1704878273424,-1919.4000854492188,24257.93243408203,274.31500244140625
283.0,274.1735517414215,-1645.8900146484375,22612.042419433594,274.24200439453125
141.0,274.1735517414215,38942.36462402344,61554.40704345703,274.2149963378906
70.0,274.1735517414215,19469.264739990234,81023.67178344727,274.125
35.0,274.1735517414215,9594.375,90618.04678344727,274.20001220703125
17.0,274.1735517414215,4935.6002197265625,95553.64700317383,274.3800048828125
8.0,274.1735517414215,2469.4200439453125,98023.06704711914,274.4002990722656
4.0,274.1735517414215,1097.6011962890625,99120.6682434082,274.6199951171875
2.0,274.1735517414215,549.239990234375,99669.90823364258,274.44378662109375
1.0,274.1735517414215,274.44378662109375,99944.35202026367,274.5199890136719
0.0,0.0,274.5199890136719,100218.87200927734,274.44500732421875
0.0,0.0,0.0,100218.87200927734,274.3500061035156
0.0,0.0,0.0,100218.87200927734,274.42999267578125
0.0,0.0,0.0,100218.87200927734,274.42498779296875
0.0,0.0,0.0,100218.87200927734,274.3550109863281
0.0,0.0,0.0,100218.87200927734,274.3800048828125
0.0,0.0,0.0,100218.87200927734,274.29998779296875
0.0,0.0,0.0,100218.87200927734,274.235595703125
0.0,0.0,0.0,100218.87200927734,274.2699890136719
0.0,0.0,0.0,100218.87200927734,274.260009765625
27.0,274.260009765625,-7405.020263671875,92813.85174560547,274.29998779296875
52.0,274.27922997107873,-6857.499694824219,85956.35205078125,274.364990234375
75.0,274.30552978515624,-6310.394775390625,79645.95727539062,274.3699951171875
96.0,274.3196315765381,-5761.7698974609375,73884.18737792969,274.5400085449219
48.0,274.3196315765381,13177.92041015625,87062.10778808594,274.5050048828125
24.0,274.3196315765381,6588.1201171875,93650.22790527344,274.4800109863281
12.0,274.3196315765381,3293.7601318359375,96943.98803710938,274.5
6.0,274.3196315765381,1647.0,98590.98803710938,274.3999938964844
3.0,274.3196315765381,823.1999816894531,99414.18801879883,274.35198974609375
1.0,274.3196315765381,548.7039794921875,99962.89199829102,274.5199890136719
0.0,0.0,274.5199890136719,100237.41198730469,274.4599914550781
0.0,0.0,0.0,100237.41198730469,274.5299987792969
0.0,0.0,0.0,100237.41198730469,274.60101318359375
0.0,0.0,0.0,100237.41198730469,274.6755065917969
0.0,0.0,0.0,100237.41198730469,274.69000244140625
0.0,0.0,0.0,100237.41198730469,274.5950012207031
0.0,0.0,0.0,100237.41198730469,274.4800109863281
0.0,0.0,0.0,100237.41198730469,274.57501220703125
0.0,0.0,0.0,100237.41198730469,274.66400146484375
0.0,0.0,0.0,100237.41198730469,274.5899963378906
0.0,0.0,0.0,100237.41198730469,274.68548583984375
0.0,0.0,0.0,100237.41198730469,274.6099853515625
0.0,0.0,0.0,100237.41198730469,274.6300048828125
0.0,0.0,0.0,100237.41198730469,274.6300048828125
0.0,0.0,0.0,100237.41198730469,274.6099853515625
0.0,0.0,0.0,100237.41198730469,274.54998779296875
0.0,0.0,0.0,100237.41198730469,274.4750061035156
0.0,0.0,0.0,100237.41198730469,274.5
27.0,274.5,-7411.5,92825.91198730469,274.45001220703125
52.0,274.47596740722656,-6861.250305175781,85964.6616821289,274.42999267578125
75.0,274.4618684895833,-6311.889831542969,79652.77185058594,274.5899963378906
96.0,274.4898964564006,-5766.389923095703,73886.38192749023,274.67999267578125
116.0,274.5226716666386,-5493.599853515625,68392.78207397461,274.7699890136719
58.0,274.5226716666386,15936.659362792969,84329.44143676758,274.7300109863281
29.0,274.5226716666386,7967.170318603516,92296.6117553711,274.739990234375
14.0,274.5226716666386,4121.099853515625,96417.71160888672,274.739990234375
7.0,274.5226716666386,1923.179931640625,98340.89154052734,274.8299865722656
3.0,274.5226716666386,1099.3199462890625,99440.2114868164,274.8299865722656
1.0,274.5226716666386,549.6599731445312,99989.87145996094,274.9100036621094
0.0,0.0,274.9100036621094,100264.78146362305,274.7900085449219
0.0,0.0,0.0,100264.78146362305,274.81500244140625
0.0,0.0,0.0,100264.78146362305,274.6700134277344
0.0,0.0,0.0,100264.78146362305,274.5213928222656
0.0,0.0,0.0,100264.78146362305,274.5950012207031
0.0,0.0,0.0,100264.78146362305,274.5
27.0,274.5,-7411.5,92853.28146362305,274.5050048828125
52.0,274.50240619365985,-6862.6251220703125,85990.65634155273,274.54998779296875
75.0,274.5169978841146,-6314.649719238281,79676.00662231445,274.6000061035156
96.0,274.5351559321086,-5766.600128173828,73909.40649414062,274.5950012207031
116.0,274.54547408531454,-5491.9000244140625,68417.50646972656,274.29998779296875
134.0,274.5124983147009,-4937.3997802734375,63480.106689453125,274.3999938964844
151.0,274.4998322543719,-4664.799896240234,58815.30679321289,274.4100036621094
167.0,274.49122592217907,-4390.56005859375,54424.74673461914,274.43499755859375
181.0,274.4868767669846,-3842.0899658203125,50582.65676879883,274.3446044921875
194.0,274.4773430578487,-3566.4798583984375,47016.17691040039,274.3290100097656
206.0,274.4687022977662,-3291.9481201171875,43724.2287902832,274.2799987792969
217.0,274.45913668162257,-3017.0799865722656,40707.14880371094,274.2449951171875
228.0,274.44880529035595,-3016.6949462890625,37690.453857421875,274.31500244140625
238.0,274.44318332191267,-2743.1500244140625,34947.30383300781,274.2699890136719
247.0,274.43687259813055,-2468.429901123047,32478.873931884766,274.30499267578125
255.0,274.432735188802,-2194.43994140625,30284.433990478516,274.31988525390625
263.0,274.42930249116256,-2194.55908203125,28089.874908447266,274.25531005859375
270.0,274.4247915762441,-1919.7871704101562,26170.08773803711,274.2699890136719
277.0,274.4208795981286,-1919.8899230957031,24250.197814941406,274.2550048828125
283.0,274.41736281971197,-1645.530029296875,22604.66778564453,274.2900085449219
289.0,274.4147187863253,-1645.7400512695312,20958.927734375,274.2300109863281
294.0,274.4115774972097,-1371.1500549316406,19587.77767944336,274.239990234375
299.0,274.40870814498834,-1371.199951171875,18216.577728271484,273.8999938964844
303.0,274.4019924453381,-1095.5999755859375,17120.977752685547,273.9200134277344
307.0,274.39571258843125,-1095.6800537109375,16025.29769897461,274.1099853515625
311.0,274.3920376400471,-1096.43994140625,14928.85775756836,273.9949951171875
315.0,274.386995830233,-1095.97998046875,13832.87777709961,273.94000244140625
318.0,274.3827789114705,-821.8200073242188,13011.05776977539,273.8699951171875
321.0,274.3779865395613,-821.6099853515625,12189.447784423828,273.760009765625
324.0,274.3722645323952,-821.280029296875,11368.167755126953,273.82000732421875
327.0,274.3671979525037,-821.4600219726562,10546.707733154297,273.7049865722656
329.0,274.3631723514081,-547.4099731445312,9999.297760009766,273.6650085449219
331.0,274.3589538389822,-547.3300170898438,9451.967742919922,273.54998779296875
333.0,274.3540951840512,-547.0999755859375,8904.867767333984,273.5199890136719
335.0,274.3491154457206,-547.0399780273438,8357.82778930664,273.4549865722656
337.0,274.3438090429108,-546.9099731445312,7810.917816162109,273.43499755859375
339.0,274.3384473232393,-546.8699951171875,7264.047821044922,273.2900085449219
340.0,274.33536367977365,-273.2900085449219,6990.7578125,273.3500061035156
341.0,274.3324740681131,-273.3500061035156,6717.407806396484,273.44061279296875
342.0,274.32986628660683,-273.44061279296875,6443.967193603516,273.55999755859375
343.0,274.3276217713648,-273.55999755859375,6170.407196044922,273.5799865722656
344.0,274.32544841322795,-273.5799865722656,5896.827209472656,273.5350036621094
345.0,274.3231572690218,-273.5350036621094,5623.292205810547,273.5899963378906
346.0,274.3210383067931,-273.5899963378906,5349.702209472656,273.4750061035156
347.0,274.31860017364244,-273.4750061035156,5076.227203369141,273.6099853515625
348.0,274.3165639241537,-273.6099853515625,4802.617218017578,273.6449890136719
349.0,274.31463964074254,-273.6449890136719,4528.972229003906,273.5450134277344
350.0,274.31244070870537,-273.5450134277344,4255.427215576172,273.6000061035156
351.0,274.31041098048547,-273.6000061035156,3981.8272094726562,273.7025146484375
352.0,274.30868400226944,-273.7025146484375,3708.1246948242188,273.5899963378906
176.0,274.30868400226944,48151.83935546875,51859.96405029297,273.7449951171875
88.0,274.30868400226944,24089.5595703125,75949.52362060547,273.7799987792969
44.0,274.30868400226944,12046.319946289062,87995.84356689453,273.69000244140625
22.0,274.30868400226944,6021.1800537109375,94017.02362060547,273.8550109863281
11.0,274.30868400226944,3012.4051208496094,97029.42874145508,273.8901062011719
5.0,274.30868400226944,1643.3406372070312,98672.76937866211,273.80499267578125
2.0,274.30868400226944,821.4149780273438,99494.18435668945,273.7049865722656
1.0,274.30868400226944,273.7049865722656,99767.88934326172,273.510009765625
0.0,0.0,273.510009765625,100041.39935302734,273.6700134277344
0.0,0.0,0.0,100041.39935302734,273.7099914550781
0.0,0.0,0.0,100041.39935302734,273.75
0.0,0.0,0.0,100041.39935302734,273.75
0.0,0.0,0.0,100041.39935302734,273.7200012207031
0.0,0.0,0.0,100041.39935302734,273.8299865722656
0.0,0.0,0.0,100041.39935302734,273.8900146484375
0.0,0.0,0.0,100041.39935302734,273.8450012207031
0.0,0.0,0.0,100041.39935302734,273.75
0.0,0.0,0.0,100041.39935302734,273.67999267578125
0.0,0.0,0.0,100041.39935302734,273.69000244140625
0.0,0.0,0.0,100041.39935302734,273.79998779296875
0.0,0.0,0.0,100041.39935302734,273.8299865722656
0.0,0.0,0.0,100041.39935302734,273.80499267578125
0.0,0.0,0.0,100041.39935302734,273.82501220703125
0.0,0.0,0.0,100041.39935302734,274.04998779296875
0.0,0.0,0.0,100041.39935302734,274.0801086425781
0.0,0.0,0.0,100041.39935302734,274.1300048828125
0.0,0.0,0.0,100041.39935302734,274.05999755859375
0.0,0.0,0.0,100041.39935302734,273.92498779296875
0.0,0.0,0.0,100041.39935302734,274.05999755859375
0.0,0.0,0.0,100041.39935302734,274.04998779296875
0.0,0.0,0.0,100041.39935302734,273.9750061035156
0.0,0.0,0.0,100041.39935302734,273.9700927734375
0.0,0.0,0.0,100041.39935302734,274.135009765625
0.0,0.0,0.0,100041.39935302734,274.20001220703125
0.0,0.0,0.0,100041.39935302734,274.239990234375
0.0,0.0,0.0,100041.39935302734,274.2349853515625
0.0,0.0,0.0,100041.39935302734,274.25
0.0,0.0,0.0,100041.39935302734,274.4949951171875
0.0,0.0,0.0,100041.39935302734,274.5950012207031
0.0,0.0,0.0,100041.39935302734,274.6600036621094
0.0,0.0,0.0,100041.39935302734,274.55999755859375
0.0,0.0,0.0,100041.39935302734,274.5801086425781
0.0,0.0,0.0,100041.39935302734,274.4750061035156
0.0,0.0,0.0,100041.39935302734,274.260009765625
0.0,0.0,0.0,100041.39935302734,274.2200012207031
0.0,0.0,0.0,100041.39935302734,274.17999267578125
0.0,0.0,0.0,100041.39935302734,274.17999267578125
0.0,0.0,0.0,100041.39935302734,274.7200012207031
0.0,0.0,0.0,100041.39935302734,275.32989501953125
0.0,0.0,0.0,100041.39935302734,274.8800048828125
0.0,0.0,0.0,100041.39935302734,274.4599914550781
0.0,0.0,0.0,100041.39935302734,274.7550048828125
0.0,0.0,0.0,100041.39935302734,273.9599914550781
0.0,0.0,0.0,100041.39935302734,273.2409973144531
27.0,273.2409973144531,-7377.506927490234,92663.89242553711,273.6000061035156
52.0,273.4135976938101,-6840.000152587891,85823.89227294922,273.75799560546875
75.0,273.51921305338544,-6296.433898925781,79527.45837402344,273.89990234375
96.0,273.6024888356527,-5751.89794921875,73775.56042480469,273.8599853515625
116.0,273.64688478667165,-5477.19970703125,68298.36071777344,274.1449890136719
134.0,273.7137943097015,-4934.609802246094,63363.750915527344,274.1300048828125
151.0,273.76065245369415,-4660.2100830078125,58703.54083251953,274.44000244140625
167.0,273.8257398776666,-4391.0400390625,54312.50079345703,274.510009765625
181.0,273.8786668303263,-3843.14013671875,50469.36065673828,274.5400085449219
90.0,273.8786668303263,24983.14077758789,75452.50143432617,274.3399963378906
45.0,273.8786668303263,12345.299835205078,87797.80126953125,274.05999755859375
22.0,273.8786668303263,6303.379943847656,94101.1812133789,274.3949890136719
11.0,273.8786668303263,3018.3448791503906,97119.5260925293,274.6499938964844
5.0,273.8786668303263,1647.8999633789062,98767.4260559082,274.4800109863281
2.0,273.8786668303263,823.4400329589844,99590.86608886719,273.9200134277344
1.0,273.8786668303263,273.9200134277344,99864.78610229492,274.4700927734375
0.0,0.0,274.4700927734375,100139.25619506836,273.8999938964844
0.0,0.0,0.0,100139.25619506836,273.9436950683594
27.0,273.9436950683594,-7396.479766845703,92742.77642822266,273.73040771484375
52.0,273.84115307147687,-6843.260192871094,85899.51623535156,273.6300964355469
75.0,273.77642903645835,-6293.492218017578,79606.02401733398,273.5799865722656
96.0,273.7334572474162,-5745.179718017578,73860.8442993164,273.9150085449219
116.0,273.764759195262,-5478.3001708984375,68382.54412841797,273.875
134.0,273.77956766157007,-4929.75,63452.79412841797,273.760009765625
151.0,273.77736577924514,-4653.920166015625,58798.873962402344,273.4599914550781
167.0,273.74695865836685,-4375.35986328125,54423.514099121094,274.1000061035156
181.0,273.7742661955607,-3837.4000854492188,50586.114013671875,273.5450134277344
194.0,273.75890389668575,-3556.085174560547,47030.02883911133,273.7250061035156
206.0,273.7569292679574,-3284.7000732421875,43745.32876586914,273.69000244140625
217.0,273.7535366638465,-3010.5900268554688,40734.73873901367,273.7850036621094
228.0,273.7550548084995,-3011.635040283203,37723.10369873047,273.5799865722656
238.0,273.7476990002544,-2735.7998657226562,34987.30383300781,273.5199890136719
247.0,273.7394018752372,-2461.679901123047,32525.623931884766,273.28509521484375
255.0,273.7251491172641,-2186.28076171875,30339.343170166016,273.489990234375
263.0,273.7179959953511,-2187.919921875,28151.423248291016,273.69000244140625
270.0,273.71727023654506,-1915.8300170898438,26235.593231201172,272.8399963378906
277.0,273.6951008600448,-1909.8799743652344,24325.713256835938,272.7749938964844
283.0,273.6755932919128,-1636.6499633789062,22689.06329345703,272.5599060058594
289.0,273.65243023407083,-1635.3594360351562,21053.703857421875,272.1900939941406
294.0,273.62756057012643,-1360.9504699707031,19692.753387451172,271.8876953125
299.0,273.59846583337685,-1359.4384765625,18333.314910888672,272.2099914550781
304.0,273.57562908373376,-1361.0499572753906,16972.26495361328,272.45001220703125
308.0,273.5610106827376,-1089.800048828125,15882.464904785156,272.2950134277344
312.0,273.5447799486991,-1089.1800537109375,14793.284851074219,272.1499938964844
316.0,273.52712442905084,-1088.5999755859375,13704.684875488281,271.7300109863281
319.0,273.510223675671,-815.1900329589844,12889.494842529297,271.5450134277344
322.0,273.49191426342315,-814.6350402832031,12074.859802246094,271.45001220703125
325.0,273.47306593674875,-814.3500366210938,11260.509765625,271.010009765625
328.0,273.45053798396407,-813.030029296875,10447.479736328125,271.1929931640625
330.0,273.4368558941465,-542.385986328125,9905.09375,271.6400146484375
332.0,273.4260315492928,-543.280029296875,9361.813720703125,271.5174865722656
334.0,273.41460313625674,-543.0349731445312,8818.778747558594,271.7550048828125
336.0,273.40472457522435,-543.510009765625,8275.268737792969,272.0
338.0,273.39641259548927,-544.0,7731.268737792969,271.7950134277344
340.0,273.3869926003848,-543.5900268554688,7187.6787109375,271.82000732421875
341.0,273.3823973356453,-271.82000732421875,6915.858703613281,271.6099853515625
342.0,273.37721484446377,-271.6099853515625,6644.248718261719,271.3500061035156
343.0,273.37130461489835,-271.3500061035156,6372.898712158203,271.19000244140625
344.0,273.36496362020796,-271.19000244140625,6101.708709716797,271.44500732421875
345.0,273.3593985294949,-271.44500732421875,5830.263702392578,271.3999938964844
346.0,273.3537355103243,-271.3999938964844,5558.863708496094,271.3599853515625
347.0,273.3479898326334,-271.3599853515625,5287.503723144531,271.6300048828125
348.0,273.34305309427185,-271.6300048828125,5015.873718261719,271.375
349.0,273.33741397365793,-271.375,4744.498718261719,271.19000244140625
350.0,273.3312785121372,-271.19000244140625,4473.3087158203125,271.1000061035156
351.0,273.32492161068814,-271.1000061035156,4202.208709716797,271.4599914550781
352.0,273.31962351365513,-271.4599914550781,3930.7487182617188,271.6199951171875
353.0,273.3148087023337,-271.6199951171875,3659.1287231445312,271.42999267578125
354.0,273.30948436327566,-271.42999267578125,3387.69873046875,271.5400085449219
354.0,273.30948436327566,0.0,3387.69873046875,271.20001220703125
354.0,273.30948436327566,0.0,3387.69873046875,271.32501220703125
354.0,273.30948436327566,0.0,3387.69873046875,271.44000244140625
354.0,273.30948436327566,0.0,3387.69873046875,271.3399963378906
354.0,273.30948436327566,0.0,3387.69873046875,271.17999267578125
354.0,273.30948436327566,0.0,3387.69873046875,271.0199890136719
354.0,273.30948436327566,0.0,3387.69873046875,271.3349914550781
354.0,273.30948436327566,0.0,3387.69873046875,271.0899963378906
354.0,273.30948436327566,0.0,3387.69873046875,271.1000061035156
354.0,273.30948436327566,0.0,3387.69873046875,271.0400085449219
354.0,273.30948436327566,0.0,3387.69873046875,270.9150085449219
354.0,273.30948436327566,0.0,3387.69873046875,271.1199951171875
354.0,273.30948436327566,0.0,3387.69873046875,271.07501220703125
354.0,273.30948436327566,0.0,3387.69873046875,270.9700012207031
354.0,273.30948436327566,0.0,3387.69873046875,271.1499938964844
354.0,273.30948436327566,0.0,3387.69873046875,270.8800048828125
354.0,273.30948436327566,0.0,3387.69873046875,271.1499938964844
354.0,273.30948436327566,0.0,3387.69873046875,271.43499755859375
354.0,273.30948436327566,0.0,3387.69873046875,271.6409912109375
177.0,273.30948436327566,48080.45544433594,51468.15417480469,271.82000732421875
88.0,273.30948436327566,24191.98065185547,75660.13482666016,271.69000244140625
44.0,273.30948436327566,11954.360107421875,87614.49493408203,271.8688049316406
22.0,273.30948436327566,5981.113708496094,93595.60864257812,271.8009948730469
11.0,273.30948436327566,2989.8109436035156,96585.41958618164,271.79620361328125
5.0,273.30948436327566,1630.7772216796875,98216.19680786133,271.6499938964844
2.0,273.30948436327566,814.9499816894531,99031.14678955078,271.8450012207031
1.0,273.30948436327566,271.8450012207031,99302.99179077148,271.9800109863281
0.0,0.0,271.9800109863281,99574.97180175781,271.8949890136719
0.0,0.0,0.0,99574.97180175781,272.1600036621094
0.0,0.0,0.0,99574.97180175781,272.4100036621094
0.0,0.0,0.0,99574.97180175781,272.364990234375
0.0,0.0,0.0,99574.97180175781,272.1449890136719
0.0,0.0,0.0,99574.97180175781,272.0888977050781
0.0,0.0,0.0,99574.97180175781,272.1199951171875
0.0,0.0,0.0,99574.97180175781,272.0899963378906
0.0,0.0,0.0,99574.97180175781,272.3999938964844
0.0,0.0,0.0,99574.97180175781,272.4700012207031
0.0,0.0,0.0,99574.97180175781,272.2850036621094
0.0,0.0,0.0,99574.97180175781,272.2950134277344
0.0,0.0,0.0,99574.97180175781,272.54998779296875
0.0,0.0,0.0,99574.97180175781,272.43499755859375
0.0,0.0,0.0,99574.97180175781,272.5799865722656
0.0,0.0,0.0,99574.97180175781,272.6700134277344
0.0,0.0,0.0,99574.97180175781,272.5400085449219
0.0,0.0,0.0,99574.97180175781,272.56439208984375
0.0,0.0,0.0,99574.97180175781,272.6300048828125
0.0,0.0,0.0,99574.97180175781,272.5799865722656
0.0,0.0,0.0,99574.97180175781,272.4125061035156
0.0,0.0,0.0,99574.97180175781,272.6189880371094
0.0,0.0,0.0,99574.97180175781,272.42498779296875
0.0,0.0,0.0,99574.97180175781,272.0599060058594
0.0,0.0,0.0,99574.97180175781,271.9849853515625
27.0,271.9849853515625,-7343.5946044921875,92231.37719726562,271.8399963378906
52.0,271.9152790949895,-6795.999908447266,85435.37728881836,271.7449951171875
75.0,271.8630586751302,-6250.1348876953125,79185.24240112305,271.760009765625
96.0,271.84051672617596,-5706.960205078125,73478.28219604492,271.9100036621094
116.0,271.8524972323714,-5438.2000732421875,68040.08212280273,272.0849914550781
134.0,271.88372779960065,-4897.529846191406,63142.55227661133,271.9700012207031
151.0,271.89344070131415,-4623.490020751953,58519.062255859375,272.0801086425781
167.0,271.9113250549682,-4353.28173828125,54165.780517578125,271.94500732421875
181.0,271.91393031336327,-3807.2301025390625,50358.55041503906,272.0299987792969
194.0,271.92170809716293,-3536.3899841308594,46822.1604309082,272.1000061035156
206.0,271.9320943887951,-3265.2000732421875,43556.960357666016,272.1549987792969
218.0,271.9443643552448,-3265.8599853515625,40291.10037231445,272.30499267578125
229.0,271.9616871129998,-2995.3549194335938,37295.74545288086,272.1700134277344
239.0,271.9704036952063,-2721.7001342773438,34574.045318603516,272.0299987792969
248.0,271.97256642003214,-2448.269989013672,32125.775329589844,271.8800048828125
256.0,271.969673871994,-2175.0400390625,29950.735290527344,271.7850036621094
264.0,271.96407780502784,-2174.280029296875,27776.45526123047,271.7300109863281
271.0,271.9580317986407,-1902.1100769042969,25874.345184326172,271.6449890136719
278.0,271.95014942635737,-1901.5149230957031,23972.83026123047,271.6650085449219
284.0,271.94412532322843,-1629.9900512695312,22342.840209960938,271.70001220703125
290.0,271.93907470703124,-1630.2000732421875,20712.64013671875,271.7799987792969
295.0,271.93637850486624,-1358.8999938964844,19353.740142822266,271.93499755859375
300.0,271.93635548909504,-1359.6749877929688,17994.065155029297,271.8900146484375
304.0,271.9357457411917,-1087.56005859375,16906.505096435547,271.7300109863281
308.0,271.9330738612584,-1086.9200439453125,15819.585052490234,271.75
312.0,271.930726760473,-1087.0,14732.585052490234,271.7701110839844
316.0,271.92869365064405,-1087.0804443359375,13645.504608154297,272.04998779296875
319.0,271.9298343479073,-816.1499633789062,12829.35464477539,272.0849914550781
322.0,271.93127991101755,-816.2549743652344,12013.099670410156,272.0
161.0,271.93127991101755,43792.0,55805.099670410156,272.1000061035156
80.0,271.93127991101755,22040.100494384766,77845.20016479492,272.0899963378906
40.0,271.93127991101755,10883.599853515625,88728.80001831055,272.0150146484375
20.0,271.93127991101755,5440.30029296875,94169.1003112793,272.1300048828125
10.0,271.93127991101755,2721.300048828125,96890.40036010742,271.989990234375
5.0,271.93127991101755,1359.949951171875,98250.3503112793,272.0101013183594
2.0,271.93127991101755,816.0303039550781,99066.38061523438,271.9104919433594
1.0,271.93127991101755,271.9104919433594,99338.29110717773,271.80999755859375
0.0,0.0,271.80999755859375,99610.10110473633,271.6846008300781
27.0,271.6846008300781,-7335.484222412109,92274.61688232422,271.7300109863281
52.0,271.70643263596753,-6793.250274658203,85481.36660766602,271.6600036621094
75.0,271.6921944173177,-6248.180084228516,79233.1865234375,271.7300109863281
96.0,271.70046679178876,-5706.330230712891,73526.85629272461,271.7650146484375
116.0,271.71159573259024,-5435.30029296875,68091.55599975586,271.8550109863281
134.0,271.73086046816695,-4893.390197753906,63198.16580200195,271.81500244140625
151.0,271.74033340555155,-4620.855041503906,58577.31076049805,271.7799987792969
167.0,271.74413368088045,-4348.47998046875,54228.8307800293,271.75
181.0,271.74458742932063,-3804.5,50424.3307800293,271.8399963378906
194.0,271.7509808097918,-3533.919952392578,46890.41082763672,271.70001220703125
206.0,271.74801176497084,-3260.400146484375,43630.010681152344,271.6400146484375
218.0,271.7420669695653,-3259.68017578125,40370.330505371094,271.71990966796875
229.0,271.7410026450345,-2988.9190063476562,37381.41149902344,271.5799865722656
239.0,271.73426557086003,-2715.7998657226562,34665.61163330078,271.760009765625
248.0,271.7351998359926,-2445.840087890625,32219.771545410156,271.63739013671875
256.0,271.7321432828903,-2173.09912109375,30046.672424316406,271.6400146484375
264.0,271.72935150608873,-2173.1201171875,27873.552307128906,271.8550109863281
271.0,271.7325973229215,-1902.9850769042969,25970.56723022461,271.9100036621094
278.0,271.73706438901615,-1903.3700256347656,24067.197204589844,271.7900085449219
284.0,271.73818292752117,-1630.7400512695312,22436.457153320312,271.6700134277344
142.0,271.73818292752117,38577.14190673828,61013.599060058594,271.4599914550781
158.0,271.71001163917254,-4343.35986328125,56670.239196777344,271.3268127441406
173.0,271.676786301453,-4069.9021911621094,52600.337005615234,271.3299865722656
187.0,271.6508226853641,-3798.6198120117188,48801.717193603516,271.44000244140625
200.0,271.6371193695069,-3528.7200317382812,45272.997161865234,271.45001220703125
212.0,271.626528398046,-3257.400146484375,42015.59701538086,271.55999755859375
223.0,271.6232466077591,-2987.1599731445312,39028.43704223633,271.5199890136719
233.0,271.6188149513605,-2715.1998901367188,36313.23715209961,271.5603942871094
243.0,271.6164108087987,-2715.6039428710938,33597.633209228516,271.4570007324219
252.0,271.61071759178526,-2443.113006591797,31154.52020263672,271.2590026855469
260.0,271.5998955946702,-2170.072021484375,28984.448181152344,271.3299865722656
268.0,271.5918386089268,-2170.639892578125,26813.80828857422,271.2911071777344
275.0,271.5841836270419,-1899.0377502441406,24914.770538330078,271.32000732421875
281.0,271.5785428518927,-1627.9200439453125,23286.850494384766,271.114013671875
287.0,271.5688314404637,-1626.68408203125,21660.166412353516,271.0329895019531
292.0,271.5596560648043,-1355.1649475097656,20305.00146484375,271.0899963378906
297.0,271.55174933539496,-1355.4499816894531,18949.551483154297,271.1440124511719
302.0,271.544998724729,-1355.7200622558594,17593.831420898438,271.1600036621094
306.0,271.5399661095314,-1084.6400146484375,16509.19140625,271.0299987792969
310.0,271.5333858859155,-1084.1199951171875,15425.071411132812,270.9800109863281
314.0,271.5263365241373,-1083.9200439453125,14341.1513671875,271.07501220703125
317.0,271.52206531608897,-813.2250366210938,13527.926330566406,271.14019775390625
320.0,271.51848530769354,-813.4205932617188,12714.505737304688,271.1400146484375
323.0,271.514970100332,-813.4200439453125,11901.085693359375,271.19000244140625
326.0,271.5119796004032,-813.5700073242188,11087.515686035156,271.2799987792969
329.0,271.509864273767,-813.8399963378906,10273.675689697266,271.20050048828125
331.0,271.507995006181,-542.4010009765625,9731.274688720703,271.1300048828125
333.0,271.5057247952298,-542.260009765625,9189.014678955078,270.9949951171875
335.0,271.5026756628236,-541.989990234375,8647.024688720703,271.1099853515625
337.0,271.5003451565253,-542.219970703125,8104.804718017578,271.0400085449219
339.0,271.49762930630936,-542.0800170898438,7562.724700927734,271.0050048828125
341.0,271.4947400135029,-542.010009765625,7020.714691162109,271.0
342.0,271.4932934052763,-271.0,6749.714691162109,271.19000244140625
343.0,271.4924091750609,-271.19000244140625,6478.524688720703,271.20001220703125
344.0,271.4915591838748,-271.20001220703125,6207.324676513672,271.3800048828125
172.0,271.4915591838748,46677.36083984375,52884.68551635742,271.2699890136719
86.0,271.4915591838748,23329.21905517578,76213.9045715332,271.29998779296875
43.0,271.4915591838748,11665.899475097656,87879.80404663086,271.2900085449219
21.0,271.4915591838748,5968.380187988281,93848.18423461914,271.4200134277344
10.0,271.4915591838748,2985.620147705078,96833.80438232422,271.42999267578125
5.0,271.4915591838748,1357.1499633789062,98190.95434570312,271.3301086425781
2.0,271.4915591838748,813.9903259277344,99004.94467163086,271.3409118652344
1.0,271.4915591838748,271.3409118652344,99276.2855834961,271.4200134277344
0.0,0.0,271.4200134277344,99547.70559692383,271.3399963378906
0.0,0.0,0.0,99547.70559692383,271.3699951171875
0.0,0.0,0.0,99547.70559692383,271.4649963378906
0.0,0.0,0.0,99547.70559692383,271.44000244140625
0.0,0.0,0.0,99547.70559692383,271.31201171875
0.0,0.0,0.0,99547.70559692383,271.5400085449219
0.0,0.0,0.0,99547.70559692383,271.5801086425781
0.0,0.0,0.0,99547.70559692383,271.760009765625
0.0,0.0,0.0,99547.70559692383,271.4200134277344
0.0,0.0,0.0,99547.70559692383,271.42999267578125
0.0,0.0,0.0,99547.70559692383,271.3900146484375
0.0,0.0,0.0,99547.70559692383,271.2250061035156
0.0,0.0,0.0,99547.70559692383,271.04998779296875
27.0,271.04998779296875,-7318.349670410156,92229.35592651367,270.989990234375
52.0,271.0211428128756,-6774.749755859375,85454.6061706543,271.1300048828125
75.0,271.05452718098957,-6235.9901123046875,79218.61605834961,271.5299987792969
96.0,271.1585365931193,-5702.129974365234,73516.48608398438,271.260009765625
116.0,271.17603196768925,-5425.2001953125,68091.28588867188,271.8299865722656
134.0,271.2638766160652,-4892.939758300781,63198.346130371094,271.7900085449219
67.0,271.2638766160652,18209.930572509766,81408.27670288086,271.57000732421875
33.0,271.2638766160652,9233.380249023438,90641.6569519043,271.67498779296875
16.0,271.2638766160652,4618.474792480469,95260.13174438477,271.57501220703125
8.0,271.2638766160652,2172.60009765625,97432.73184204102,271.6650085449219
4.0,271.2638766160652,1086.6600341796875,98519.3918762207,271.6300048828125
2.0,271.2638766160652,543.260009765625,99062.65188598633,271.8550109863281
1.0,271.2638766160652,271.8550109863281,99334.50689697266,271.75
0.0,0.0,271.75,99606.25689697266,272.0119934082031
0.0,0.0,0.0,99606.25689697266,271.9750061035156
0.0,0.0,0.0,99606.25689697266,271.7774963378906
0.0,0.0,0.0,99606.25689697266,271.80670166015625
0.0,0.0,0.0,99606.25689697266,271.864990234375
0.0,0.0,0.0,99606.25689697266,271.65509033203125
0.0,0.0,0.0,99606.25689697266,271.7149963378906
0.0,0.0,0.0,99606.25689697266,271.7550048828125
0.0,0.0,0.0,99606.25689697266,271.8100891113281
0.0,0.0,0.0,99606.25689697266,271.7799987792969
0.0,0.0,0.0,99606.25689697266,271.7049865722656
0.0,0.0,0.0,99606.25689697266,271.8599853515625
0.0,0.0,0.0,99606.25689697266,271.95989990234375
0.0,0.0,0.0,99606.25689697266,272.1549987792969
0.0,0.0,0.0,99606.25689697266,272.17498779296875
0.0,0.0,0.0,99606.25689697266,271.45001220703125
0.0,0.0,0.0,99606.25689697266,271.7300109863281
0.0,0.0,0.0,99606.25689697266,271.7398986816406
0.0,0.0,0.0,99606.25689697266,271.8900146484375
27.0,271.8900146484375,-7341.0303955078125,92265.22650146484,271.7933044433594
52.0,271.84351935753455,-6794.832611083984,85470.39389038086,271.7300109863281
75.0,271.8087101236979,-6249.790252685547,79220.60363769531,271.8399963378906
96.0,271.81555398305255,-5708.639923095703,73511.96371459961,271.885009765625
48.0,271.81555398305255,13050.48046875,86562.44418334961,271.94000244140625
24.0,271.81555398305255,6526.56005859375,93089.00424194336,271.95989990234375
12.0,271.81555398305255,3263.518798828125,96352.52304077148,272.07000732421875
6.0,271.81555398305255,1632.4200439453125,97984.9430847168,271.7699890136719
3.0,271.81555398305255,815.3099670410156,98800.25305175781,271.8999938964844
1.0,271.81555398305255,543.7999877929688,99344.05303955078,271.9649963378906
0.0,0.0,271.9649963378906,99616.01803588867,271.989990234375
0.0,0.0,0.0,99616.01803588867,272.19500732421875
0.0,0.0,0.0,99616.01803588867,272.30499267578125
0.0,0.0,0.0,99616.01803588867,272.31988525390625
0.0,0.0,0.0,99616.01803588867,272.3800048828125
0.0,0.0,0.0,99616.01803588867,272.5400085449219
0.0,0.0,0.0,99616.01803588867,272.53021240234375
0.0,0.0,0.0,99616.01803588867,272.54888916015625
0.0,0.0,0.0,99616.01803588867,272.6700134277344
0.0,0.0,0.0,99616.01803588867,272.8200988769531
0.0,0.0,0.0,99616.01803588867,272.840087890625
0.0,0.0,0.0,99616.01803588867,272.7699890136719
0.0,0.0,0.0,99616.01803588867,272.8200988769531
0.0,0.0,0.0,99616.01803588867,272.7651062011719
0.0,0.0,0.0,99616.01803588867,272.7699890136719
0.0,0.0,0.0,99616.01803588867,272.79998779296875
0.0,0.0,0.0,99616.01803588867,272.8800048828125
0.0,0.0,0.0,99616.01803588867,272.95001220703125
0.0,0.0,0.0,99616.01803588867,273.010009765625
0.0,0.0,0.0,99616.01803588867,272.80999755859375
0.0,0.0,0.0,99616.01803588867,272.9100036621094
0.0,0.0,0.0,99616.01803588867,273.05999755859375
0.0,0.0,0.0,99616.01803588867,273.0
0.0,0.0,0.0,99616.01803588867,272.95001220703125
0.0,0.0,0.0,99616.01803588867,273.0799865722656
0.0,0.0,0.0,99616.01803588867,273.04998779296875
0.0,0.0,0.0,99616.01803588867,273.1600036621094
0.0,0.0,0.0,99616.01803588867,273.04998779296875
0.0,0.0,0.0,99616.01803588867,273.04010009765625
0.0,0.0,0.0,99616.01803588867,273.1700134277344
0.0,0.0,0.0,99616.01803588867,273.19000244140625
0.0,0.0,0.0,99616.01803588867,273.2699890136719
0.0,0.0,0.0,99616.01803588867,273.29998779296875
0.0,0.0,0.0,99616.01803588867,273.3999938964844
0.0,0.0,0.0,99616.01803588867,273.30999755859375
0.0,0.0,0.0,99616.01803588867,273.42999267578125
0.0,0.0,0.0,99616.01803588867,273.14190673828125
0.0,0.0,0.0,99616.01803588867,273.1700134277344
0.0,0.0,0.0,99616.01803588867,273.2200012207031
0.0,0.0,0.0,99616.01803588867,273.30999755859375
0.0,0.0,0.0,99616.01803588867,273.4540100097656
0.0,0.0,0.0,99616.01803588867,273.44500732421875
0.0,0.0,0.0,99616.01803588867,273.3363037109375
0.0,0.0,0.0,99616.01803588867,273.260009765625
0.0,0.0,0.0,99616.01803588867,273.0248107910156
0.0,0.0,0.0,99616.01803588867,273.0199890136719
0.0,0.0,0.0,99616.01803588867,272.92999267578125
27.0,272.92999267578125,-7369.109802246094,92246.90823364258,273.0162048339844
52.0,272.97144082876355,-6825.405120849609,85421.50311279297,273.1400146484375
75.0,273.0231368001302,-6282.2203369140625,79139.2827758789,273.25
96.0,273.07276312510174,-5738.25,73401.0327758789,273.2900085449219
116.0,273.1102192319673,-5465.8001708984375,67935.23260498047,273.32000732421875
134.0,273.1383997219712,-4919.7601318359375,63015.47247314453,273.2799987792969
67.0,273.1383997219712,18309.75991821289,81325.23239135742,273.20001220703125
33.0,273.1383997219712,9288.800415039062,90614.03280639648,273.25
16.0,273.1383997219712,4645.25,95259.28280639648,273.1600036621094
8.0,273.1383997219712,2185.280029296875,97444.56283569336,273.04998779296875
34.0,273.0707905997929,-7099.2996826171875,90345.26315307617,272.9100036621094
58.0,273.0042580738549,-6549.840087890625,83795.42306518555,273.0050048828125
81.0,273.00447013071937,-6279.1151123046875,77516.30795288086,272.8900146484375
102.0,272.9809057667201,-5730.6903076171875,71785.61764526367,272.9100036621094
121.0,272.96977237839286,-5185.290069580078,66600.3275756836,272.8399963378906
139.0,272.95296684796807,-4911.119934082031,61689.20764160156,272.9200134277344
155.0,272.94956520458913,-4366.72021484375,57322.48742675781,272.8699951171875
170.0,272.9425443145243,-4093.0499267578125,53229.4375,272.8599853515625
184.0,272.93626265429896,-3820.039794921875,49409.397705078125,272.79998779296875
197.0,272.9272698969523,-3546.3998413085938,45862.99786376953,272.75
209.0,272.9170917210507,-3273.0,42589.99786376953,272.7099914550781
220.0,272.9067367077521,-2999.8099060058594,39590.18795776367,272.7099914550781
230.0,272.8981825663315,-2727.0999145507812,36863.08804321289,272.6600036621094
240.0,272.88825844532226,-2726.6000366210938,34136.4880065918,272.7099914550781
249.0,272.88181506013274,-2454.389923095703,31682.098083496094,272.8399963378906
257.0,272.880513310024,-2182.719970703125,29499.37811279297,272.8699951171875
265.0,272.88019577967424,-2182.9599609375,27316.41815185547,272.7200012207031
272.0,272.87607312558305,-1909.0400085449219,25407.378143310547,272.6300048828125
278.0,272.87076230019954,-1635.780029296875,23771.598114013672,272.6300048828125
284.0,272.86567587588854,-1635.780029296875,22135.818084716797,272.7300109863281
290.0,272.8628690161045,-1636.3800659179688,20499.438018798828,272.6300048828125
295.0,272.85892216638774,-1363.1500244140625,19136.287994384766,272.55999755859375
300.0,272.8539400895912,-1362.7999877929688,17773.488006591797,272.67999267578125
304.0,272.85165130783054,-1090.719970703125,16682.768035888672,272.94000244140625
308.0,272.8527987251497,-1091.760009765625,15591.008026123047,272.8399963378906
312.0,272.8526345919797,-1091.3599853515625,14499.648040771484,272.8500061035156
315.0,272.8526095587562,-818.5500183105469,13681.098022460938,272.79998779296875
157.0,272.8526095587562,43102.39807128906,56783.49609375,272.8800048828125
78.0,272.8526095587562,21557.520385742188,78341.01647949219,272.7250061035156
39.0,272.8526095587562,10636.27523803711,88977.2917175293,272.6300048828125
19.0,272.8526095587562,5452.60009765625,94429.89181518555,272.54998779296875
44.0,272.68066537364973,-6813.749694824219,87616.14212036133,272.6000061035156
68.0,272.65219739595534,-6542.400146484375,81073.74197387695,272.677001953125
90.0,272.65826073215237,-5998.89404296875,75074.8479309082,272.7900085449219
110.0,272.68221487992867,-5455.8001708984375,69619.04776000977,272.6600036621094
129.0,272.67894346024985,-5180.540069580078,64438.50769042969,272.4100036621094
146.0,272.64762855224717,-4630.970062255859,59807.53762817383,272.55999755859375
162.0,272.63897363929374,-4360.9599609375,55446.57766723633,272.5199890136719
177.0,272.62889019644444,-4087.799835205078,51358.77783203125,272.6700134277344
191.0,272.6319044647065,-3817.3801879882812,47541.39764404297,272.260009765625
204.0,272.6082052927062,-3539.380126953125,44002.017517089844,272.5249938964844
216.0,272.60358243736056,-3270.2999267578125,40731.71759033203,272.4100036621094
227.0,272.59420196807525,-2996.510040283203,37735.20755004883,272.4100036621094
237.0,272.58642988765473,-2724.1000366210938,35011.107513427734,272.7349853515625
246.0,272.59186484365136,-2454.6148681640625,32556.492645263672,272.92498779296875
254.0,272.60235690504715,-2183.39990234375,30373.092742919922,272.9599914550781
127.0,272.60235690504715,34665.91891479492,65039.011657714844,272.82000732421875
63.0,272.60235690504715,17460.48046875,82499.49212646484,272.8999938964844
31.0,272.60235690504715,8732.7998046875,91232.29193115234,272.989990234375
15.0,272.60235690504715,4367.83984375,95600.13177490234,269.9595947265625
41.0,270.9264589382032,-7018.949462890625,88581.18231201172,269.2200012207031
65.0,270.29638224251084,-6461.280029296875,82119.90228271484,269.92999267578125
87.0,270.2037320072459,-5938.4598388671875,76181.44244384766,269.739990234375
108.0,270.11355999585436,-5664.539794921875,70516.90264892578,269.4700012207031
127.0,270.0172795491782,-5119.930023193359,65396.97262573242,269.3949890136719
145.0,269.9400296895981,-4849.109802246094,60547.86282348633,269.25
161.0,269.87145531050754,-4308.0,56239.86282348633,269.6000061035156
176.0,269.84832043491167,-4044.0000915527344,52195.862731933594,269.8999938964844
190.0,269.8521279531328,-3778.5999145507812,48417.26281738281,269.5450134277344
203.0,269.83246052047184,-3504.085174560547,44913.177642822266,269.2099914550781
215.0,269.79771806100797,-3230.5198974609375,41682.65774536133,269.19000244140625
226.0,269.7681389821778,-2961.0900268554688,38721.56771850586,269.2301025390625
236.0,269.7453408278085,-2692.301025390625,36029.266693115234,269.0799865722656
246.0,269.71829390685144,-2690.7998657226562,33338.46682739258,268.9750061035156
255.0,269.6920602196749,-2420.7750549316406,30917.691772460938,269.1400146484375
263.0,269.6752679589528,-2153.1201171875,28764.571655273438,270.2250061035156
270.0,269.6895204293674,-1891.5750427246094,26872.996612548828,269.875
277.0,269.6942076387336,-1889.125,24983.871612548828,270.80499267578125
283.0,269.7177578515332,-1624.8299560546875,23359.04165649414,270.8900146484375
289.0,269.7420953628876,-1625.340087890625,21733.701568603516,270.75
144.0,269.7420953628876,39258.75,60992.451568603516,271.1466979980469
72.0,269.7420953628876,19522.562255859375,80515.01382446289,271.17999267578125
36.0,269.7420953628876,9762.479736328125,90277.49356079102,270.95001220703125
18.0,269.7420953628876,4877.1002197265625,95154.59378051758,271.1000061035156
9.0,269.7420953628876,2439.9000549316406,97594.49383544922,270.7900085449219
4.0,269.7420953628876,1353.9500427246094,98948.44387817383,270.5199890136719
2.0,269.7420953628876,541.0399780273438,99489.48385620117,270.29998779296875
1.0,269.7420953628876,270.29998779296875,99759.78384399414,270.9049987792969
0.0,0.0,270.9049987792969,100030.68884277344,270.6400146484375
0.0,0.0,0.0,100030.68884277344,271.2850036621094
0.0,0.0,0.0,100030.68884277344,271.07501220703125
0.0,0.0,0.0,100030.68884277344,271.1199951171875
0.0,0.0,0.0,100030.68884277344,270.3800048828125
0.0,0.0,0.0,100030.68884277344,269.9949951171875
0.0,0.0,0.0,100030.68884277344,269.92498779296875
0.0,0.0,0.0,100030.68884277344,269.95001220703125
27.0,269.95001220703125,-7288.650329589844,92742.0385131836,270.1449890136719
52.0,270.0437510563777,-6753.624725341797,85988.4137878418,270.2699890136719
75.0,270.1131306966146,-6216.209747314453,79772.20404052734,269.8399963378906
97.0,270.05118269772873,-5936.479919433594,73835.72412109375,270.06500244140625
117.0,270.0535450470753,-5401.300048828125,68434.42407226562,270.2349853515625
135.0,270.0777370876736,-4864.229736328125,63570.1943359375,269.7900085449219
152.0,270.04555692170794,-4586.430145263672,58983.76419067383,269.7300109863281
168.0,270.01550492786225,-4315.68017578125,54668.08401489258,269.5199890136719
183.0,269.97488886932206,-4042.799835205078,50625.2841796875,269.44000244140625
197.0,269.9368766358661,-3772.1600341796875,46853.12414550781,268.9599914550781
210.0,269.87640279134115,-3496.4798889160156,43356.6442565918,269.1000061035156
222.0,269.83443540281,-3229.2000732421875,40127.44418334961,269.17999267578125
233.0,269.8035389650533,-2960.9799194335938,37166.464263916016,269.3599853515625
243.0,269.78528572993025,-2693.599853515625,34472.86441040039,269.7950134277344
252.0,269.78563314770895,-2428.1551208496094,32044.70928955078,269.43499755859375
260.0,269.77484436035155,-2155.47998046875,29889.22930908203,269.19000244140625
268.0,269.75738639262187,-2153.52001953125,27735.70928955078,269.29998779296875
275.0,269.74574351917613,-1885.0999145507812,25850.609375,269.42498779296875
282.0,269.73778149760363,-1885.9749145507812,23964.63446044922,269.239990234375
288.0,269.7274108462864,-1615.43994140625,22349.19451904297,268.739990234375
294.0,269.7072594052269,-1612.43994140625,20736.75457763672,268.57501220703125
299.0,269.68832550559154,-1342.8750610351562,19393.879516601562,268.3822021484375
304.0,269.6668432135331,-1341.9110107421875,18051.968505859375,268.5050048828125
309.0,269.64804324054415,-1342.5250244140625,16709.443481445312,268.8299865722656
313.0,269.6375888422275,-1075.3199462890625,15634.12353515625,268.54010009765625
317.0,269.6237404038102,-1074.160400390625,14559.963134765625,268.29998779296875
321.0,269.6072450441735,-1073.199951171875,13486.76318359375,268.4049987792969
324.0,269.59611313431355,-805.2149963378906,12681.54818725586,268.30999755859375
327.0,269.58431390884823,-804.9299926757812,11876.618194580078,268.4200134277344
330.0,269.5737293590199,-805.2600402832031,11071.358154296875,268.6600036621094
333.0,269.5654975959847,-805.9800109863281,10265.378143310547,268.80499267578125
335.0,269.56095726810287,-537.6099853515625,9727.768157958984,268.8324890136719
337.0,269.5566340143674,-537.6649780273438,9190.10317993164,268.5849914550781
339.0,269.55090160988783,-537.1699829101562,8652.933197021484,268.70001220703125
341.0,269.54591105620534,-537.4000244140625,8115.533172607422,268.70001220703125
343.0,269.54097870139964,-537.4000244140625,7578.133148193359,268.57000732421875
345.0,269.5353498818218,-537.1400146484375,7040.993133544922,268.7900085449219
346.0,269.5331957161082,-268.7900085449219,6772.203125,268.7049865722656
347.0,269.5308089462412,-268.7049865722656,6503.498138427734,269.05999755859375
173.0,269.5308089462412,46816.43957519531,53319.93771362305,269.0199890136719
86.0,269.5308089462412,23404.739044189453,76724.6767578125,268.75
43.0,269.5308089462412,11556.25,88280.9267578125,269.0199890136719
21.0,269.5308089462412,5918.439758300781,94199.36651611328,268.9601135253906
10.0,269.5308089462412,2958.561248779297,97157.92776489258,268.7904968261719
5.0,269.5308089462412,1343.9524841308594,98501.88024902344,268.4800109863281
2.0,269.5308089462412,805.4400329589844,99307.32028198242,268.7699890136719
1.0,269.5308089462412,268.7699890136719,99576.0902709961,268.4549865722656
0.0,0.0,268.4549865722656,99844.54525756836,268.52099609375
27.0,268.52099609375,-7250.06689453125,92594.47836303711,268.510009765625
52.0,268.5157142052284,-6712.750244140625,85881.72811889648,268.6300048828125
75.0,268.5507633463542,-6178.4901123046875,79703.2380065918,268.7909851074219
97.0,268.60524663236953,-5913.401672363281,73789.83633422852,268.7200012207031
117.0,268.62486280131543,-5374.4000244140625,68415.43630981445,268.8999938964844
136.0,268.66330023372876,-5109.099884033203,63306.33642578125,269.1549987792969
68.0,268.66330023372876,18302.539916992188,81608.87634277344,269.4100036621094
34.0,268.66330023372876,9159.940124511719,90768.81646728516,269.5880126953125
17.0,268.66330023372876,4582.9962158203125,95351.81268310547,269.5
8.0,268.66330023372876,2425.5,97777.31268310547,269.44000244140625
4.0,268.66330023372876,1077.760009765625,98855.0726928711,269.385009765625
2.0,268.66330023372876,538.77001953125,99393.84271240234,269.2349853515625
1.0,268.66330023372876,269.2349853515625,99663.0776977539,269.010009765625
0.0,0.0,269.010009765625,99932.08770751953,268.92999267578125
0.0,0.0,0.0,99932.08770751953,268.7200012207031
0.0,0.0,0.0,99932.08770751953,268.7200012207031
27.0,268.7200012207031,-7255.440032958984,92676.64767456055,268.7049865722656
52.0,268.71278263972357,-6717.624664306641,85959.0230102539,268.30999755859375
76.0,268.58558735094573,-6439.43994140625,79519.58306884766,268.4049987792969
98.0,268.5450470593511,-5904.909973144531,73614.67309570312,268.4150085449219
118.0,268.52300663317664,-5368.3001708984375,68246.37292480469,268.4800109863281
137.0,268.5170437332487,-5101.120208740234,63145.25271606445,268.32000732421875
154.0,268.49529296082335,-4561.440124511719,58583.812591552734,268.489990234375
170.0,268.49479388068704,-4295.83984375,54287.972747802734,268.5899963378906
185.0,268.5025129988387,-4028.8499450683594,50259.122802734375,268.5950012207031
199.0,268.5090197079146,-3760.3300170898438,46498.79278564453,268.45001220703125
211.0,268.50566383108713,-3221.400146484375,43277.392639160156,268.4798889160156
223.0,268.5042768401416,-3221.7586669921875,40055.63397216797,268.45001220703125
234.0,268.50172593858514,-2952.9501342773438,37102.683837890625,268.4800109863281
244.0,268.5008359815254,-2684.8001098632812,34417.883728027344,268.75
253.0,268.5096995236846,-2418.75,31999.133728027344,268.7799987792969
261.0,268.5179845583394,-2150.239990234375,29848.89373779297,268.8900146484375
269.0,268.5290486502382,-2151.1201171875,27697.77362060547,268.70001220703125
276.0,268.5333846824757,-1880.9000854492188,25816.87353515625,268.9800109863281
138.0,268.5333846824757,37119.24151611328,62936.11505126953,269.05499267578125
69.0,268.5333846824757,18564.794494628906,81500.90954589844,269.385009765625
34.0,268.5333846824757,9428.475341796875,90929.38488769531,269.19500732421875
17.0,268.5333846824757,4576.315124511719,95505.70001220703,269.20001220703125
8.0,268.5333846824757,2422.8001098632812,97928.50012207031,269.1874084472656
4.0,268.5333846824757,1076.7496337890625,99005.24975585938,269.32000732421875
2.0,268.5333846824757,538.6400146484375,99543.88977050781,269.44000244140625
1.0,268.5333846824757,269.44000244140625,99813.32977294922,269.2759094238281
0.0,0.0,269.2759094238281,100082.60568237305,269.38250732421875
0.0,0.0,0.0,100082.60568237305,269.260009765625
0.0,0.0,0.0,100082.60568237305,269.1600036621094
0.0,0.0,0.0,100082.60568237305,268.94000244140625
0.0,0.0,0.0,100082.60568237305,269.07501220703125
0.0,0.0,0.0,100082.60568237305,269.07000732421875
0.0,0.0,0.0,100082.60568237305,269.0050048828125
0.0,0.0,0.0,100082.60568237305,268.8299865722656
27.0,268.8299865722656,-7258.409637451172,92824.19604492188,268.8320007324219
52.0,268.83095491849457,-6720.800018310547,86103.39602661133,268.7699890136719
76.0,268.81170252749797,-6450.479736328125,79652.9162902832,268.6600036621094
98.0,268.77764768016584,-5910.520080566406,73742.3962097168,268.6449890136719
118.0,268.7551631604211,-5372.8997802734375,68369.49642944336,268.6000061035156
137.0,268.7336450284415,-5103.400115966797,63266.09631347656,268.7200012207031
154.0,268.732138893821,-4568.240020751953,58697.85629272461,268.9700012207031
170.0,268.7545259363511,-4303.52001953125,54394.33627319336,269.1393127441406
185.0,268.7857248667124,-4037.0896911621094,50357.24658203125,269.0950012207031
199.0,268.807483002169,-3767.3300170898438,46589.916564941406,269.18499755859375
211.0,268.82895302433536,-3230.219970703125,43359.69659423828,269.32501220703125
105.0,268.82895302433536,28548.451293945312,71908.1478881836,269.19000244140625
52.0,268.82895302433536,14267.070129394531,86175.21801757812,269.0799865722656
26.0,268.82895302433536,6996.079650878906,93171.29766845703,268.95001220703125
13.0,268.82895302433536,3496.3501586914062,96667.64782714844,268.614990234375
6.0,268.82895302433536,1880.304931640625,98547.95275878906,268.760009765625
33.0,268.77254490357234,-7256.520263671875,91291.43249511719,268.8002014160156
58.0,268.7844658141082,-6720.005035400391,84571.4274597168,268.8999938964844
81.0,268.81727008441254,-6184.699859619141,78386.72760009766,268.9800109863281
102.0,268.85077556421874,-5648.580230712891,72738.14736938477,269.0249938964844
122.0,268.8793359465574,-5380.4998779296875,67357.64749145508,269.1549987792969
61.0,268.8793359465574,16418.45492553711,83776.10241699219,268.8656921386719
30.0,268.8793359465574,8334.836456298828,92110.93887329102,268.95001220703125
15.0,268.8793359465574,4034.2501831054688,96145.18905639648,269.0685119628906
7.0,268.8793359465574,2152.548095703125,98297.73715209961,268.9549865722656
3.0,268.8793359465574,1075.8199462890625,99373.55709838867,268.7500915527344
30.0,268.76301599211666,-7256.252471923828,92117.30462646484,268.6499938964844
55.0,268.7116423122838,-6716.249847412109,85401.05477905273,268.5299987792969
78.0,268.6580807576851,-6176.189971923828,79224.8648071289,268.3020935058594
100.0,268.57976356228346,-5902.646057128906,73322.21875,267.9685974121094
120.0,268.47790253725447,-5359.3719482421875,67962.84680175781,267.8599853515625
139.0,268.39343903705196,-5089.3397216796875,62873.507080078125,267.7349853515625
156.0,268.3216844687614,-4551.4947509765625,58322.01232910156,267.67999267578125
172.0,268.26199220894927,-4282.8798828125,54039.13244628906,267.6700134277344
187.0,268.2145072799748,-4015.0502014160156,50024.08224487305,267.80499267578125
201.0,268.1859838747076,-3749.2698974609375,46274.81234741211,267.6304016113281
213.0,268.1546834655031,-3211.5648193359375,43063.24752807617,267.5498962402344
225.0,268.12242814682213,-3210.5987548828125,39852.64877319336,267.30999755859375
236.0,268.0845606194047,-2940.4099731445312,36912.23880004883,267.45001220703125
246.0,268.05876596849527,-2674.5001220703125,34237.738677978516,267.5400085449219
255.0,268.04045688295736,-2407.860076904297,31829.87860107422,267.80499267578125
263.0,268.03329447361364,-2142.43994140625,29687.43865966797,267.7749938964844
271.0,268.0256693643257,-2142.199951171875,27545.238708496094,267.6400146484375
278.0,268.01595863406953,-1873.4801025390625,25671.75860595703,267.92498779296875
285.0,268.01372426253374,-1875.4749145507812,23796.28369140625,267.8841857910156
291.0,268.0110533662138,-1607.3051147460938,22188.978576660156,267.94000244140625
297.0,268.00961799399545,-1607.6400146484375,20581.33856201172,267.760009765625
302.0,268.005485407433,-1338.800048828125,19242.538513183594,268.07989501953125
307.0,268.0066972903662,-1340.3994750976562,17902.139038085938,267.95989990234375
312.0,268.0059473322248,-1339.7994995117188,16562.33953857422,268.1050109863281
156.0,268.0059473322248,41824.38171386719,58386.721252441406,268.05999755859375
78.0,268.0059473322248,20908.679809570312,79295.40106201172,268.0050048828125
39.0,268.0059473322248,10452.195190429688,89747.5962524414,268.05499267578125
19.0,268.0059473322248,5361.099853515625,95108.69610595703,268.0
9.0,268.0059473322248,2680.0,97788.69610595703,267.75799560546875
4.0,268.0059473322248,1338.7899780273438,99127.48608398438,267.5799865722656
2.0,268.0059473322248,535.1599731445312,99662.6460571289,267.67999267578125
1.0,268.0059473322248,267.67999267578125,99930.32604980469,267.45001220703125
29.0,267.4691823837621,-7488.600341796875,92441.72570800781,267.510009765625
54.0,267.4880839494394,-6687.750244140625,85753.97546386719,267.3900146484375
78.0,267.4579087799003,-6417.3603515625,79336.61511230469,267.11419677734375
100.0,267.3822921393379,-5876.5123291015625,73460.10278320312,267.05499267578125
120.0,267.3277422287451,-5341.099853515625,68119.0029296875,266.93829345703125
139.0,267.2745082239784,-5071.827575683594,63047.175354003906,266.9049987792969
156.0,267.2342411691093,-4537.384979248047,58509.79037475586,266.9750061035156
172.0,267.2101262792866,-4271.60009765625,54238.19027709961,267.19000244140625
187.0,267.2085120676919,-4007.8500366210938,50230.340240478516,267.1499938964844
201.0,267.20443617517003,-3740.0999145507812,46490.240325927734,267.1499938964844
214.0,267.20112893394145,-3472.949920654297,43017.29040527344,267.4100036621094
226.0,267.2122196274725,-3208.9200439453125,39808.370361328125,267.3598937988281
237.0,267.21907370293627,-2940.9588317871094,36867.411529541016,267.3500061035156
247.0,267.2243746098423,-2673.5000610351562,34193.91146850586,267.239990234375
256.0,267.22492359664227,-2405.159912109375,31788.751556396484,267.30999755859375
264.0,267.2275015954893,-2138.47998046875,29650.271575927734,267.29998779296875
272.0,267.22963354247395,-2138.39990234375,27511.871673583984,267.1000061035156
279.0,267.2263812411381,-1869.7000427246094,25642.171630859375,267.3193054199219
286.0,267.2286556091503,-1871.2351379394531,23770.936492919922,267.1449890136719
292.0,267.22693643253086,-1602.8699340820312,22168.06655883789,267.010009765625
298.0,267.2225687815193,-1602.06005859375,20566.00650024414,267.0
303.0,267.2188960293491,-1335.0,19231.00650024414,266.9200134277344
308.0,267.2140440390631,-1334.6000671386719,17896.40643310547,266.7500915527344
313.0,267.2066326574924,-1333.7504577636719,16562.655975341797,266.80999755859375
317.0,267.20162779820026,-1067.239990234375,15495.415985107422,266.8800048828125
321.0,267.19762003601477,-1067.52001953125,14427.895965576172,266.92999267578125
325.0,267.1943261608119,-1067.719970703125,13360.175994873047,266.7900085449219
328.0,267.1906281338373,-800.3700256347656,12559.805969238281,266.8699951171875
331.0,267.18772209441147,-800.6099853515625,11759.195983886719,266.82501220703125
334.0,267.18446422117154,-800.4750366210938,10958.720947265625,266.614990234375
337.0,267.1793947198054,-799.844970703125,10158.8759765625,266.7048034667969
339.0,267.17659477141,-533.4096069335938,9625.466369628906,266.4649963378906
341.0,267.1724211735595,-532.9299926757812,9092.536376953125,266.385009765625
343.0,267.1678298533966,-532.77001953125,8559.766357421875,266.4700012207031
345.0,267.16378447001864,-532.9400024414062,8026.826354980469,266.42010498046875
347.0,267.1594981329031,-532.8402099609375,7493.986145019531,266.4252014160156
349.0,267.15529012879483,-532.8504028320312,6961.1357421875,266.3999938964844
350.0,267.15313213955966,-266.3999938964844,6694.735748291016,266.45001220703125
351.0,267.1511289488687,-266.45001220703125,6428.285736083984,266.2950134277344
352.0,267.14869680250183,-266.2950134277344,6161.99072265625,266.489990234375
353.0,267.1468307782295,-266.489990234375,5895.500732421875,266.3399963378906
354.0,267.1445515848952,-266.3399963378906,5629.160736083984,266.260009765625
355.0,267.1420599177987,-266.260009765625,5362.900726318359,265.9549865722656
356.0,267.138725442109,-265.9549865722656,5096.945739746094,265.95001220703125
357.0,267.1353957131592,-265.95001220703125,4830.9957275390625,265.90679931640625
358.0,267.1319638796487,-265.90679931640625,4565.088928222656,265.9800109863281
359.0,267.1287550972161,-265.9800109863281,4299.108917236328,265.9508056640625
360.0,267.1254830154573,-265.9508056640625,4033.1581115722656,266.1199951171875
361.0,267.12269773042055,-266.1199951171875,3767.038116455078,266.2300109863281
362.0,267.12023174493964,-266.2300109863281,3500.80810546875,266.1050109863281
362.0,267.12023174493964,0.0,3500.80810546875,266.1600036621094
362.0,267.12023174493964,0.0,3500.80810546875,266.17999267578125
362.0,267.12023174493964,0.0,3500.80810546875,266.2449951171875
362.0,267.12023174493964,0.0,3500.80810546875,266.2699890136719
362.0,267.12023174493964,0.0,3500.80810546875,265.9150085449219
362.0,267.12023174493964,0.0,3500.80810546875,266.010009765625
362.0,267.12023174493964,0.0,3500.80810546875,265.93499755859375
362.0,267.12023174493964,0.0,3500.80810546875,266.0799865722656
362.0,267.12023174493964,0.0,3500.80810546875,266.1400146484375
362.0,267.12023174493964,0.0,3500.80810546875,266.0249938964844
362.0,267.12023174493964,0.0,3500.80810546875,266.0
362.0,267.12023174493964,0.0,3500.80810546875,266.010009765625
362.0,267.12023174493964,0.0,3500.80810546875,266.0950927734375
362.0,267.12023174493964,0.0,3500.80810546875,266.0000915527344
362.0,267.12023174493964,0.0,3500.80810546875,266.20001220703125
362.0,267.12023174493964,0.0,3500.80810546875,265.9200134277344
362.0,267.12023174493964,0.0,3500.80810546875,265.8949890136719
362.0,267.12023174493964,0.0,3500.80810546875,265.9700012207031
362.0,267.12023174493964,0.0,3500.80810546875,266.1099853515625
362.0,267.12023174493964,0.0,3500.80810546875,266.2200012207031
362.0,267.12023174493964,0.0,3500.80810546875,266.1400146484375
362.0,267.12023174493964,0.0,3500.80810546875,266.0199890136719
181.0,267.12023174493964,48149.61801147461,51650.42611694336,266.1400146484375
90.0,267.12023174493964,24218.741333007812,75869.16744995117,265.980712890625
45.0,267.12023174493964,11969.132080078125,87838.2995300293,266.0
69.0,266.73058592061284,-6384.0,81454.2995300293,266.2300109863281
34.0,266.73058592061284,9318.050384521484,90772.34991455078,266.1499938964844
17.0,266.73058592061284,4524.549896240234,95296.89981079102,266.04998779296875
8.0,266.73058592061284,2394.4498901367188,97691.34970092773,266.1400146484375
4.0,266.73058592061284,1064.56005859375,98755.90975952148,266.239990234375
2.0,266.73058592061284,532.47998046875,99288.38973999023,266.32379150390625
1.0,266.73058592061284,266.32379150390625,99554.71353149414,266.2950134277344
0.0,0.0,266.2950134277344,99821.00854492188,266.2950134277344
0.0,0.0,0.0,99821.00854492188,266.3399963378906
0.0,0.0,0.0,99821.00854492188,266.2149963378906
0.0,0.0,0.0,99821.00854492188,266.05999755859375
0.0,0.0,0.0,99821.00854492188,265.79998779296875
0.0,0.0,0.0,99821.00854492188,265.72100830078125
28.0,265.72100830078125,-7440.188232421875,92380.8203125,265.7799987792969
54.0,265.74941112377024,-6910.279968261719,85470.54034423828,265.8399963378906
78.0,265.77728349734576,-6380.159912109375,79090.3804321289,265.85009765625
100.0,265.7933026123047,-5848.7021484375,73241.6782836914,266.135009765625
120.0,265.85025380452475,-5322.7001953125,67918.9780883789,266.07000732421875
139.0,265.8802920554182,-5055.330139160156,62863.64794921875,266.1499938964844
156.0,265.90968264066254,-4524.549896240234,58339.098052978516,266.3700866699219
78.0,265.90968264066254,20776.866760253906,79115.96481323242,266.1700134277344
39.0,265.90968264066254,10380.63052368164,89496.59533691406,266.0907897949219
19.0,265.90968264066254,5321.8157958984375,94818.4111328125,266.0563049316406
9.0,265.90968264066254,2660.5630493164062,97478.9741821289,265.79998779296875
4.0,265.90968264066254,1328.9999389648438,98807.97412109375,265.6600036621094
31.0,265.69222030450334,-7172.820098876953,91635.1540222168,265.57000732421875
56.0,265.63766093830486,-6639.250183105469,84995.90383911133,265.614990234375
79.0,265.631060606781,-6109.144775390625,78886.7590637207,265.5050048828125
101.0,265.6036029243324,-5841.110107421875,73045.64895629883,265.6700134277344
121.0,265.61457986704346,-5313.4002685546875,67732.24868774414,265.7200012207031
140.0,265.62888705075443,-5048.680023193359,62683.56866455078,265.760009765625
157.0,265.64308505172767,-4517.920166015625,58165.648498535156,265.7300109863281
173.0,265.6511244445231,-4251.68017578125,53913.968322753906,265.5799865722656
188.0,265.64544855046,-3983.6997985839844,49930.26852416992,265.6000061035156
202.0,265.6422990739391,-3718.4000854492188,46211.8684387207,265.5299987792969
215.0,265.63550882356543,-3451.8899841308594,42759.978454589844,265.67999267578125
227.0,265.6378603928456,-3188.159912109375,39571.81854248047,265.94000244140625
238.0,265.65182494130846,-2925.3400268554688,36646.478515625,265.8900146484375
248.0,265.66142936498306,-2658.900146484375,33987.578369140625,266.0
257.0,265.67328592418596,-2394.0,31593.578369140625,266.04998779296875
128.0,265.67328592418596,34320.44842529297,65914.0267944336,266.0
64.0,265.67328592418596,17024.0,82938.0267944336,266.1199951171875
32.0,265.67328592418596,8515.83984375,91453.8666381836,265.80999755859375
16.0,265.67328592418596,4252.9599609375,95706.8265991211,265.5299987792969
8.0,265.67328592418596,2124.239990234375,97831.06658935547,265.4200134277344
35.0,265.4779042840662,-7166.340362548828,90664.72622680664,265.4100036621094
60.0,265.4496123582509,-6635.250091552734,84029.4761352539,265.3999938964844
83.0,265.43586266402644,-6104.199859619141,77925.27627563477,265.4901123046875
105.0,265.44722925540304,-5840.782470703125,72084.49380493164,265.55499267578125
125.0,265.46447140266355,-5311.099853515625,66773.39395141602,265.57501220703125
143.0,265.47838562978677,-4780.3502197265625,61993.04373168945,265.45001220703125
160.0,265.475370953619,-4512.650207519531,57480.39352416992,265.3500061035156
176.0,265.46397414906414,-4245.60009765625,53234.79342651367,265.4198913574219
191.0,265.4605121497205,-3981.298370361328,49253.495056152344,265.3599853515625
204.0,265.45410603023004,-3449.6798095703125,45803.81524658203,265.3900146484375
216.0,265.45054539790823,-3184.68017578125,42619.13507080078,265.4410095214844
228.0,265.4500435096754,-3185.2921142578125,39433.84295654297,265.3699951171875
239.0,265.4463592740379,-2919.0699462890625,36514.773010253906,265.3450012207031
249.0,265.4422886694863,-2653.4500122070312,33861.322998046875,265.3699951171875
258.0,265.4397668013828,-2388.3299560546875,31472.993041992188,265.4100036621094
266.0,265.4388716693746,-2123.280029296875,29349.713012695312,265.30499267578125
274.0,265.4349627936492,-2122.43994140625,27227.273071289062,265.3500061035156
281.0,265.4328464348203,-1857.4500427246094,25369.823028564453,265.3599853515625
288.0,265.43107550571335,-1857.5198974609375,23512.303131103516,265.4700012207031
294.0,265.43186990806004,-1592.8200073242188,21919.483123779297,265.5899963378906
300.0,265.4350324366567,-1593.5399780273438,20325.943145751953,265.45001220703125
305.0,265.4352780066628,-1327.2500610351562,18998.693084716797,265.3900146484375
152.0,265.4352780066628,40604.67224121094,59603.365325927734,265.5249938964844
76.0,265.4352780066628,20179.899536132812,79783.26486206055,265.3900146484375
38.0,265.4352780066628,10084.820556640625,89868.08541870117,265.55999755859375
19.0,265.4352780066628,5045.639953613281,94913.72537231445,265.6099853515625
9.0,265.4352780066628,2656.099853515625,97569.82522583008,265.6000061035156
4.0,265.4352780066628,1328.0000305175781,98897.82525634766,265.9100036621094
2.0,265.4352780066628,531.8200073242188,99429.64526367188,266.1091003417969
1.0,265.4352780066628,266.1091003417969,99695.75436401367,266.25
0.0,0.0,266.25,99962.00436401367,266.1400146484375
0.0,0.0,0.0,99962.00436401367,266.45001220703125
0.0,0.0,0.0,99962.00436401367,266.5909118652344
0.0,0.0,0.0,99962.00436401367,266.5409851074219
0.0,0.0,0.0,99962.00436401367,266.6600036621094
0.0,0.0,0.0,99962.00436401367,266.7049865722656
0.0,0.0,0.0,99962.00436401367,266.8500061035156
0.0,0.0,0.0,99962.00436401367,266.70001220703125
0.0,0.0,0.0,99962.00436401367,266.840087890625
0.0,0.0,0.0,99962.00436401367,266.760009765625
0.0,0.0,0.0,99962.00436401367,266.8299865722656
0.0,0.0,0.0,99962.00436401367,266.6199951171875
0.0,0.0,0.0,99962.00436401367,266.57501220703125
0.0,0.0,0.0,99962.00436401367,266.7200012207031
0.0,0.0,0.0,99962.00436401367,266.6300048828125
0.0,0.0,0.0,99962.00436401367,266.69000244140625
0.0,0.0,0.0,99962.00436401367,266.6400146484375
0.0,0.0,0.0,99962.00436401367,266.3450012207031
0.0,0.0,0.0,99962.00436401367,266.0299987792969
0.0,0.0,0.0,99962.00436401367,265.9649963378906
28.0,265.9649963378906,-7447.0198974609375,92514.98446655273,265.9100036621094
54.0,265.93851838288487,-6913.660095214844,85601.32437133789,265.6300048828125
78.0,265.8435911520933,-6375.1201171875,79226.20425415039,265.3901062011719
100.0,265.7438244628906,-5838.582336425781,73387.62191772461,265.5299987792969
120.0,265.7081868489583,-5310.5999755859375,68077.02194213867,265.3258972167969
139.0,265.65593143161254,-5041.192047119141,63035.82989501953,265.260009765625
156.0,265.6127861218575,-4509.420166015625,58526.409729003906,265.25
172.0,265.57903857563815,-4244.0,54282.409729003906,265.2349853515625
187.0,265.5514407234396,-3978.5247802734375,50303.88494873047,264.9700927734375
201.0,265.51094882642457,-3709.581298828125,46594.303649902344,265.17999267578125
214.0,265.490844013535,-3447.3399047851562,43146.96374511719,265.2349853515625
226.0,265.4772585978551,-3182.81982421875,39964.14392089844,264.864990234375
237.0,265.448841078875,-2913.514892578125,37050.62902832031,264.93499755859375
247.0,265.428037697487,-2649.3499755859375,34401.279052734375,265.0151062011719
256.0,265.4135205745697,-2385.135955810547,32016.143096923828,265.04998779296875
265.0,265.40117417821347,-2385.4498901367188,29630.69320678711,264.92498779296875
273.0,265.3872199984261,-2119.39990234375,27511.29330444336,265.07501220703125
280.0,265.37941480364117,-1855.5250854492188,25655.76821899414,264.7799987792969
287.0,265.3647949006084,-1853.4599914550781,23802.308227539062,264.7300109863281
293.0,265.35179591260265,-1588.3800659179688,22213.928161621094,265.04998779296875
299.0,265.3457395623759,-1590.2999267578125,20623.62823486328,265.4700012207031
304.0,265.347783339651,-1327.3500061035156,19296.278228759766,264.4150085449219
309.0,265.3326898963706,-1322.0750427246094,17974.203186035156,263.510009765625
314.0,265.3036663274097,-1317.550048828125,16656.65313720703,263.6700134277344
318.0,265.283117234332,-1054.6800537109375,15601.973083496094,263.6099853515625
322.0,265.2623329873411,-1054.43994140625,14547.533142089844,263.70001220703125
326.0,265.2431634072146,-1054.800048828125,13492.733093261719,264.1700134277344
329.0,265.23337784509164,-792.5100402832031,12700.223052978516,260.6499938964844
332.0,265.1919617250741,-781.9499816894531,11918.273071289062,262.9377136230469
335.0,265.17177442863806,-788.8131408691406,11129.459930419922,262.3800048828125
338.0,265.14699540900057,-787.1400146484375,10342.319915771484,262.1650085449219
340.0,265.1294543098001,-524.3300170898438,9817.98989868164,262.1549987792969
342.0,265.1120598330135,-524.3099975585938,9293.679901123047,261.67999267578125
344.0,265.0921059541924,-523.3599853515625,8770.319915771484,262.19000244140625
346.0,265.0753307893786,-524.3800048828125,8245.939910888672,262.3500061035156
348.0,265.05966800382765,-524.7000122070312,7721.239898681641,262.2049865722656
350.0,265.04335553850444,-524.4099731445312,7196.829925537109,261.9700012207031
352.0,265.0258932980624,-523.9400024414062,6672.889923095703,262.20001220703125
353.0,265.0178879691926,-262.20001220703125,6410.689910888672,262.2850036621094
354.0,265.0101679570257,-262.2850036621094,6148.4049072265625,263.0299987792969
355.0,265.00459001568004,-263.0299987792969,5885.374908447266,262.94000244140625
356.0,264.99879061238147,-262.94000244140625,5622.434906005859,262.81500244140625
357.0,264.99267355868125,-262.81500244140625,5359.619903564453,263.20001220703125
358.0,264.9876661247381,-263.20001220703125,5096.419891357422,263.15008544921875
179.0,264.9876661247381,47103.865295410156,52200.28518676758,262.8399963378906
89.0,264.9876661247381,23655.599670410156,75855.88485717773,262.80950927734375
44.0,264.9876661247381,11826.427917480469,87682.3127746582,263.07501220703125
22.0,264.9876661247381,5787.6502685546875,93469.96304321289,262.67999267578125
11.0,264.9876661247381,2889.4799194335938,96359.44296264648,262.3900146484375
5.0,264.9876661247381,1574.340087890625,97933.78305053711,262.3949890136719
2.0,264.9876661247381,787.1849670410156,98720.96801757812,262.5299987792969
1.0,264.9876661247381,262.5299987792969,98983.49801635742,262.7099914550781
0.0,0.0,262.7099914550781,99246.2080078125,262.5249938964844
28.0,262.5249938964844,-7350.6998291015625,91895.50817871094,262.4949951171875
14.0,262.5249938964844,3674.929931640625,95570.43811035156,262.7099914550781
7.0,262.5249938964844,1838.9699401855469,97409.40805053711,263.1300048828125
3.0,262.5249938964844,1052.52001953125,98461.92807006836,263.1499938964844
0.0,0.0,789.4499816894531,99251.37805175781,262.7799987792969
0.0,0.0,0.0,99251.37805175781,263.6199951171875
0.0,0.0,0.0,99251.37805175781,263.5450134277344
0.0,0.0,0.0,99251.37805175781,263.8799133300781
0.0,0.0,0.0,99251.37805175781,263.68499755859375
0.0,0.0,0.0,99251.37805175781,263.7349853515625
0.0,0.0,0.0,99251.37805175781,263.9800109863281
0.0,0.0,0.0,99251.37805175781,263.739990234375
0.0,0.0,0.0,99251.37805175781,263.80999755859375
0.0,0.0,0.0,99251.37805175781,263.5899963378906
0.0,0.0,0.0,99251.37805175781,263.6214904785156
0.0,0.0,0.0,99251.37805175781,263.5950012207031
0.0,0.0,0.0,99251.37805175781,263.98199462890625
0.0,0.0,0.0,99251.37805175781,263.8299865722656
0.0,0.0,0.0,99251.37805175781,263.82000732421875
0.0,0.0,0.0,99251.37805175781,264.0
0.0,0.0,0.0,99251.37805175781,264.3599853515625
0.0,0.0,0.0,99251.37805175781,264.07000732421875
0.0,0.0,0.0,99251.37805175781,264.0400085449219
0.0,0.0,0.0,99251.37805175781,264.1199951171875
0.0,0.0,0.0,99251.37805175781,264.25
0.0,0.0,0.0,99251.37805175781,263.8299865722656
0.0,0.0,0.0,99251.37805175781,263.55999755859375
0.0,0.0,0.0,99251.37805175781,264.068115234375
0.0,0.0,0.0,99251.37805175781,263.989990234375
0.0,0.0,0.0,99251.37805175781,263.9100036621094
0.0,0.0,0.0,99251.37805175781,263.7200012207031
28.0,263.7200012207031,-7384.1600341796875,91867.21801757812,263.6000061035156
54.0,263.66222579390916,-6853.600158691406,85013.61785888672,263.7799987792969
78.0,263.6984636355669,-6330.719970703125,78682.8978881836,263.80999755859375
100.0,263.72300109863284,-5803.8199462890625,72879.07794189453,263.9800109863281
120.0,263.7658360799154,-5279.6002197265625,67599.47772216797,264.010009765625
139.0,263.79921233911307,-5016.190185546875,62583.287536621094,263.7550048828125
156.0,263.7943948599008,-4483.8350830078125,58099.45245361328,264.0199890136719
78.0,263.7943948599008,20593.559143066406,78693.01159667969,264.1600036621094
39.0,263.7943948599008,10302.240142822266,88995.25173950195,264.32000732421875
19.0,263.7943948599008,5286.400146484375,94281.65188598633,264.3699951171875
9.0,263.7943948599008,2643.699951171875,96925.3518371582,264.3699951171875
4.0,263.7943948599008,1321.8499755859375,98247.20181274414,264.42138671875
2.0,263.7943948599008,528.8427734375,98776.04458618164,264.19000244140625
1.0,263.7943948599008,264.19000244140625,99040.23458862305,263.95001220703125
0.0,0.0,263.95001220703125,99304.18460083008,263.9200134277344
0.0,0.0,0.0,99304.18460083008,263.9150085449219
0.0,0.0,0.0,99304.18460083008,263.8699951171875
28.0,263.8699951171875,-7388.35986328125,91915.82473754883,263.8299865722656
54.0,263.8507317437066,-6859.579650878906,85056.24508666992,263.7799987792969
78.0,263.82896775465747,-6330.719970703125,78725.5251159668,263.55999755859375
100.0,263.7697943115234,-5798.3199462890625,72927.20516967773,263.5899963378906
120.0,263.7398279825846,-5271.7999267578125,67655.40524291992,262.9385070800781
139.0,263.6302949095801,-4995.831634521484,62659.57360839844,262.7900085449219
156.0,263.5387252416366,-4467.430145263672,58192.143463134766,262.7449951171875
172.0,263.46488988122275,-4203.919921875,53988.223541259766,262.7225036621094
187.0,263.40534018450245,-3940.8375549316406,50047.385986328125,262.4599914550781
201.0,263.3394949993684,-3674.4398803710938,46372.94610595703,262.31500244140625
214.0,263.2772594701464,-3410.0950317382812,42962.85107421875,262.1499938964844
226.0,263.2174046609254,-3145.7999267578125,39817.05114746094,262.2550048828125
237.0,263.1727363167936,-2884.8050537109375,36932.24609375,262.7200012207031
247.0,263.15440696067657,-2627.2000122070312,34305.04608154297,262.5199890136719
256.0,263.1321032047272,-2362.679901123047,31942.366180419922,262.614990234375
265.0,263.1145408774322,-2363.534912109375,29578.831268310547,262.7200012207031
273.0,263.1029792757698,-2101.760009765625,27477.071258544922,262.739990234375
280.0,263.09390454973493,-1839.179931640625,25637.891326904297,263.0769958496094
287.0,263.0934921424148,-1841.5389709472656,23796.35235595703,263.1700134277344
293.0,263.09505913119267,-1579.0200805664062,22217.332275390625,263.2699890136719
299.0,263.09856942983777,-1579.6199340820312,20637.712341308594,263.7749938964844
149.0,263.09856942983777,39566.249084472656,60203.96142578125,264.20001220703125
74.0,263.09856942983777,19815.000915527344,80018.9623413086,264.2850036621094
37.0,263.09856942983777,9778.545135498047,89797.50747680664,264.6000061035156
18.0,263.09856942983777,5027.400115966797,94824.90759277344,264.6650085449219
9.0,263.09856942983777,2381.985076904297,97206.89266967773,264.93499755859375
4.0,263.09856942983777,1324.6749877929688,98531.5676574707,264.67999267578125
2.0,263.09856942983777,529.3599853515625,99060.92764282227,264.75
1.0,263.09856942983777,264.75,99325.67764282227,264.7349853515625
0.0,0.0,264.7349853515625,99590.41262817383,264.69500732421875
0.0,0.0,0.0,99590.41262817383,264.7799987792969
0.0,0.0,0.0,99590.41262817383,264.7301025390625
0.0,0.0,0.0,99590.41262817383,264.6099853515625
0.0,0.0,0.0,99590.41262817383,264.5
0.0,0.0,0.0,99590.41262817383,264.69000244140625
0.0,0.0,0.0,99590.41262817383,264.57501220703125
0.0,0.0,0.0,99590.41262817383,264.5199890136719
0.0,0.0,0.0,99590.41262817383,264.6700134277344
0.0,0.0,0.0,99590.41262817383,264.8999938964844
0.0,0.0,0.0,99590.41262817383,264.8599853515625
0.0,0.0,0.0,99590.41262817383,264.8599853515625
0.0,0.0,0.0,99590.41262817383,264.5787048339844
0.0,0.0,0.0,99590.41262817383,264.54998779296875
0.0,0.0,0.0,99590.41262817383,264.17999267578125
0.0,0.0,0.0,99590.41262817383,264.30499267578125
28.0,264.30499267578125,-7400.539794921875,92189.87283325195,264.3599853515625
54.0,264.331470630787,-6873.359619140625,85316.51321411133,264.4549865722656
78.0,264.36947553585736,-6346.919677734375,78969.59353637695,264.0299987792969
100.0,264.29479064941404,-5808.659973144531,73160.93356323242,264.1889953613281
120.0,264.2771581013997,-5283.7799072265625,67877.15365600586,264.2200012207031
139.0,264.26934529036924,-5020.180023193359,62856.9736328125,264.70001220703125
156.0,264.31627694154395,-4499.900207519531,58357.07342529297,264.7200012207031
172.0,264.3538326884425,-4235.52001953125,54121.55340576172,264.81500244140625
187.0,264.3908249146161,-3972.2250366210938,50149.328369140625,265.19500732421875
93.0,264.3908249146161,24928.330688476562,75077.65905761719,265.32000732421875
46.0,264.3908249146161,12470.040344238281,87547.69940185547,265.2300109863281
23.0,264.3908249146161,6100.290252685547,93647.98965454102,265.4397888183594
11.0,264.3908249146161,3185.2774658203125,96833.26712036133,265.6099853515625
5.0,264.3908249146161,1593.659912109375,98426.9270324707,265.3301086425781
2.0,264.3908249146161,795.9903259277344,99222.91735839844,265.5
1.0,264.3908249146161,265.5,99488.41735839844,265.6300048828125
0.0,0.0,265.6300048828125,99754.04736328125,265.6549987792969
0.0,0.0,0.0,99754.04736328125,265.7349853515625
0.0,0.0,0.0,99754.04736328125,265.80999755859375
0.0,0.0,0.0,99754.04736328125,265.6600036621094
0.0,0.0,0.0,99754.04736328125,265.6000061035156
0.0,0.0,0.0,99754.04736328125,265.510009765625
0.0,0.0,0.0,99754.04736328125,265.3599853515625
0.0,0.0,0.0,99754.04736328125,265.630615234375
0.0,0.0,0.0,99754.04736328125,265.6199951171875
0.0,0.0,0.0,99754.04736328125,265.510009765625
0.0,0.0,0.0,99754.04736328125,265.7300109863281
0.0,0.0,0.0,99754.04736328125,265.7699890136719
0.0,0.0,0.0,99754.04736328125,265.8699951171875
0.0,0.0,0.0,99754.04736328125,265.8399963378906
0.0,0.0,0.0,99754.04736328125,265.8550109863281
0.0,0.0,0.0,99754.04736328125,265.6400146484375
0.0,0.0,0.0,99754.04736328125,265.69500732421875
0.0,0.0,0.0,99754.04736328125,265.70001220703125
0.0,0.0,0.0,99754.04736328125,265.95001220703125
0.0,0.0,0.0,99754.04736328125,266.0249938964844
0.0,0.0,0.0,99754.04736328125,265.9649963378906
0.0,0.0,0.0,99754.04736328125,265.5899963378906
0.0,0.0,0.0,99754.04736328125,265.82000732421875
0.0,0.0,0.0,99754.04736328125,265.8399963378906
0.0,0.0,0.0,99754.04736328125,265.7799987792969
0.0,0.0,0.0,99754.04736328125,265.80499267578125
0.0,0.0,0.0,99754.04736328125,265.68011474609375
0.0,0.0,0.0,99754.04736328125,265.9049987792969
0.0,0.0,0.0,99754.04736328125,265.8599853515625
0.0,0.0,0.0,99754.04736328125,266.1300048828125
0.0,0.0,0.0,99754.04736328125,266.17999267578125
0.0,0.0,0.0,99754.04736328125,266.0249938964844
0.0,0.0,0.0,99754.04736328125,265.9690856933594
0.0,0.0,0.0,99754.04736328125,266.04998779296875
0.0,0.0,0.0,99754.04736328125,266.0400085449219
0.0,0.0,0.0,99754.04736328125,266.05999755859375
0.0,0.0,0.0,99754.04736328125,265.8901062011719
0.0,0.0,0.0,99754.04736328125,265.92498779296875
0.0,0.0,0.0,99754.04736328125,266.1600036621094
0.0,0.0,0.0,99754.04736328125,265.95001220703125
0.0,0.0,0.0,99754.04736328125,265.9150085449219
0.0,0.0,0.0,99754.04736328125,265.9800109863281
0.0,0.0,0.0,99754.04736328125,265.9700012207031
0.0,0.0,0.0,99754.04736328125,266.0
0.0,0.0,0.0,99754.04736328125,265.84478759765625
0.0,0.0,0.0,99754.04736328125,265.8349914550781
28.0,265.8349914550781,-7443.3797607421875,92310.66760253906,265.7099914550781
54.0,265.77480626989296,-6908.459777832031,85402.20782470703,265.7099914550781
78.0,265.7548632499499,-6377.039794921875,79025.16802978516,265.67498779296875
100.0,265.73729064941404,-5844.8497314453125,73180.31829833984,265.81329345703125
120.0,265.7499577840169,-5316.265869140625,67864.05242919922,265.8349914550781
139.0,265.76158109157205,-5050.864837646484,62813.187591552734,265.7799987792969
156.0,265.76358814728565,-4518.259979248047,58294.92761230469,265.5450134277344
172.0,265.7432556152344,-4248.72021484375,54046.20739746094,265.69500732421875
187.0,265.73938543146306,-3985.4251098632812,50060.782287597656,265.760009765625
201.0,265.7408219522505,-3720.64013671875,46340.142150878906,266.0
214.0,265.7565664130951,-3458.0,42882.142150878906,266.06500244140625
226.0,265.7729435473417,-3192.780029296875,39689.36212158203,266.01129150390625
113.0,265.7729435473417,30059.275939941406,69748.63806152344,265.94000244140625
56.0,265.7729435473417,15158.580139160156,84907.2182006836,265.8949890136719
28.0,265.7729435473417,7445.0596923828125,92352.2778930664,265.8599853515625
14.0,265.7729435473417,3722.039794921875,96074.31768798828,265.8800964355469
7.0,265.7729435473417,1861.1606750488281,97935.47836303711,265.7300109863281
34.0,265.7388500430074,-7174.710296630859,90760.76806640625,265.6000061035156
59.0,265.6800178652566,-6640.000152587891,84120.76791381836,265.67999267578125
82.0,265.680010799916,-6110.639831542969,78010.12808227539,265.79998779296875
104.0,265.70539054844636,-5847.5997314453125,72162.52835083008,265.67999267578125
124.0,265.70129411737133,-5313.599853515625,66848.92849731445,265.6105041503906
142.0,265.6897855300076,-4780.989074707031,62067.93942260742,265.67999267578125
159.0,265.688738495279,-4516.559875488281,57551.37954711914,265.6700134277344
175.0,265.68702648910346,-4250.72021484375,53300.65933227539,265.5150146484375
190.0,265.6734466069456,-3982.7252197265625,49317.93411254883,265.5899963378906
203.0,265.66810250104555,-3452.669952392578,45865.26416015625,265.989990234375
215.0,265.6860683280221,-3191.8798828125,42673.38427734375,266.1000061035156
227.0,265.70795050117596,-3193.2000732421875,39480.18420410156,266.1199951171875
113.0,265.70795050117596,30337.679443359375,69817.86364746094,266.1628112792969
56.0,265.70795050117596,15171.280242919922,84989.14389038086,266.0799865722656
28.0,265.70795050117596,7450.2396240234375,92439.3835144043,265.9049987792969
14.0,265.70795050117596,3722.6699829101562,96162.05349731445,265.8299865722656
7.0,265.70795050117596,1860.8099060058594,98022.86340332031,266.06500244140625
3.0,265.70795050117596,1064.260009765625,99087.12341308594,265.8949890136719
1.0,265.70795050117596,531.7899780273438,99618.91339111328,265.8799133300781
0.0,0.0,265.8799133300781,99884.79330444336,265.7300109863281
0.0,0.0,0.0,99884.79330444336,265.6549987792969
0.0,0.0,0.0,99884.79330444336,265.6400146484375
28.0,265.6400146484375,-7437.92041015625,92446.87289428711,265.7898864746094
54.0,265.7121751573351,-6910.537048339844,85536.33584594727,265.6600036621094
78.0,265.6961223895733,-6375.840087890625,79160.49575805664,265.7699890136719
100.0,265.712373046875,-5846.939758300781,73313.55599975586,265.80999755859375
120.0,265.7286437988281,-5316.199951171875,67997.35604858398,265.5899963378906
139.0,265.70969198762083,-5046.209930419922,62951.14611816406,265.55499267578125
156.0,265.69283372927936,-4514.434875488281,58436.71124267578,265.4599914550781
172.0,265.67117398284205,-4247.35986328125,54189.35137939453,265.5212097167969
187.0,265.6591447636406,-3982.818145751953,50206.53323364258,265.4700012207031
201.0,265.64597058652055,-3716.5800170898438,46489.953216552734,265.3699951171875
214.0,265.62920572156105,-3449.8099365234375,43040.1432800293,265.5199890136719
226.0,265.623406604328,-3186.2398681640625,39853.903411865234,265.5899963378906
237.0,265.62185591685625,-2921.489959716797,36932.41345214844,265.39019775390625
247.0,265.61247704386227,-2653.9019775390625,34278.511474609375,265.2699890136719
256.0,265.6004364490509,-2387.429901123047,31891.081573486328,265.3059997558594
265.0,265.590436712301,-2387.7539978027344,29503.327575683594,265.489990234375
273.0,265.58749322576836,-2123.919921875,27379.407653808594,265.4849853515625
280.0,265.5849305289132,-1858.3948974609375,25521.012756347656,265.5899963378906
287.0,265.58505408522973,-1859.1299743652344,23661.882781982422,265.5
293.0,265.5833123633479,-1593.0,22068.882781982422,265.32000732421875
299.0,265.5780286501881,-1591.9200439453125,20476.96273803711,265.2699890136719
304.0,265.57296220879806,-1326.3499450683594,19150.61279296875,265.2900085449219
309.0,265.56838367054763,-1326.4500427246094,17824.16275024414,265.2699890136719
314.0,265.56363216327253,-1326.3499450683594,16497.81280517578,265.239990234375
318.0,265.55956119561347,-1060.9599609375,15436.852844238281,265.2749938964844
322.0,265.5560261981087,-1061.0999755859375,14375.752868652344,265.1300048828125
326.0,265.5507989427063,-1060.52001953125,13315.232849121094,265.1400146484375
329.0,265.5470531892631,-795.4200439453125,12519.812805175781,265.0086975097656
332.0,265.5421885295086,-795.0260925292969,11724.786712646484,265.1058044433594
335.0,265.5382806123192,-795.3174133300781,10929.469299316406,265.0299987792969
338.0,265.533769235103,-795.0899963378906,10134.379302978516,264.94500732421875
340.0,265.5303059297449,-529.8900146484375,9604.489288330078,264.8800048828125
342.0,265.52650299964586,-529.760009765625,9074.729278564453,265.19000244140625
344.0,265.52454660105144,-530.3800048828125,8544.34927368164,265.010009765625
346.0,265.52157239969057,-530.02001953125,8014.329254150391,264.8699951171875
348.0,265.5178277026647,-529.739990234375,7484.589263916016,264.6199951171875
350.0,265.5126972307477,-529.239990234375,6955.349273681641,264.53118896484375
351.0,265.5099009109018,-264.53118896484375,6690.818084716797,264.80010986328125
352.0,265.507884459062,-264.80010986328125,6426.017974853516,264.7300109863281
353.0,265.50568085149047,-264.7300109863281,6161.2879638671875,264.6700134277344
354.0,265.50332020905046,-264.6700134277344,5896.617950439453,264.6099853515625
355.0,265.50080377283217,-264.6099853515625,5632.007965087891,264.6300048828125
356.0,265.4983577085344,-264.6300048828125,5367.377960205078,264.739990234375
357.0,265.4962334298953,-264.739990234375,5102.637969970703,264.7099914550781
358.0,265.4940372232617,-264.7099914550781,4837.927978515625,264.69000244140625
359.0,265.49179757205883,-264.69000244140625,4573.237976074219,264.7300109863281
360.0,265.4896814982096,-264.7300109863281,4308.507965087891,264.6600036621094
361.0,265.48738322165536,-264.6600036621094,4043.8479614257812,264.55999755859375
362.0,265.4848213828071,-264.55999755859375,3779.2879638671875,264.6199951171875
363.0,265.48243894130405,-264.6199951171875,3514.66796875,264.5899963378906
363.0,265.48243894130405,0.0,3514.66796875,264.5299987792969
363.0,265.48243894130405,0.0,3514.66796875,264.55999755859375
363.0,265.48243894130405,0.0,3514.66796875,264.6643981933594
363.0,265.48243894130405,0.0,3514.66796875,264.7900085449219
363.0,265.48243894130405,0.0,3514.66796875,264.70001220703125
363.0,265.48243894130405,0.0,3514.66796875,264.8999938964844
181.0,265.48243894130405,48211.798889160156,51726.466857910156,264.94989013671875
90.0,265.48243894130405,24110.440002441406,75836.90686035156,264.9200134277344
45.0,265.48243894130405,11921.400604248047,87758.30746459961,265.2799987792969
22.0,265.48243894130405,6101.439971923828,93859.74743652344,265.32000732421875
11.0,265.48243894130405,2918.5200805664062,96778.26751708984,265.58929443359375
5.0,265.48243894130405,1593.5357666015625,98371.8032836914,265.7900085449219
2.0,265.48243894130405,797.3700256347656,99169.17330932617,265.7099914550781
1.0,265.48243894130405,265.7099914550781,99434.88330078125,265.739990234375
0.0,0.0,265.739990234375,99700.62329101562,265.82000732421875
0.0,0.0,0.0,99700.62329101562,265.94000244140625
0.0,0.0,0.0,99700.62329101562,265.9200134277344
0.0,0.0,0.0,99700.62329101562,265.9800109863281
0.0,0.0,0.0,99700.62329101562,265.9700012207031
0.0,0.0,0.0,99700.62329101562,265.989990234375
0.0,0.0,0.0,99700.62329101562,266.0350036621094
0.0,0.0,0.0,99700.62329101562,265.989990234375
0.0,0.0,0.0,99700.62329101562,265.9200134277344
0.0,0.0,0.0,99700.62329101562,265.82501220703125
0.0,0.0,0.0,99700.62329101562,265.79998779296875
0.0,0.0,0.0,99700.62329101562,265.96099853515625
0.0,0.0,0.0,99700.62329101562,265.92999267578125
0.0,0.0,0.0,99700.62329101562,265.79998779296875
0.0,0.0,0.0,99700.62329101562,266.05999755859375
0.0,0.0,0.0,99700.62329101562,265.989990234375
0.0,0.0,0.0,99700.62329101562,265.8399963378906
0.0,0.0,0.0,99700.62329101562,265.989990234375
0.0,0.0,0.0,99700.62329101562,266.3500061035156
0.0,0.0,0.0,99700.62329101562,266.4599914550781
0.0,0.0,0.0,99700.62329101562,266.4599914550781
0.0,0.0,0.0,99700.62329101562,266.44000244140625
0.0,0.0,0.0,99700.62329101562,266.3500061035156
0.0,0.0,0.0,99700.62329101562,266.1400146484375
0.0,0.0,0.0,99700.62329101562,266.0851135253906
0.0,0.0,0.0,99700.62329101562,266.1449890136719
0.0,0.0,0.0,99700.62329101562,266.1099853515625
0.0,0.0,0.0,99700.62329101562,266.125
0.0,0.0,0.0,99700.62329101562,266.0403137207031
0.0,0.0,0.0,99700.62329101562,266.1300048828125
0.0,0.0,0.0,99700.62329101562,266.1000061035156
0.0,0.0,0.0,99700.62329101562,266.1199951171875
0.0,0.0,0.0,99700.62329101562,266.3450012207031
0.0,0.0,0.0,99700.62329101562,266.4049987792969
0.0,0.0,0.0,99700.62329101562,266.260009765625
0.0,0.0,0.0,99700.62329101562,266.3500061035156
0.0,0.0,0.0,99700.62329101562,266.44000244140625
0.0,0.0,0.0,99700.62329101562,266.3949890136719
0.0,0.0,0.0,99700.62329101562,266.1600036621094
0.0,0.0,0.0,99700.62329101562,266.1700134277344
0.0,0.0,0.0,99700.62329101562,266.17999267578125
0.0,0.0,0.0,99700.62329101562,266.1000061035156
28.0,266.1000061035156,-7450.8001708984375,92249.82312011719,266.1199951171875
53.0,266.1094348835495,-6652.9998779296875,85596.8232421875,266.0899963378906
77.0,266.10337611607144,-6386.159912109375,79210.66333007812,265.7799987792969
99.0,266.03151448567706,-5847.159973144531,73363.5033569336,265.5400085449219
119.0,265.948908445214,-5310.8001708984375,68052.70318603516,265.5198974609375
138.0,265.8898417154948,-5044.8780517578125,63007.825134277344,265.54998779296875
155.0,265.85256741431454,-4514.349792480469,58493.475341796875,265.65948486328125
171.0,265.83450121070905,-4250.5517578125,54242.923583984375,265.7550048828125
186.0,265.82809021652383,-3986.3250732421875,50256.59851074219,265.8349914550781
200.0,265.82857330322264,-3721.6898803710938,46534.908630371094,265.2900085449219
213.0,265.795703153655,-3448.7701110839844,43086.13851928711,265.0
225.0,265.7532656521267,-3180.0,39906.13851928711,264.5
236.0,265.69485072766315,-2909.5,36996.63851928711,264.54998779296875
246.0,265.64831158397635,-2645.4998779296875,34351.13864135742,264.3999938964844
255.0,265.6042533126531,-2379.5999450683594,31971.538696289062,264.6650085449219
264.0,265.57223360466224,-2381.985076904297,29589.553619384766,264.6814880371094
272.0,265.5460352056166,-2117.451904296875,27472.10171508789,264.6400146484375
279.0,265.5233035070493,-1852.4801025390625,25619.621612548828,264.44000244140625
286.0,265.4967891453028,-1851.0800170898438,23768.541595458984,264.31500244140625
292.0,265.4725058568666,-1585.8900146484375,22182.651580810547,264.614990234375
298.0,265.4552404416486,-1587.68994140625,20594.961639404297,264.760009765625
303.0,265.44376798824885,-1323.800048828125,19271.161590576172,264.92999267578125
308.0,265.43542747992956,-1324.6499633789062,17946.511627197266,264.7699890136719
313.0,265.4247974724813,-1323.8499450683594,16622.661682128906,264.6549987792969
317.0,265.41508392430234,-1058.6199951171875,15564.041687011719,264.5350036621094
321.0,265.4041171920632,-1058.1400146484375,14505.901672363281,264.6549987792969
325.0,265.39489727313685,-1058.6199951171875,13447.281677246094,264.54998779296875
328.0,265.38716944252553,-793.6499633789062,12653.631713867188,264.3299865722656
331.0,265.3775877246682,-792.9899597167969,11860.64175415039,264.3800048828125
334.0,265.36862739974134,-793.1400146484375,11067.501739501953,264.32000732421875
337.0,265.3592925029266,-792.9600219726562,10274.541717529297,264.2799987792969
339.0,265.3529249883329,-528.5599975585938,9745.981719970703,264.4800109863281
341.0,265.3478052581159,-528.9600219726562,9217.021697998047,264.30999755859375
343.0,265.3417539012674,-528.6199951171875,8688.40170288086,264.3500061035156
345.0,265.33600463867174,-528.7000122070312,8159.701690673828,264.29998779296875
347.0,265.3300333600222,-528.5999755859375,7631.101715087891,264.55999755859375
349.0,265.3256205474066,-529.1199951171875,7101.981719970703,264.5350036621094
351.0,265.3211156078892,-529.0700073242188,6572.911712646484,264.6300048828125
352.0,265.3191522251475,-264.6300048828125,6308.281707763672,264.375
353.0,265.3164775729516,-264.375,6043.906707763672,264.4967956542969
176.0,265.3164775729516,46815.93283081055,52859.83953857422,264.5299987792969
88.0,265.3164775729516,23278.639892578125,76138.47943115234,264.5924987792969
44.0,265.3164775729516,11642.069946289062,87780.5493774414,264.2799987792969
68.0,264.9506615281323,-6342.719970703125,81437.82940673828,264.32000732421875
91.0,264.79126541065966,-6079.360168457031,75358.46923828125,264.0849914550781
112.0,264.6588390439881,-5545.784820556641,69812.68441772461,264.2300109863281
131.0,264.5966426081443,-5020.370208740234,64792.314208984375,263.9100036621094
149.0,264.5136929368112,-4750.380065917969,60041.934143066406,264.202392578125
166.0,264.48181277959634,-4491.440673828125,55550.49346923828,264.19000244140625
181.0,264.45762960239824,-3962.8500366210938,51587.64343261719,264.14129638671875
195.0,264.43491849973407,-3697.9781494140625,47889.665283203125,264.20001220703125
208.0,264.4202368564401,-3434.6001586914062,44455.06512451172,263.79998779296875
220.0,264.3864050893417,-3165.599853515625,41289.465270996094,263.7099914550781
231.0,264.3541949162815,-2900.8099060058594,38388.655364990234,264.1099853515625
241.0,264.34406173932217,-2641.099853515625,35747.55551147461,264.1400146484375
251.0,264.3359323731514,-2641.400146484375,33106.155364990234,264.1099853515625
260.0,264.32811113009643,-2376.9898681640625,30729.165496826172,264.20001220703125
268.0,264.3242872816467,-2113.60009765625,28615.565399169922,264.6499938964844
276.0,264.3337280530913,-2117.199951171875,26498.365447998047,264.80999755859375
138.0,264.3337280530913,36543.77966308594,63042.145111083984,264.95001220703125
69.0,264.3337280530913,18281.550842285156,81323.69595336914,265.3299865722656
34.0,264.3337280530913,9286.549530029297,90610.24548339844,265.05010986328125
17.0,264.3337280530913,4505.851867675781,95116.09735107422,264.6000061035156
8.0,264.3337280530913,2381.4000549316406,97497.49740600586,263.7049865722656
4.0,264.3337280530913,1054.8199462890625,98552.31735229492,263.6300964355469
2.0,264.3337280530913,527.2601928710938,99079.57754516602,262.54998779296875
30.0,262.66890381031027,-7351.399658203125,91728.17788696289,261.9100036621094
56.0,262.31655731293125,-6809.660095214844,84918.51779174805,261.3699951171875
80.0,262.0325886542081,-6272.8798828125,78645.63790893555,262.510009765625
102.0,262.13556183510195,-5775.22021484375,72870.4176940918,263.3550109863281
122.0,262.33547153202426,-5267.1002197265625,67603.31747436523,264.3800048828125
141.0,262.61097602610215,-5023.2200927734375,62580.0973815918,265.4175109863281
158.0,262.91294497751886,-4512.097686767578,58067.99969482422,264.7300109863281
79.0,262.91294497751886,20913.670867919922,78981.67056274414,264.3500061035156
39.0,262.91294497751886,10574.000244140625,89555.67080688477,264.1600036621094
19.0,262.91294497751886,5283.2000732421875,94838.87088012695,263.4100036621094
9.0,262.91294497751886,2634.1000366210938,97472.97091674805,263.1700134277344
4.0,262.91294497751886,1315.8500671386719,98788.82098388672,262.9649963378906
32.0,262.95848991784413,-7363.0198974609375,91425.80108642578,263.3788146972656
58.0,263.14691137068826,-6847.849182128906,84577.95190429688,263.730712890625
82.0,263.31778010823075,-6329.537109375,78248.41479492188,263.0150146484375
104.0,263.2537335686591,-5786.330322265625,72462.08447265625,262.4700012207031
124.0,263.1273251254404,-5249.4000244140625,67212.68444824219,262.2950134277344
143.0,263.01673825651443,-4983.605255126953,62229.079193115234,262.8500061035156
160.0,262.9990229652583,-4468.450103759766,57760.62908935547,262.4800109863281
176.0,262.95184005808284,-4199.68017578125,53560.94891357422,262.82000732421875
191.0,262.9414867020202,-3942.3001098632812,49618.64880371094,262.8349914550781
205.0,262.93421385588755,-3679.6898803710938,45938.958923339844,262.7799987792969
218.0,262.92501754398074,-3416.1399841308594,42522.818939208984,262.6000061035156
230.0,262.9080604253478,-3151.2000732421875,39371.6188659668,262.5299987792969
241.0,262.8908044995944,-2887.8299865722656,36483.78887939453,262.5199890136719
251.0,262.87603097425887,-2625.1998901367188,33858.58898925781,262.2799987792969
260.0,262.8553990905871,-2360.519989013672,31498.06900024414,262.32000732421875
269.0,262.83748635490934,-2360.8800659179688,29137.188934326172,262.2799987792969
277.0,262.82138563070396,-2098.239990234375,27038.948944091797,262.28509521484375
284.0,262.8081672049609,-1835.9956665039062,25202.95327758789,262.1600036621094
291.0,262.79257564207444,-1835.1200256347656,23367.833251953125,262.7500915527344
297.0,262.79171737764335,-1576.5005493164062,21791.33270263672,262.8900146484375
303.0,262.7936638582531,-1577.340087890625,20213.992614746094,262.7950134277344
308.0,262.79368576684857,-1313.9750671386719,18900.017547607422,263.5592041015625
154.0,262.79368576684857,40588.117431640625,59488.13497924805,263.1650085449219
77.0,262.79368576684857,20263.705657958984,79751.84063720703,263.17498779296875
38.0,262.79368576684857,10263.824523925781,90015.66516113281,263.94000244140625
19.0,262.79368576684857,5014.860046386719,95030.52520751953,263.6744079589844
9.0,262.79368576684857,2636.7440795898438,97667.26928710938,264.2799987792969
4.0,262.79368576684857,1321.3999938964844,98988.66928100586,264.3699951171875
2.0,262.79368576684857,528.739990234375,99517.40927124023,264.1199951171875
1.0,262.79368576684857,264.1199951171875,99781.52926635742,264.1300048828125
0.0,0.0,264.1300048828125,100045.65927124023,264.2799987792969
0.0,0.0,0.0,100045.65927124023,263.8599853515625
0.0,0.0,0.0,100045.65927124023,263.7051086425781
0.0,0.0,0.0,100045.65927124023,263.44000244140625
0.0,0.0,0.0,100045.65927124023,263.760009765625
0.0,0.0,0.0,100045.65927124023,263.75
0.0,0.0,0.0,100045.65927124023,263.7250061035156
0.0,0.0,0.0,100045.65927124023,263.6300048828125
0.0,0.0,0.0,100045.65927124023,263.7900085449219
0.0,0.0,0.0,100045.65927124023,263.385009765625
0.0,0.0,0.0,100045.65927124023,262.92999267578125
28.0,262.92999267578125,-7362.039794921875,92683.61947631836,262.4200134277344
54.0,262.6844471119068,-6822.920349121094,85860.69912719727,262.9200134277344
78.0,262.7569290552384,-6310.080322265625,79550.61880493164,262.6400146484375
100.0,262.7312078857422,-5778.080322265625,73772.53848266602,262.260009765625
121.0,262.6494296996062,-5507.460205078125,68265.07827758789,262.639892578125
140.0,262.64813537597655,-4990.157958984375,63274.920318603516,263.05999755859375
158.0,262.69505638412284,-4735.0799560546875,58539.84036254883,262.7300109863281
174.0,262.6982706004176,-4203.68017578125,54336.16018676758,262.8500061035156
189.0,262.7103131006634,-3942.7500915527344,50393.410095214844,263.2650146484375
203.0,262.74856837982026,-3685.710205078125,46707.69989013672,263.239990234375
216.0,262.77814469514067,-3422.119873046875,43285.580017089844,263.5799865722656
228.0,262.8203468991999,-3162.9598388671875,40122.620178222656,263.32000732421875
239.0,262.8433438225271,-2896.5200805664062,37226.10009765625,263.28509521484375
119.0,262.8433438225271,31594.21142578125,68820.3115234375,263.0849914550781
59.0,262.8433438225271,15785.099487304688,84605.41101074219,263.19000244140625
29.0,262.8433438225271,7895.7000732421875,92501.11108398438,263.159912109375
14.0,262.8433438225271,3947.398681640625,96448.509765625,263.1000061035156
41.0,263.0123653246415,-7103.700164794922,89344.80960083008,262.69000244140625
66.0,262.8902581719009,-6567.250061035156,82777.55953979492,262.9100036621094
89.0,262.8953609390334,-6046.930084228516,76730.6294555664,262.8349914550781
110.0,262.88383585573285,-5519.534820556641,71211.09463500977,262.7699890136719
130.0,262.86632095695427,-5255.3997802734375,65955.69485473633,263.0685119628906
148.0,262.89091175497356,-4735.233215332031,61220.4616394043,262.94000244140625
165.0,262.8959695832727,-4469.980041503906,56750.48159790039,262.8500061035156
181.0,262.8919065132389,-4205.60009765625,52544.88150024414,262.7550048828125
195.0,262.88207767823394,-3678.570068359375,48866.311431884766,262.42999267578125
208.0,262.85382236558064,-3411.5899047851562,45454.72152709961,262.42498779296875
220.0,262.8304313888927,-3149.099853515625,42305.621673583984,262.2650146484375
232.0,262.8011856954209,-3147.18017578125,39158.441497802734,262.1549987792969
243.0,262.77193443584326,-2883.7049865722656,36274.73651123047,261.94000244140625
253.0,262.73905174831606,-2619.4000244140625,33655.336486816406,262.0776062011719
262.0,262.71633033639125,-2358.698455810547,31296.63803100586,262.3599853515625
270.0,262.7057719664704,-2098.8798828125,29197.75814819336,262.44500732421875
278.0,262.69826794798837,-2099.56005859375,27098.19808959961,262.4200134277344
285.0,262.69143362643825,-1836.9400939941406,25261.25799560547,262.43499755859375
292.0,262.6852861864557,-1837.0449829101562,23424.213012695312,262.6512145996094
298.0,262.6846001813514,-1575.9072875976562,21848.305725097656,262.3955078125
304.0,262.67889441091353,-1574.373046875,20273.932678222656,262.5799865722656
309.0,262.67729396044996,-1312.8999328613281,18961.032745361328,262.8599853515625
314.0,262.6802030590345,-1314.2999267578125,17646.732818603516,263.07000732421875
157.0,262.6802030590345,41301.991149902344,58948.72396850586,262.7900085449219
78.0,262.6802030590345,20760.410675048828,79709.13464355469,262.5799865722656
39.0,262.6802030590345,10240.61947631836,89949.75411987305,262.7049865722656
19.0,262.6802030590345,5254.0997314453125,95203.85385131836,262.6099853515625
9.0,262.6802030590345,2626.099853515625,97829.95370483398,262.9150085449219
4.0,262.6802030590345,1314.5750427246094,99144.5287475586,262.8800048828125
2.0,262.6802030590345,525.760009765625,99670.28875732422,262.64990234375
1.0,262.6802030590345,262.64990234375,99932.93865966797,263.0487976074219
0.0,0.0,263.0487976074219,100195.98745727539,262.82501220703125
0.0,0.0,0.0,100195.98745727539,262.94000244140625
0.0,0.0,0.0,100195.98745727539,262.94000244140625
0.0,0.0,0.0,100195.98745727539,263.0899963378906
0.0,0.0,0.0,100195.98745727539,262.8550109863281
0.0,0.0,0.0,100195.98745727539,262.6400146484375
0.0,0.0,0.0,100195.98745727539,262.5899963378906
0.0,0.0,0.0,100195.98745727539,262.5799865722656
0.0,0.0,0.0,100195.98745727539,262.3599853515625
28.0,262.3599853515625,-7346.07958984375,92849.90786743164,262.239990234375
54.0,262.30220992476853,-6818.23974609375,86031.66812133789,262.42999267578125
78.0,262.3415276943109,-6298.31982421875,79733.34829711914,262.4100036621094
100.0,262.3565924072266,-5773.020080566406,73960.32821655273,262.18499755859375
121.0,262.3268114830837,-5505.884948730469,68454.44326782227,262.1650085449219
140.0,262.3048525129046,-4981.135162353516,63473.30810546875,262.2648010253906
158.0,262.3002896852131,-4720.766418457031,58752.54168701172,262.57000732421875
174.0,262.32509130719063,-4201.1201171875,54551.42156982422,262.6700134277344
189.0,262.35246607866236,-3940.0502014160156,50611.3713684082,262.4700012207031
203.0,262.36057195052723,-3674.5800170898438,46936.79135131836,262.31500244140625
216.0,262.357829341182,-3410.0950317382812,43526.69631958008,262.4501037597656
228.0,262.36268588952856,-3149.4012451171875,40377.29507446289,262.9800109863281
239.0,262.39109834168255,-2892.7801208496094,37484.51495361328,263.1099853515625
119.0,262.39109834168255,31573.1982421875,69057.71319580078,262.94000244140625
59.0,262.39109834168255,15776.400146484375,84834.11334228516,262.92498779296875
29.0,262.39109834168255,7887.7496337890625,92721.86297607422,262.8900146484375
14.0,262.39109834168255,3943.3502197265625,96665.21319580078,262.8800048828125
7.0,262.39109834168255,1840.1600341796875,98505.37322998047,262.75
3.0,262.39109834168255,1051.0,99556.37322998047,262.4751892089844
1.0,262.39109834168255,524.9503784179688,100081.32360839844,262.56500244140625
0.0,0.0,262.56500244140625,100343.88861083984,263.0400085449219
0.0,0.0,0.0,100343.88861083984,262.9800109863281
0.0,0.0,0.0,100343.88861083984,263.2200012207031
0.0,0.0,0.0,100343.88861083984,263.760009765625
0.0,0.0,0.0,100343.88861083984,263.31500244140625
0.0,0.0,0.0,100343.88861083984,263.2250061035156
0.0,0.0,0.0,100343.88861083984,263.06988525390625
0.0,0.0,0.0,100343.88861083984,262.80999755859375
0.0,0.0,0.0,100343.88861083984,262.3900146484375
0.0,0.0,0.0,100343.88861083984,262.3699951171875
28.0,262.3699951171875,-7346.35986328125,92997.5287475586,262.4800109863281
54.0,262.4229657208478,-6824.480285644531,86173.04846191406,262.6499938964844
78.0,262.4928205441206,-6303.599853515625,79869.44860839844,262.6588134765625
100.0,262.52933898925784,-5778.493896484375,74090.95471191406,262.7250061035156
121.0,262.5632977446249,-5517.225128173828,68573.72958374023,262.5899963378906
140.0,262.5669211251395,-4989.209930419922,63584.51965332031,262.67999267578125
158.0,262.57980269419994,-4728.2398681640625,58856.27978515625,262.6099853515625
174.0,262.58257811096894,-4201.759765625,54654.52001953125,262.6700134277344
189.0,262.5895174218233,-3940.0502014160156,50714.469818115234,262.4599914550781
203.0,262.5805845965305,-3674.4398803710938,47040.02993774414,262.4700012207031
216.0,262.5739291155779,-3412.1100158691406,43627.919921875,262.3399963378906
228.0,262.5616168641207,-3148.0799560546875,40479.83996582031,262.510009765625
239.0,262.55924164201423,-2887.610107421875,37592.22985839844,262.6199951171875
249.0,262.56168154061555,-2626.199951171875,34966.02990722656,262.885009765625
258.0,262.5729604321857,-2365.965087890625,32600.064819335938,262.55499267578125
267.0,262.5723547774754,-2362.9949340820312,30237.069885253906,262.4700012207031
275.0,262.56937721946025,-2099.760009765625,28137.30987548828,262.54998779296875
283.0,262.568829108464,-2100.39990234375,26036.90997314453,262.5400085449219
290.0,262.56813343968884,-1837.7800598144531,24199.129913330078,262.67498779296875
296.0,262.5702994063094,-1576.0499267578125,22623.079986572266,262.5400085449219
302.0,262.5696976011163,-1575.2400512695312,21047.839935302734,262.30999755859375
308.0,262.5646385093788,-1573.8599853515625,19473.979949951172,262.5400085449219
313.0,262.56424505946734,-1312.7000427246094,18161.279907226562,262.5849914550781
318.0,262.5645712606562,-1312.9249572753906,16848.354949951172,262.2449951171875
322.0,262.5606013706752,-1048.97998046875,15799.374969482422,262.2550048828125
326.0,262.5568517205174,-1049.02001953125,14750.354949951172,262.3800048828125
330.0,262.5547081224846,-1049.52001953125,13700.834930419922,262.17999267578125
333.0,262.55133230764943,-786.5399780273438,12914.294952392578,261.9231872558594
336.0,262.54572386968704,-785.7695617675781,12128.525390625,261.94500732421875
339.0,262.5404077940634,-785.8350219726562,11342.690368652344,261.8900146484375
342.0,262.5347025910316,-785.6700439453125,10557.020324707031,261.8550109863281
345.0,262.52879222925156,-785.5650329589844,9771.455291748047,261.9800109863281
347.0,262.5256292249696,-523.9600219726562,9247.49526977539,261.8999938964844
349.0,262.5220439222275,-523.7999877929688,8723.695281982422,261.6099853515625
351.0,262.516847007295,-523.219970703125,8200.475311279297,261.79998779296875
353.0,262.51278548200133,-523.5999755859375,7676.875335693359,262.0299987792969
355.0,262.51006555691566,-524.0599975585938,7152.815338134766,261.80999755859375
357.0,262.5061436073452,-523.6199951171875,6629.195343017578,261.4800109863281
358.0,262.50327731510777,-261.4800109863281,6367.71533203125,261.2900085449219
359.0,262.4998977363607,-261.2900085449219,6106.425323486328,260.9811096191406
360.0,262.49567888047955,-260.9811096191406,5845.4442138671875,260.6300048828125
361.0,262.49051080846385,-260.6300048828125,5584.814208984375,260.2699890136719
362.0,262.4843767703567,-260.2699890136719,5324.544219970703,260.4700012207031
363.0,262.47882752641823,-260.4700012207031,5064.07421875,260.7200012207031
364.0,262.4739955860179,-260.7200012207031,4803.354217529297,260.7300109863281
365.0,262.46921754601874,-260.7300109863281,4542.624206542969,260.7349853515625
366.0,262.46447920668965,-260.7349853515625,4281.889221191406,260.94500732421875
367.0,262.4603389563287,-260.94500732421875,4020.9442138671875,261.3900146484375
368.0,262.45743046636164,-261.3900146484375,3759.55419921875,260.9599914550781
369.0,262.45337236606,-260.9599914550781,3498.594207763672,261.3500061035156
370.0,262.4503902950802,-261.3500061035156,3237.2442016601562,261.4150085449219
370.0,262.4503902950802,0.0,3237.2442016601562,261.4150085449219
370.0,262.4503902950802,0.0,3237.2442016601562,261.2099914550781
370.0,262.4503902950802,0.0,3237.2442016601562,261.0150146484375
185.0,262.4503902950802,48287.77770996094,51525.021911621094,261.0899963378906
199.0,262.35468418753925,-3655.2599487304688,47869.761962890625,261.1400146484375
212.0,262.2801997346698,-3394.8201904296875,44474.94177246094,261.32501220703125
224.0,262.2290289742606,-3135.900146484375,41339.04162597656,261.05999755859375
235.0,262.1743083548039,-2871.6599731445312,38467.38165283203,261.3299865722656
117.0,262.1743083548039,30836.938415527344,69304.32006835938,261.3900146484375
58.0,262.1743083548039,15422.010864257812,84726.33093261719,261.125
29.0,262.1743083548039,7572.625,92298.95593261719,260.8299865722656
14.0,262.1743083548039,3912.4497985839844,96211.40573120117,260.8299865722656
7.0,262.1743083548039,1825.8099060058594,98037.21563720703,260.68499755859375
35.0,260.98285971783577,-7299.179931640625,90738.0357055664,260.8399963378906
61.0,260.92196712966245,-6781.839904785156,83956.19580078125,260.8399963378906
85.0,260.8988224355151,-6260.159912109375,77696.03588867188,260.7300109863281
107.0,260.8641135394206,-5736.060241699219,71959.97564697266,261.1099853515625
127.0,260.9028335098366,-5222.19970703125,66737.7759399414,261.17999267578125
146.0,260.9389021684185,-4962.419860839844,61775.35607910156,261.0199890136719
163.0,260.9473590786597,-4437.339813232422,57338.01626586914,260.92999267578125
179.0,260.9458067744918,-4174.8798828125,53163.13638305664,260.989990234375
194.0,260.94922302139,-3914.849853515625,49248.286529541016,261.04998779296875
208.0,260.9560052656309,-3654.6998291015625,45593.58670043945,261.0400085449219
221.0,260.96094663500094,-3393.5201110839844,42200.06658935547,261.1000061035156
233.0,260.9681084960403,-3133.2000732421875,39066.86651611328,261.2149963378906
116.0,260.9681084960403,30562.154571533203,69629.02108764648,261.0849914550781
58.0,260.9681084960403,15142.929504394531,84771.95059204102,260.8500061035156
29.0,260.9681084960403,7564.650177001953,92336.60076904297,260.8299865722656
55.0,260.90281449571046,-6781.579650878906,85555.02111816406,260.8900146484375
79.0,260.8989259345136,-6261.3603515625,79293.66076660156,260.54998779296875
101.0,260.82291960665236,-5732.0997314453125,73561.56103515625,260.6400146484375
122.0,260.7914359663039,-5473.4403076171875,68088.12072753906,260.80999755859375
141.0,260.79393717377553,-4955.389953613281,63132.73077392578,260.9200134277344
159.0,260.8082099572426,-4696.560241699219,58436.17053222656,261.0799865722656
175.0,260.83305810490185,-4177.27978515625,54258.89074707031,261.09130859375
190.0,260.85344630138985,-3916.36962890625,50342.52111816406,261.0899963378906
95.0,260.85344630138985,24803.54965209961,75146.07077026367,261.3699951171875
47.0,260.85344630138985,12545.759765625,87691.83053588867,261.489990234375
23.0,260.85344630138985,6275.759765625,93967.59030151367,261.614990234375
11.0,260.85344630138985,3139.3798828125,97106.97018432617,261.7349853515625
5.0,260.85344630138985,1570.409912109375,98677.38009643555,261.7410888671875
2.0,260.85344630138985,785.2232666015625,99462.60336303711,261.58551025390625
1.0,260.85344630138985,261.58551025390625,99724.18887329102,261.7449951171875
0.0,0.0,261.7449951171875,99985.9338684082,261.6499938964844
0.0,0.0,0.0,99985.9338684082,261.6199951171875
0.0,0.0,0.0,99985.9338684082,261.4800109863281
0.0,0.0,0.0,99985.9338684082,261.4750061035156
0.0,0.0,0.0,99985.9338684082,261.651611328125
0.0,0.0,0.0,99985.9338684082,261.7550048828125
0.0,0.0,0.0,99985.9338684082,261.80999755859375
0.0,0.0,0.0,99985.9338684082,261.760009765625
0.0,0.0,0.0,99985.9338684082,261.8699951171875
0.0,0.0,0.0,99985.9338684082,261.6199951171875
0.0,0.0,0.0,99985.9338684082,261.7449951171875
0.0,0.0,0.0,99985.9338684082,262.04998779296875
0.0,0.0,0.0,99985.9338684082,261.98809814453125
0.0,0.0,0.0,99985.9338684082,262.2685852050781
0.0,0.0,0.0,99985.9338684082,262.3299865722656
0.0,0.0,0.0,99985.9338684082,262.239990234375
0.0,0.0,0.0,99985.9338684082,262.4306945800781
0.0,0.0,0.0,99985.9338684082,262.2799987792969
0.0,0.0,0.0,99985.9338684082,262.2699890136719
0.0,0.0,0.0,99985.9338684082,262.385009765625
0.0,0.0,0.0,99985.9338684082,262.4949951171875
0.0,0.0,0.0,99985.9338684082,262.6300048828125
0.0,0.0,0.0,99985.9338684082,262.8500061035156
0.0,0.0,0.0,99985.9338684082,262.8706970214844
0.0,0.0,0.0,99985.9338684082,263.0199890136719
0.0,0.0,0.0,99985.9338684082,262.9200134277344
0.0,0.0,0.0,99985.9338684082,262.80010986328125
0.0,0.0,0.0,99985.9338684082,262.79010009765625
0.0,0.0,0.0,99985.9338684082,262.67999267578125
0.0,0.0,0.0,99985.9338684082,262.67999267578125
0.0,0.0,0.0,99985.9338684082,262.6300048828125
0.0,0.0,0.0,99985.9338684082,262.5199890136719
0.0,0.0,0.0,99985.9338684082,262.3999938964844
0.0,0.0,0.0,99985.9338684082,262.4800109863281
0.0,0.0,0.0,99985.9338684082,262.32000732421875
28.0,262.32000732421875,-7344.960205078125,92640.97366333008,262.3269958496094
54.0,262.3233721697772,-6820.501892089844,85820.47177124023,262.6099853515625
78.0,262.41156084109576,-6302.6396484375,79517.83212280273,262.7099914550781
100.0,262.4772155761719,-5779.619812011719,73738.21231079102,262.79998779296875
121.0,262.53323389478953,-5518.799743652344,68219.41256713867,263.0
60.0,262.53323389478953,16043.0,84262.41256713867,262.8949890136719
30.0,262.53323389478953,7886.849670410156,92149.26223754883,263.0
15.0,262.53323389478953,3945.0,96094.26223754883,262.97149658203125
7.0,262.53323389478953,2103.77197265625,98198.03421020508,262.92999267578125
3.0,262.53323389478953,1051.719970703125,99249.7541809082,263.2950134277344
1.0,262.53323389478953,526.5900268554688,99776.34420776367,263.1099853515625
0.0,0.0,263.1099853515625,100039.45419311523,263.26959228515625
0.0,0.0,0.0,100039.45419311523,263.4200134277344
0.0,0.0,0.0,100039.45419311523,263.68499755859375
0.0,0.0,0.0,100039.45419311523,263.42999267578125
0.0,0.0,0.0,100039.45419311523,263.54998779296875
0.0,0.0,0.0,100039.45419311523,263.55999755859375
0.0,0.0,0.0,100039.45419311523,263.510009765625
0.0,0.0,0.0,100039.45419311523,263.739990234375
0.0,0.0,0.0,100039.45419311523,263.7749938964844
0.0,0.0,0.0,100039.45419311523,263.75
0.0,0.0,0.0,100039.45419311523,263.7900085449219
0.0,0.0,0.0,100039.45419311523,263.7049865722656
0.0,0.0,0.0,100039.45419311523,263.7699890136719
0.0,0.0,0.0,100039.45419311523,263.7200012207031
0.0,0.0,0.0,100039.45419311523,263.6050109863281
0.0,0.0,0.0,100039.45419311523,263.6199951171875
0.0,0.0,0.0,100039.45419311523,263.6549987792969
0.0,0.0,0.0,100039.45419311523,263.68798828125
0.0,0.0,0.0,100039.45419311523,263.6400146484375
0.0,0.0,0.0,100039.45419311523,263.5799865722656
0.0,0.0,0.0,100039.45419311523,263.489990234375
0.0,0.0,0.0,100039.45419311523,263.5199890136719
0.0,0.0,0.0,100039.45419311523,263.5050048828125
28.0,263.5050048828125,-7378.14013671875,92661.31405639648,263.55999755859375
54.0,263.53148283781826,-6852.5599365234375,85808.75411987305,264.57000732421875
27.0,263.53148283781826,7143.390197753906,92952.14431762695,264.2164001464844
13.0,263.53148283781826,3699.0296020507812,96651.17391967773,264.1650085449219
6.0,263.53148283781826,1849.1550598144531,98500.32897949219,264.0199890136719
3.0,263.53148283781826,792.0599670410156,99292.3889465332,264.29998779296875
1.0,263.53148283781826,528.5999755859375,99820.98892211914,264.4700012207031
0.0,0.0,264.4700012207031,100085.45892333984,264.260009765625
0.0,0.0,0.0,100085.45892333984,264.2900085449219
0.0,0.0,0.0,100085.45892333984,264.3800048828125
0.0,0.0,0.0,100085.45892333984,264.30499267578125
0.0,0.0,0.0,100085.45892333984,264.20001220703125
0.0,0.0,0.0,100085.45892333984,264.044189453125
0.0,0.0,0.0,100085.45892333984,263.8500061035156
0.0,0.0,0.0,100085.45892333984,263.8699951171875
0.0,0.0,0.0,100085.45892333984,263.7049865722656
28.0,263.7049865722656,-7383.7396240234375,92701.7192993164,263.4200134277344
54.0,263.56777728045427,-6848.920349121094,85852.79895019531,263.177490234375
78.0,263.44768895858374,-6316.259765625,79536.53918457031,263.3999938964844
100.0,263.43719604492185,-5794.799865722656,73741.73931884766,263.2200012207031
121.0,263.3995010754293,-5527.620025634766,68214.11929321289,263.0899963378906
140.0,263.3574968610491,-4998.709930419922,63215.40936279297,263.25
158.0,263.34525038320805,-4738.5,58476.90936279297,263.25
174.0,263.3364917272809,-4212.0,54264.90936279297,263.2601013183594
189.0,263.3304289964141,-3948.9015197753906,50316.00784301758,262.9800109863281
203.0,263.3062622370979,-3681.7201538085938,46634.287689208984,263.42999267578125
216.0,263.3137089764631,-3424.5899047851562,43209.69778442383,263.0299987792969
228.0,263.2987768608228,-3156.3599853515625,40053.337799072266,263.04998779296875
239.0,263.28732631795083,-2893.5498657226562,37159.78793334961,262.9800109863281
249.0,263.2749843367612,-2629.8001098632812,34529.98782348633,262.8699951171875
258.0,263.26085680584583,-2365.8299560546875,32164.15786743164,262.8299865722656
267.0,263.2463330901072,-2365.4698791503906,29798.68798828125,262.9649963378906
275.0,263.23814874822455,-2103.719970703125,27694.968017578125,263.17999267578125
282.0,263.2367051577738,-1842.2599487304688,25852.708068847656,263.3598937988281
289.0,263.23968896568863,-1843.5192565917969,24009.18881225586,263.2900085449219
295.0,263.24071241475775,-1579.7400512695312,22429.448760986328,263.1099853515625
301.0,263.2381065596774,-1578.659912109375,20850.788848876953,263.1499938964844
306.0,263.23666681027885,-1315.7499694824219,19535.03887939453,263.19000244140625
311.0,263.235916579268,-1315.9500122070312,18219.0888671875,262.92999267578125
316.0,263.2310760111748,-1314.6499633789062,16904.438903808594,263.1199951171875
320.0,263.2296875,-1052.47998046875,15851.958923339844,262.8684997558594
324.0,263.22522839204765,-1051.4739990234375,14800.484924316406,262.8800048828125
328.0,263.2210183492521,-1051.52001953125,13748.964904785156,262.9949951171875
331.0,263.218969800321,-788.9849853515625,12959.979919433594,262.75
334.0,263.2147574967253,-788.25,12171.729919433594,262.875
337.0,263.2117329492767,-788.625,11383.104919433594,262.7699890136719
340.0,263.2078352086684,-788.3099670410156,10594.794952392578,262.590087890625
343.0,263.20243217090126,-787.770263671875,9807.024688720703,262.6199951171875
345.0,263.19905572421305,-525.239990234375,9281.784698486328,262.7200012207031
347.0,263.19629460315537,-525.4400024414062,8756.344696044922,262.7601013183594
349.0,263.19379492817086,-525.5202026367188,8230.824493408203,262.8399963378906
351.0,263.1917789817875,-525.6799926757812,7705.144500732422,262.760009765625
353.0,263.18933269727665,-525.52001953125,7179.624481201172,263.1835021972656
355.0,263.1892998493893,-526.3670043945312,6653.257476806641,263.2799987792969
177.0,263.1892998493893,46863.839782714844,53517.097259521484,263.19000244140625
88.0,263.1892998493893,23423.910217285156,76941.00747680664,263.2799987792969
44.0,263.1892998493893,11584.319946289062,88525.3274230957,263.29998779296875
22.0,263.1892998493893,5792.5997314453125,94317.92715454102,263.2001037597656
11.0,263.1892998493893,2895.201141357422,97213.12829589844,263.239990234375
5.0,263.1892998493893,1579.43994140625,98792.56823730469,263.6698913574219
2.0,263.1892998493893,791.0096740722656,99583.57791137695,263.5799865722656
1.0,263.1892998493893,263.5799865722656,99847.15789794922,263.42999267578125
0.0,0.0,263.42999267578125,100110.587890625,263.37451171875
0.0,0.0,0.0,100110.587890625,263.4200134277344
0.0,0.0,0.0,100110.587890625,263.3804931640625
0.0,0.0,0.0,100110.587890625,263.19000244140625
0.0,0.0,0.0,100110.587890625,263.27130126953125
0.0,0.0,0.0,100110.587890625,263.30999755859375
0.0,0.0,0.0,100110.587890625,263.2749938964844
0.0,0.0,0.0,100110.587890625,263.2699890136719
0.0,0.0,0.0,100110.587890625,263.2698974609375
0.0,0.0,0.0,100110.587890625,263.1499938964844
0.0,0.0,0.0,100110.587890625,263.0249938964844
28.0,263.0249938964844,-7364.6998291015625,92745.88806152344,263.260009765625
54.0,263.13814968532984,-6844.76025390625,85901.12780761719,262.67999267578125
78.0,262.99717829777643,-6304.31982421875,79596.80798339844,262.3999938964844
100.0,262.8657977294922,-5772.799865722656,73824.00811767578,262.375
121.0,262.78061795825806,-5509.875,68314.13311767578,263.07501220703125
140.0,262.8205714634487,-4998.425231933594,63315.70788574219,263.3599853515625
158.0,262.88202367855024,-4740.479736328125,58575.22814941406,263.4700012207031
174.0,262.9360905789781,-4215.52001953125,54359.70812988281,263.5400085449219
189.0,262.9840205762752,-3953.100128173828,50406.608001708984,263.79998779296875
94.0,262.9840205762752,25060.99884033203,75467.60684204102,263.7900085449219
47.0,262.9840205762752,12398.130401611328,87865.73724365234,263.6889953613281
23.0,262.9840205762752,6328.535888671875,94194.27313232422,264.9649963378906
11.0,262.9840205762752,3179.5799560546875,97373.8530883789,264.7900085449219
5.0,262.9840205762752,1588.7400512695312,98962.59313964844,264.3800048828125
2.0,262.9840205762752,793.1400146484375,99755.73315429688,264.92999267578125
1.0,262.9840205762752,264.92999267578125,100020.66314697266,264.6799011230469
0.0,0.0,264.6799011230469,100285.3430480957,263.29998779296875
0.0,0.0,0.0,100285.3430480957,263.18499755859375
0.0,0.0,0.0,100285.3430480957,262.989990234375
0.0,0.0,0.0,100285.3430480957,263.0935974121094
28.0,263.0935974121094,-7366.6207275390625,92918.72232055664,263.2250061035156
54.0,263.1568682635272,-6843.850158691406,86074.87216186523,262.7099914550781
78.0,263.01936770708136,-6305.039794921875,79769.83236694336,262.760009765625
100.0,262.962308959961,-5780.72021484375,73989.11215209961,262.70001220703125
121.0,262.91678638300624,-5516.700256347656,68472.41189575195,262.3800048828125
140.0,262.8439374651228,-4985.2200927734375,63487.191802978516,262.29998779296875
158.0,262.78196851513053,-4721.3997802734375,58765.79202270508,261.9519958496094
174.0,262.70564918956535,-4191.23193359375,54574.56008911133,262.1099853515625
189.0,262.6583742817873,-3931.6497802734375,50642.91030883789,261.42999267578125
203.0,262.5736583089593,-3660.0198974609375,46982.89041137695,262.4100036621094
216.0,262.5638087237322,-3411.330047607422,43571.56036376953,262.4200134277344
228.0,262.5562405502586,-3149.0401611328125,40422.52020263672,262.1600036621094
239.0,262.53800370603415,-2883.760040283203,37538.760162353516,262.17999267578125
249.0,262.5236257530119,-2621.7999267578125,34916.9602355957,262.4599914550781
258.0,262.5214059519212,-2362.139923095703,32554.8203125,262.4984130859375
267.0,262.5206309114948,-2362.4857177734375,30192.334594726562,262.6400146484375
275.0,262.5241038929331,-2101.1201171875,28091.214477539062,262.3999938964844
283.0,262.5205954831395,-2099.199951171875,25992.014526367188,262.5199890136719
290.0,262.52058084422134,-1837.6399230957031,24154.374603271484,262.43499755859375
296.0,262.51884604789103,-1574.6099853515625,22579.764617919922,262.20989990234375
302.0,262.5127080449994,-1573.2593994140625,21006.50521850586,262.5
308.0,262.51246048568123,-1575.0,19431.50521850586,262.6650085449219
313.0,262.5148973556371,-1313.3250427246094,18118.18017578125,262.92999267578125
156.0,262.5148973556371,41280.008850097656,59398.189025878906,262.54998779296875
78.0,262.5148973556371,20478.899047851562,79877.08807373047,261.9599914550781
39.0,262.5148973556371,10216.439666748047,90093.52774047852,262.1099853515625
19.0,262.5148973556371,5242.19970703125,95335.72744750977,262.29998779296875
9.0,262.5148973556371,2622.9998779296875,97958.72732543945,262.4049987792969
36.0,262.43247342338196,-7084.934967041016,90873.79235839844,262.3999938964844
61.0,262.41916214186654,-6559.999847412109,84313.79251098633,262.6400146484375
30.0,262.41916214186654,8141.8404541015625,92455.63296508789,262.875
15.0,262.41916214186654,3943.125,96398.75796508789,262.7300109863281
7.0,262.41916214186654,2101.840087890625,98500.59805297852,262.70989990234375
3.0,262.41916214186654,1050.839599609375,99551.43765258789,262.80999755859375
1.0,262.41916214186654,525.6199951171875,100077.05764770508,263.0899963378906
0.0,0.0,263.0899963378906,100340.14764404297,262.8999938964844
0.0,0.0,0.0,100340.14764404297,263.0450134277344
0.0,0.0,0.0,100340.14764404297,263.18499755859375
0.0,0.0,0.0,100340.14764404297,263.4549865722656
0.0,0.0,0.0,100340.14764404297,263.55999755859375
0.0,0.0,0.0,100340.14764404297,263.7499084472656
0.0,0.0,0.0,100340.14764404297,264.16009521484375
0.0,0.0,0.0,100340.14764404297,264.24639892578125
0.0,0.0,0.0,100340.14764404297,264.25
0.0,0.0,0.0,100340.14764404297,264.114990234375
0.0,0.0,0.0,100340.14764404297,264.17999267578125
0.0,0.0,0.0,100340.14764404297,263.9200134277344
0.0,0.0,0.0,100340.14764404297,263.9700012207031
0.0,0.0,0.0,100340.14764404297,263.9800109863281
0.0,0.0,0.0,100340.14764404297,263.9200134277344
0.0,0.0,0.0,100340.14764404297,264.1300048828125
0.0,0.0,0.0,100340.14764404297,264.0799865722656
0.0,0.0,0.0,100340.14764404297,264.3699951171875
0.0,0.0,0.0,100340.14764404297,264.2550048828125
0.0,0.0,0.0,100340.14764404297,264.1400146484375
0.0,0.0,0.0,100340.14764404297,264.1700134277344
0.0,0.0,0.0,100340.14764404297,264.30999755859375
0.0,0.0,0.0,100340.14764404297,264.4200134277344
0.0,0.0,0.0,100340.14764404297,264.4867858886719
0.0,0.0,0.0,100340.14764404297,264.2099914550781
0.0,0.0,0.0,100340.14764404297,263.9700012207031
0.0,0.0,0.0,100340.14764404297,264.2066955566406
0.0,0.0,0.0,100340.14764404297,264.17999267578125
0.0,0.0,0.0,100340.14764404297,263.95001220703125
28.0,263.95001220703125,-7390.600341796875,92949.5473022461,263.8085021972656
54.0,263.88187775788487,-6859.021057128906,86090.52624511719,263.7300109863281
78.0,263.8351495204828,-6329.520263671875,79761.00598144531,263.3800048828125
100.0,263.7350177001953,-5794.360107421875,73966.64587402344,263.3500061035156
121.0,263.66819750573023,-5530.350128173828,68436.29574584961,263.25
140.0,263.6114421299526,-5001.75,63434.54574584961,263.19000244140625
158.0,263.5634300135359,-4737.4200439453125,58697.1257019043,263.25048828125
174.0,263.5346537622912,-4212.0078125,54485.1178894043,263.4287109375
189.0,263.52624560159353,-3951.4306640625,50533.6872253418,263.45001220703125
203.0,263.5209881261065,-3688.3001708984375,46845.38705444336,262.92498779296875
216.0,263.4851177356862,-3418.0248413085938,43427.362213134766,263.0299987792969
228.0,263.4611641064025,-3156.3599853515625,40271.0022277832,263.2200012207031
239.0,263.450064559362,-2895.4200134277344,37375.58221435547,263.2900085449219
249.0,263.44363660697485,-2632.9000854492188,34742.68212890625,263.5
258.0,263.4456027718478,-2371.5,32371.18212890625,263.7749938964844
267.0,263.45670584346476,-2373.9749450683594,29997.20718383789,263.7449951171875
275.0,263.4650924405185,-2109.9599609375,27887.24722290039,264.05621337890625
282.0,263.4797656553012,-1848.3934936523438,26038.853729248047,264.17010498046875
141.0,263.4797656553012,37247.984802246094,63286.83853149414,263.9700012207031
70.0,263.4797656553012,18741.870086669922,82028.70861816406,264.375
35.0,263.4797656553012,9253.125,91281.83361816406,264.2499084472656
17.0,263.4797656553012,4756.498352050781,96038.33197021484,264.14990234375
8.0,263.4797656553012,2377.34912109375,98415.6810913086,263.9649963378906
4.0,263.4797656553012,1055.8599853515625,99471.54107666016,263.8089904785156
2.0,263.4797656553012,527.6179809570312,99999.15905761719,263.7200012207031
1.0,263.4797656553012,263.7200012207031,100262.87905883789,263.70001220703125
0.0,0.0,263.70001220703125,100526.57907104492,263.75
0.0,0.0,0.0,100526.57907104492,263.760009765625
0.0,0.0,0.0,100526.57907104492,263.69500732421875
0.0,0.0,0.0,100526.57907104492,263.6000061035156
0.0,0.0,0.0,100526.57907104492,263.55499267578125
28.0,263.55499267578125,-7379.539794921875,93147.03927612305,263.510009765625
54.0,263.5333342375579,-6851.26025390625,86295.7790222168,263.5199890136719
78.0,263.52922801482373,-6324.479736328125,79971.29928588867,263.70001220703125
100.0,263.5668005371094,-5801.4002685546875,74169.89901733398,263.70001220703125
121.0,263.5899199178396,-5537.700256347656,68632.19876098633,263.54998779296875
140.0,263.5845005580357,-5007.449768066406,63624.74899291992,263.5450134277344
158.0,263.5800020242039,-4743.810241699219,58880.9387512207,263.6700134277344
174.0,263.58827893487336,-4218.72021484375,54662.21853637695,263.9649963378906
189.0,263.618177141462,-3959.4749450683594,50702.743591308594,264.05999755859375
203.0,263.6486475150573,-3696.8399658203125,47005.90362548828,264.239990234375
101.0,263.6486475150573,26952.47900390625,73958.38262939453,264.1499938964844
50.0,263.6486475150573,13471.649688720703,87430.03231811523,264.2149963378906
25.0,263.6486475150573,6605.374908447266,94035.4072265625,264.2699890136719
12.0,263.6486475150573,3435.5098571777344,97470.91708374023,264.4100036621094
6.0,263.6486475150573,1586.4600219726562,99057.37710571289,264.45001220703125
3.0,263.6486475150573,793.3500366210938,99850.72714233398,264.5299987792969
1.0,263.6486475150573,529.0599975585938,100379.78713989258,264.3699035644531
0.0,0.0,264.3699035644531,100644.15704345703,264.5350036621094
0.0,0.0,0.0,100644.15704345703,264.42999267578125
0.0,0.0,0.0,100644.15704345703,264.4700012207031
0.0,0.0,0.0,100644.15704345703,264.6000061035156
0.0,0.0,0.0,100644.15704345703,264.70001220703125
0.0,0.0,0.0,100644.15704345703,264.7300109863281
0.0,0.0,0.0,100644.15704345703,264.5899963378906
0.0,0.0,0.0,100644.15704345703,264.7250061035156
0.0,0.0,0.0,100644.15704345703,264.7300109863281
0.0,0.0,0.0,100644.15704345703,264.93170166015625
0.0,0.0,0.0,100644.15704345703,265.10101318359375
0.0,0.0,0.0,100644.15704345703,265.3599853515625
0.0,0.0,0.0,100644.15704345703,265.4501037597656
0.0,0.0,0.0,100644.15704345703,265.3299865722656
0.0,0.0,0.0,100644.15704345703,265.4849853515625
0.0,0.0,0.0,100644.15704345703,265.3800048828125
0.0,0.0,0.0,100644.15704345703,265.3450012207031
0.0,0.0,0.0,100644.15704345703,265.0899963378906
0.0,0.0,0.0,100644.15704345703,265.239990234375
0.0,0.0,0.0,100644.15704345703,265.0400085449219
0.0,0.0,0.0,100644.15704345703,265.1099853515625
0.0,0.0,0.0,100644.15704345703,265.29998779296875
0.0,0.0,0.0,100644.15704345703,265.2799987792969
0.0,0.0,0.0,100644.15704345703,265.239990234375
0.0,0.0,0.0,100644.15704345703,265.1600036621094
0.0,0.0,0.0,100644.15704345703,265.0199890136719
0.0,0.0,0.0,100644.15704345703,264.8999938964844
0.0,0.0,0.0,100644.15704345703,264.7650146484375
28.0,264.7650146484375,-7413.42041015625,93230.73663330078,264.7300109863281
54.0,264.7481610333478,-6882.980285644531,86347.75634765625,264.7799987792969
78.0,264.7579572628706,-6354.719970703125,79993.03637695312,264.8450012207031
100.0,264.77710693359376,-5826.590026855469,74166.44635009766,264.8500061035156
121.0,264.7897588556463,-5561.850128173828,68604.59622192383,264.8399963378906
140.0,264.79657679966516,-5031.959930419922,63572.636291503906,264.8900146484375
157.0,264.80669427373607,-4503.1302490234375,59069.50604248047,265.0899963378906
173.0,264.8328956207099,-4241.43994140625,54828.06610107422,265.0801086425781
188.0,264.8526200639441,-3976.201629638672,50851.86447143555,265.0849914550781
202.0,264.86872501184445,-3711.1898803710938,47140.67459106445,265.1099853515625
215.0,264.88331284633904,-3446.4298095703125,43694.24478149414,265.1300048828125
107.0,264.88331284633904,28634.04052734375,72328.28530883789,265.19000244140625
53.0,264.88331284633904,14320.260131835938,86648.54544067383,265.30999755859375
26.0,264.88331284633904,7163.369934082031,93811.91537475586,265.25
13.0,264.88331284633904,3448.25,97260.16537475586,265.3500061035156
6.0,264.88331284633904,1857.4500427246094,99117.61541748047,265.2699890136719
3.0,264.88331284633904,795.8099670410156,99913.42538452148,265.2300109863281
1.0,264.88331284633904,530.4600219726562,100443.88540649414,265.215087890625
0.0,0.0,265.215087890625,100709.10049438477,265.2799987792969
0.0,0.0,0.0,100709.10049438477,265.19500732421875
0.0,0.0,0.0,100709.10049438477,265.1000061035156
0.0,0.0,0.0,100709.10049438477,265.1000061035156
0.0,0.0,0.0,100709.10049438477,265.03009033203125
0.0,0.0,0.0,100709.10049438477,265.04010009765625
0.0,0.0,0.0,100709.10049438477,265.1700134277344
0.0,0.0,0.0,100709.10049438477,265.17999267578125
28.0,265.17999267578125,-7425.039794921875,93284.06069946289,265.3299865722656
14.0,265.17999267578125,3714.6198120117188,96998.68051147461,265.3800048828125
7.0,265.17999267578125,1857.6600341796875,98856.3405456543,265.36260986328125
3.0,265.17999267578125,1061.450439453125,99917.79098510742,265.2699890136719
1.0,265.17999267578125,530.5399780273438,100448.33096313477,264.8999938964844
0.0,0.0,264.8999938964844,100713.23095703125,264.67999267578125
28.0,264.67999267578125,-7411.039794921875,93302.19116210938,264.3699035644531
54.0,264.5306905110677,-6873.617492675781,86428.5736694336,264.2200012207031
78.0,264.43509380634015,-6341.280029296875,80087.29364013672,264.42010498046875
100.0,264.4317962646484,-5817.2423095703125,74270.0513305664,264.5090026855469
121.0,264.44519572612666,-5554.689056396484,68715.36227416992,264.739990234375
140.0,264.4852035522461,-5030.059814453125,63685.3024597168,264.6700134277344
158.0,264.50625784185866,-4764.060241699219,58921.24221801758,264.5199890136719
174.0,264.5075204783472,-4232.31982421875,54688.92239379883,264.6499938964844
189.0,264.5188278924851,-3969.7499084472656,50719.17248535156,264.81500244140625
203.0,264.53925372344514,-3707.4100341796875,47011.762451171875,264.7900085449219
216.0,264.5543454488118,-3442.2701110839844,43569.49234008789,264.6401062011719
228.0,264.5588591726202,-3175.6812744140625,40393.81106567383,264.4849853515625
239.0,264.55545912227865,-2909.3348388671875,37484.47622680664,264.54998779296875
249.0,264.55523939017786,-2645.4998779296875,34838.97634887695,264.67999267578125
258.0,264.55959124897794,-2382.1199340820312,32456.856414794922,264.7300109863281
267.0,264.5653357345066,-2382.570098876953,30074.28631591797,264.9049987792969
275.0,264.57521684126414,-2119.239990234375,27955.046325683594,265.0199890136719
282.0,264.5862572852601,-1855.1399230957031,26099.90640258789,265.1205139160156
141.0,264.5862572852601,37381.9924621582,63481.898864746094,265.1099853515625
70.0,264.5862572852601,18822.808959960938,82304.70782470703,265.19000244140625
35.0,264.5862572852601,9281.650085449219,91586.35791015625,265.19500732421875
17.0,264.5862572852601,4773.5101318359375,96359.86804199219,264.8800048828125
8.0,264.5862572852601,2383.9200439453125,98743.7880859375,264.9849853515625
4.0,264.5862572852601,1059.93994140625,99803.72802734375,265.0
2.0,264.5862572852601,530.0,100333.72802734375,264.760009765625
1.0,264.5862572852601,264.760009765625,100598.48803710938,264.7699890136719
0.0,0.0,264.7699890136719,100863.25802612305,264.7174987792969
0.0,0.0,0.0,100863.25802612305,264.82501220703125
0.0,0.0,0.0,100863.25802612305,264.6199951171875
28.0,264.6199951171875,-7409.35986328125,93453.8981628418,264.7181091308594
54.0,264.6672351978443,-6882.670837402344,86571.22732543945,264.57000732421875
78.0,264.63731892903644,-6349.68017578125,80221.5471496582,264.5
100.0,264.60710876464844,-5819.0,74402.5471496582,264.54998779296875
121.0,264.59719520758006,-5555.549743652344,68846.99740600586,264.41009521484375
140.0,264.5718030657087,-5023.791809082031,63823.20559692383,264.239990234375
158.0,264.5340016039112,-4756.31982421875,59066.88577270508,264.1099853515625
174.0,264.4950116036952,-4225.759765625,54841.12600708008,264.44500732421875
189.0,264.491043010086,-3966.6751098632812,50874.4508972168,264.20001220703125
203.0,264.47097192022017,-3698.8001708984375,47175.65072631836,264.07000732421875
216.0,264.4468397917571,-3432.9100952148438,43742.740631103516,264.44000244140625
228.0,264.4464799312123,-3173.280029296875,40569.46060180664,264.42999267578125
239.0,264.4457211035565,-2908.7299194335938,37660.73068237305,264.3999938964844
249.0,264.4438846695375,-2643.9999389648438,35016.7307434082,264.19000244140625
258.0,264.43502831274225,-2377.7100219726562,32639.020721435547,264.0150146484375
267.0,264.4208705487769,-2376.1351318359375,30262.88558959961,263.8399963378906
275.0,264.40397238991477,-2110.719970703125,28152.165618896484,263.760009765625
283.0,264.3857684994755,-2110.080078125,26042.085540771484,263.6549987792969
290.0,264.36812923036774,-1845.5849914550781,24196.500549316406,263.7900085449219
296.0,264.3564105678249,-1582.7400512695312,22613.760498046875,263.82000732421875
302.0,264.34575354974004,-1582.9200439453125,21030.840454101562,263.8599853515625
307.0,264.33784201556773,-1319.2999267578125,19711.54052734375,263.8212890625
312.0,264.32956392337115,-1319.1064453125,18392.43408203125,263.81390380859375
317.0,264.32143048307495,-1319.0695190429688,17073.36456298828,263.8699951171875
321.0,264.31580512026017,-1055.47998046875,16017.884582519531,263.55999755859375
325.0,264.30650287334737,-1054.239990234375,14963.644592285156,263.4186096191406
329.0,264.29570781858496,-1053.6744384765625,13909.970153808594,263.3949890136719
332.0,264.28756879323936,-790.1849670410156,13119.785186767578,263.6499938964844
335.0,264.28185916729825,-790.9499816894531,12328.835205078125,263.6400146484375
338.0,264.2761623224563,-790.9200439453125,11537.915161132812,263.7799987792969
341.0,264.2717972472965,-791.3399963378906,10746.575164794922,263.9169921875
344.0,264.2687030171238,-791.7509765625,9954.824188232422,263.92999267578125
346.0,264.26674515387907,-527.8599853515625,9426.96420288086,264.1600036621094
348.0,264.26613169702983,-528.3200073242188,8898.64419555664,264.05999755859375
174.0,264.26613169702983,45946.43957519531,54845.08377075195,263.9849853515625
87.0,264.26613169702983,22966.693725585938,77811.77749633789,264.1000061035156
43.0,264.26613169702983,11620.400268554688,89432.17776489258,263.989990234375
21.0,264.26613169702983,5807.77978515625,95239.95755004883,264.04998779296875
10.0,264.26613169702983,2904.5498657226562,98144.50741577148,263.9800109863281
5.0,264.26613169702983,1319.9000549316406,99464.40747070312,263.9100036621094
2.0,264.26613169702983,791.7300109863281,100256.13748168945,263.8599853515625
1.0,264.26613169702983,263.8599853515625,100519.99746704102,263.7799987792969
0.0,0.0,263.7799987792969,100783.77746582031,263.9013977050781
0.0,0.0,0.0,100783.77746582031,263.760009765625
0.0,0.0,0.0,100783.77746582031,263.6600036621094
28.0,263.6600036621094,-7382.4801025390625,93401.29736328125,263.75
54.0,263.70333523220484,-6857.5,86543.79736328125,263.7300109863281
78.0,263.7115431565505,-6329.520263671875,80214.27709960938,263.6300048828125
100.0,263.6936047363281,-5799.860107421875,74414.4169921875,263.69158935546875
121.0,263.6932549594847,-5537.523376464844,68876.89361572266,263.7099914550781
140.0,263.6955263410295,-5010.489837646484,63866.40377807617,263.5899963378906
158.0,263.68350393560866,-4744.619934082031,59121.78384399414,263.6300048828125
174.0,263.67858448247796,-4218.080078125,54903.70376586914,263.55059814453125
189.0,263.66842683660917,-3953.2589721679688,50950.44479370117,263.5
203.0,263.6568111927051,-3689.0,47261.44479370117,263.4049987792969
216.0,263.6416558159722,-3424.2649841308594,43837.17980957031,263.3599853515625
228.0,263.62683105468744,-3160.31982421875,40676.85998535156,263.21929931640625
239.0,263.6080743638042,-2895.4122924804688,37781.447692871094,263.1400146484375
249.0,263.58927678487373,-2631.400146484375,35150.04754638672,263.118896484375
259.0,263.5711153833101,-2631.18896484375,32518.85858154297,263.260009765625
268.0,263.56066780659677,-2369.340087890625,30149.518493652344,263.2900085449219
276.0,263.5528226106062,-2106.320068359375,28043.19842529297,263.4599914550781
283.0,263.5505264336144,-1844.2199401855469,26198.978485107422,263.4849853515625
290.0,263.5489444074959,-1844.3948974609375,24354.583587646484,263.44000244140625
296.0,263.5467361243995,-1580.6400146484375,22773.943572998047,263.3599853515625
302.0,263.54302584414444,-1580.159912109375,21193.783660888672,263.32000732421875
308.0,263.5386813275225,-1579.9200439453125,19613.86361694336,263.3299865722656
313.0,263.5353475454897,-1316.6499328613281,18297.21368408203,263.2900085449219
318.0,263.5314900140342,-1316.4500427246094,16980.763641357422,263.30999755859375
322.0,263.5287385549604,-1053.239990234375,15927.523651123047,263.2850036621094
326.0,263.5257479427782,-1053.1400146484375,14874.38363647461,263.32501220703125
330.0,263.52331478234487,-1053.300048828125,13821.083587646484,263.4599914550781
333.0,263.5227443019191,-790.3799743652344,13030.70361328125,263.4150085449219
336.0,263.5217823755173,-790.2450256347656,12240.458587646484,263.6000061035156
168.0,263.5217823755173,44284.801025390625,56525.25961303711,263.4599914550781
84.0,263.5217823755173,22130.639282226562,78655.89889526367,263.489990234375
42.0,263.5217823755173,11066.57958984375,89722.47848510742,263.44000244140625
21.0,263.5217823755173,5532.240051269531,95254.71853637695,263.3599853515625
10.0,263.5217823755173,2896.9598388671875,98151.67837524414,263.3699951171875
5.0,263.5217823755173,1316.8499755859375,99468.52835083008,263.4700012207031
2.0,263.5217823755173,790.4100036621094,100258.93835449219,263.54998779296875
1.0,263.5217823755173,263.54998779296875,100522.48834228516,263.6142883300781
0.0,0.0,263.6142883300781,100786.10263061523,263.1499938964844
0.0,0.0,0.0,100786.10263061523,263.29998779296875
0.0,0.0,0.0,100786.10263061523,263.4306945800781
0.0,0.0,0.0,100786.10263061523,263.45001220703125
28.0,263.45001220703125,-7376.600341796875,93409.50228881836,263.2300109863281
54.0,263.3440856933594,-6843.980285644531,86565.52200317383,263.4100036621094
78.0,263.36436814528247,-6321.840087890625,80243.6819152832,263.3599853515625
100.0,263.36340393066405,-5793.919677734375,74449.76223754883,263.3500061035156
121.0,263.36107868793584,-5530.350128173828,68919.412109375,263.30999755859375
140.0,263.35414624895367,-5002.889953613281,63916.52215576172,263.5
158.0,263.3707624990729,-4743.0,59173.52215576172,263.3599853515625
174.0,263.36977149700294,-4213.759765625,54959.76239013672,263.3949890136719
189.0,263.3717728872148,-3950.924835205078,51008.83755493164,263.3399963378906
203.0,263.3695814010545,-3686.7599487304688,47322.07760620117,263.44000244140625
216.0,263.373819704409,-3424.7200317382812,43897.35757446289,263.3599853515625
228.0,263.37309158057496,-3160.31982421875,40737.03775024414,263.3713073730469
239.0,263.37300946223684,-2897.0843811035156,37839.953369140625,263.385009765625
249.0,263.37349140213195,-2633.85009765625,35206.103271484375,263.56500244140625
124.0,263.37349140213195,32945.62530517578,68151.72857666016,263.55999755859375
62.0,263.37349140213195,16340.719848632812,84492.44842529297,263.3799133300781
31.0,263.37349140213195,8164.777313232422,92657.22573852539,263.32000732421875
15.0,263.37349140213195,4213.1201171875,96870.34585571289,263.2799987792969
7.0,263.37349140213195,2106.239990234375,98976.58584594727,263.2099914550781
35.0,263.24269144448886,-7369.8797607421875,91606.70608520508,263.2900085449219
61.0,263.26285938893574,-6845.540222167969,84761.16586303711,263.17999267578125
85.0,263.239461728751,-6316.31982421875,78444.84603881836,263.1099853515625
107.0,263.21284041755337,-5788.419677734375,72656.42636108398,263.1499938964844
127.0,263.20294332762126,-5262.9998779296875,67393.4264831543,263.18499755859375
146.0,263.20060791932315,-5000.514953613281,62392.911529541016,263.2900085449219
163.0,263.20993191095,-4475.930145263672,57916.981384277344,263.2799987792969
179.0,263.2161948712492,-4212.47998046875,53704.501403808594,263.260009765625
194.0,263.2195826208143,-3948.900146484375,49755.60125732422,263.2900085449219
208.0,263.22432282724463,-3686.0601196289062,46069.54113769531,263.2699890136719
221.0,263.2270090735051,-3422.5098571777344,42647.03128051758,263.2300109863281
233.0,263.2271636784573,-3158.7601318359375,39488.27114868164,263.2200012207031
244.0,263.2268407807717,-2895.4200134277344,36592.851135253906,263.260009765625
254.0,263.2281466463171,-2632.60009765625,33960.251037597656,263.1300048828125
263.0,263.2247881829272,-2368.1700439453125,31592.080993652344,263.2200012207031
272.0,263.2246297907948,-2368.980010986328,29223.100982666016,263.1700134277344
280.0,263.22306932327876,-2105.360107421875,27117.74087524414,263.26959228515625
287.0,263.22420402966605,-1842.8871459960938,25274.853729248047,263.3599853515625
294.0,263.2274369182826,-1843.5198974609375,23431.33383178711,263.3599853515625
147.0,263.2274369182826,38713.91784667969,62145.2516784668,263.2850036621094
73.0,263.2274369182826,19483.090270996094,81628.34194946289,263.19000244140625
36.0,263.2274369182826,9738.030090332031,91366.37203979492,263.3067932128906
18.0,263.2274369182826,4739.522277832031,96105.89431762695,263.07000732421875
9.0,263.2274369182826,2367.6300659179688,98473.52438354492,262.92498779296875
37.0,262.9985564991262,-7361.899658203125,91111.6247253418,262.9599914550781
62.0,262.98300607813906,-6573.999786376953,84537.62493896484,262.8399963378906
86.0,262.943096383186,-6308.159912109375,78229.46502685547,262.8599853515625
108.0,262.92616635822566,-5782.919677734375,72446.5453491211,262.8789978027344
128.0,262.91879627143015,-5257.5799560546875,67188.9653930664,262.8902893066406
147.0,262.91511169774986,-4994.915496826172,62194.049896240234,262.875
164.0,262.91095377786115,-4468.875,57725.174896240234,262.70001220703125
180.0,262.89220341600964,-4203.2001953125,53521.974700927734,262.6600036621094
195.0,262.8743418964788,-3939.9000549316406,49582.074645996094,262.57000732421875
209.0,262.8539558485762,-3675.9801025390625,45906.09454345703,262.4100036621094
222.0,262.8279586484678,-3411.330047607422,42494.76449584961,262.3500061035156
234.0,262.8034482615472,-3148.2000732421875,39346.56442260742,262.4100036621094
245.0,262.7857834019806,-2886.510040283203,36460.05438232422,262.08990478515625
255.0,262.75849404445813,-2620.8990478515625,33839.155334472656,262.2699890136719
264.0,262.7418404638631,-2360.429901123047,31478.72543334961,262.43011474609375
272.0,262.7326720603993,-2099.44091796875,29379.28451538086,262.44000244140625
280.0,262.72431007128523,-2099.52001953125,27279.76449584961,262.5899963378906
287.0,262.72103412656827,-1838.1299743652344,25441.634521484375,262.5799865722656
294.0,262.71767585146586,-1838.0599060058594,23603.574615478516,262.6099853515625
300.0,262.71552204146775,-1575.659912109375,22027.91470336914,262.6261901855469
306.0,262.7137704364497,-1575.7571411132812,20452.15756225586,262.7300109863281
311.0,262.71403153853777,-1313.6500549316406,19138.50750732422,262.6499938964844
316.0,262.7130182847078,-1313.2499694824219,17825.257537841797,262.70001220703125
158.0,262.7130182847078,41506.60192871094,59331.859466552734,262.6300048828125
79.0,262.7130182847078,20747.770385742188,80079.62985229492,262.6199951171875
39.0,262.7130182847078,10504.7998046875,90584.42965698242,262.6050109863281
19.0,262.7130182847078,5252.1002197265625,95836.52987670898,262.69000244140625
9.0,262.7130182847078,2626.9000244140625,98463.42990112305,262.6499938964844
4.0,262.7130182847078,1313.2499694824219,99776.67987060547,262.7699890136719
2.0,262.7130182847078,525.5399780273438,100302.21984863281,262.7929992675781
1.0,262.7130182847078,262.7929992675781,100565.01284790039,262.6400146484375
0.0,0.0,262.6400146484375,100827.65286254883,262.5224914550781
0.0,0.0,0.0,100827.65286254883,262.4949951171875
0.0,0.0,0.0,100827.65286254883,262.5198974609375
0.0,0.0,0.0,100827.65286254883,262.45001220703125
28.0,262.45001220703125,-7348.600341796875,93479.05252075195,262.345703125
54.0,262.3997893156829,-6820.98828125,86658.06423950195,262.3999938964844
78.0,262.39985226362177,-6297.599853515625,80360.46438598633,262.32000732421875
100.0,262.38228637695306,-5771.0401611328125,74589.42422485352,262.2699890136719
121.0,262.36279675192077,-5507.669769287109,69081.7544555664,262.3500061035156
140.0,262.36106087820866,-4984.650115966797,64097.10433959961,262.2349853515625
158.0,262.34669784352747,-4720.229736328125,59376.874603271484,262.5354919433594
174.0,262.3640582205235,-4200.56787109375,55176.306732177734,262.6499938964844
189.0,262.3867515281394,-3939.7499084472656,51236.55682373047,262.8500061035156
203.0,262.41870011954467,-3679.9000854492188,47556.65673828125,262.8800048828125
101.0,262.41870011954467,26813.760498046875,74370.41723632812,262.8599853515625
50.0,262.41870011954467,13405.859252929688,87776.27648925781,262.9599914550781
25.0,262.41870011954467,6573.999786376953,94350.27627563477,262.864990234375
12.0,262.41870011954467,3417.244873046875,97767.52114868164,262.7699890136719
6.0,262.41870011954467,1576.6199340820312,99344.14108276367,262.7200012207031
3.0,262.41870011954467,788.1600036621094,100132.30108642578,262.45001220703125
1.0,262.41870011954467,524.9000244140625,100657.20111083984,260.3349914550781
29.0,260.4068434779908,-7289.3797607421875,93367.82135009766,260.2099914550781
55.0,260.31378615806847,-6765.459777832031,86602.36157226562,260.20001220703125
79.0,260.27922191977865,-6244.80029296875,80357.56127929688,260.6300048828125
102.0,260.35832003889413,-5994.4901123046875,74363.07116699219,260.7699890136719
123.0,260.4286049858074,-5476.169769287109,68886.90139770508,261.3399963378906
142.0,260.5505517160157,-4965.459930419922,63921.441467285156,260.93499755859375
160.0,260.5938018733058,-4696.8299560546875,59224.61151123047,260.94500732421875
177.0,260.62753347028615,-4436.065124511719,54788.54638671875,260.8241882324219
192.0,260.642897123578,-3912.362823486328,50876.18356323242,260.44000244140625
206.0,260.62910816459544,-3646.1600341796875,47230.023529052734,260.40509033203125
219.0,260.61581030238847,-3385.2661743164062,43844.75735473633,260.3699951171875
231.0,260.60304068237804,-3124.43994140625,40720.31741333008,259.6700134277344
242.0,260.5606303526215,-2856.370147705078,37863.947265625,259.510009765625
252.0,260.51893905948674,-2595.10009765625,35268.84716796875,259.33990478515625
262.0,260.4739377513062,-2593.3990478515625,32675.448120117188,259.4800109863281
271.0,260.4409291133549,-2335.320098876953,30340.128021240234,259.57501220703125
279.0,260.4160999547506,-2076.60009765625,28263.527923583984,259.8500061035156
287.0,260.400320335204,-2078.800048828125,26184.72787475586,259.56500244140625
294.0,260.3804318139231,-1816.9550170898438,24367.772857666016,259.1549987792969
301.0,260.3519333712574,-1814.0849914550781,22553.687866210938,259.1600036621094
307.0,260.3286383280819,-1554.9600219726562,20998.72784423828,259.2099914550781
313.0,260.30719461805626,-1555.2599487304688,19443.467895507812,259.489990234375
318.0,260.2943454925267,-1297.449951171875,18146.017944335938,259.43499755859375
323.0,260.2810428929302,-1297.1749877929688,16848.84295654297,259.3500061035156
327.0,260.2696540637019,-1037.4000244140625,15811.442932128906,259.331298828125
331.0,260.25831442339285,-1037.3251953125,14774.117736816406,259.4375
335.0,260.24851365415833,-1037.75,13736.367736816406,259.68499755859375
338.0,260.2435120320083,-779.0549926757812,12957.312744140625,259.8599853515625
341.0,260.2401378969897,-779.5799560546875,12177.732788085938,259.94000244140625
344.0,260.23752043662125,-779.8200073242188,11397.912780761719,260.2449951171875
172.0,260.23752043662125,44762.13916015625,56160.05194091797,259.92999267578125
86.0,260.23752043662125,22353.979370117188,78514.03131103516,259.8900146484375
43.0,260.23752043662125,11175.270629882812,89689.30194091797,259.5799865722656
21.0,260.23752043662125,5710.759704589844,95400.06164550781,259.6300048828125
10.0,260.23752043662125,2855.9300537109375,98255.99169921875,259.3999938964844
5.0,260.23752043662125,1296.9999694824219,99552.99166870117,259.3399963378906
2.0,260.23752043662125,778.0199890136719,100331.01165771484,259.1600036621094
31.0,259.2295208733682,-7515.640106201172,92815.37155151367,258.92999267578125
57.0,259.09289397622325,-6732.1798095703125,86083.19174194336,258.9599914550781
81.0,259.0535154514395,-6215.039794921875,79868.15194702148,258.8550109863281
104.0,259.00961542550147,-5953.665252685547,73914.48669433594,258.6524963378906
125.0,258.94961941878285,-5431.702423095703,68482.78427124023,259.260009765625
144.0,258.9905737006579,-4925.940185546875,63556.84408569336,259.2300109863281
162.0,259.0171778435101,-4666.140197753906,58890.70388793945,259.6199951171875
179.0,259.07442864603814,-4413.5399169921875,54477.163970947266,259.44000244140625
194.0,259.1026946611439,-3891.6000366210938,50585.56393432617,259.0899963378906
208.0,259.10183996630957,-3627.2599487304688,46958.3039855957,258.94500732421875
221.0,259.0926145167748,-3366.2850952148438,43592.01889038086,258.9700012207031
233.0,259.08629966890845,-3107.6400146484375,40484.37887573242,258.8800048828125
244.0,259.07699949412546,-2847.6800537109375,37636.698822021484,258.8900146484375
254.0,259.0696378860275,-2588.900146484375,35047.79867553711,259.06500244140625
264.0,259.06946230100397,-2590.6500244140625,32457.148651123047,259.0400085449219
273.0,259.0684912980562,-2331.360076904297,30125.78857421875,258.8999938964844
281.0,259.0636942190079,-2071.199951171875,28054.588623046875,258.7099914550781
289.0,259.0539031390375,-2069.679931640625,25984.90869140625,258.70001220703125
296.0,259.04553409672656,-1810.9000854492188,24174.00860595703,258.6499938964844
303.0,259.03639620431176,-1810.5499572753906,22363.45864868164,258.7149963378906
309.0,259.0301554302065,-1552.2899780273438,20811.168670654297,258.5899963378906
315.0,259.0217714474957,-1551.5399780273438,19259.628692626953,258.8699951171875
320.0,259.01939994233464,-1294.3499755859375,17965.278717041016,258.4700012207031
325.0,259.0109476543095,-1292.3500061035156,16672.9287109375,258.1499938964844
329.0,259.00048013141804,-1032.5999755859375,15640.328735351562,258.4200134277344
333.0,258.99350755840084,-1033.6800537109375,14606.648681640625,258.4486999511719
337.0,258.9870409992646,-1033.7947998046875,13572.853881835938,258.44940185546875
340.0,258.9822971244664,-775.3482055664062,12797.505676269531,258.6700134277344
343.0,258.9795657801801,-776.0100402832031,12021.495635986328,258.80999755859375
346.0,258.9780955354843,-776.4299926757812,11245.065643310547,259.17498779296875
349.0,258.979788019073,-777.5249633789062,10467.54067993164,259.6549987792969
174.0,258.979788019073,45439.62478637695,55907.165466308594,260.0
87.0,258.979788019073,22620.0,78527.1654663086,260.1400146484375
43.0,258.979788019073,11446.16064453125,89973.32611083984,260.2200012207031
21.0,258.979788019073,5724.840026855469,95698.16613769531,260.1400146484375
10.0,258.979788019073,2861.5401611328125,98559.70629882812,260.0799865722656
5.0,258.979788019073,1300.3999328613281,99860.10623168945,260.15130615234375
2.0,258.979788019073,780.4539184570312,100640.56015014648,260.239990234375
1.0,258.979788019073,260.239990234375,100900.80014038086,260.04998779296875
0.0,0.0,260.04998779296875,101160.85012817383,260.1099853515625
0.0,0.0,0.0,101160.85012817383,260.239990234375
0.0,0.0,0.0,101160.85012817383,260.260009765625
0.0,0.0,0.0,101160.85012817383,260.7900085449219
0.0,0.0,0.0,101160.85012817383,260.5150146484375
0.0,0.0,0.0,101160.85012817383,260.7200012207031
0.0,0.0,0.0,101160.85012817383,260.8500061035156
0.0,0.0,0.0,101160.85012817383,260.739990234375
0.0,0.0,0.0,101160.85012817383,260.875
0.0,0.0,0.0,101160.85012817383,260.8500061035156
0.0,0.0,0.0,101160.85012817383,261.20001220703125
0.0,0.0,0.0,101160.85012817383,260.8800048828125
0.0,0.0,0.0,101160.85012817383,261.0
0.0,0.0,0.0,101160.85012817383,260.8280029296875
0.0,0.0,0.0,101160.85012817383,260.54998779296875
0.0,0.0,0.0,101160.85012817383,260.55499267578125
0.0,0.0,0.0,101160.85012817383,260.7099914550781
0.0,0.0,0.0,101160.85012817383,260.6000061035156
0.0,0.0,0.0,101160.85012817383,260.43499755859375
0.0,0.0,0.0,101160.85012817383,260.69000244140625
0.0,0.0,0.0,101160.85012817383,260.6099853515625
0.0,0.0,0.0,101160.85012817383,260.4200134277344
29.0,260.4200134277344,-7552.180389404297,93608.66973876953,260.44000244140625
55.0,260.429462779652,-6771.4400634765625,86837.22967529297,260.1098937988281
80.0,260.32959747314453,-6502.747344970703,80334.48233032227,260.1600036621094
103.0,260.29172701048617,-5983.680084228516,74350.80224609375,259.8999938964844
124.0,260.22538511214714,-5457.899871826172,68892.90237426758,259.92498779296875
143.0,260.18547218162695,-4938.574768066406,63954.32760620117,259.6499938964844
161.0,260.1256050441576,-4673.699890136719,59280.62771606445,259.54998779296875
178.0,260.0706303628643,-4412.349792480469,54868.277923583984,259.75
193.0,260.0457109046106,-3896.25,50972.027923583984,259.7650146484375
207.0,260.0267266167535,-3636.710205078125,47335.31771850586,260.07000732421875
220.0,260.0292841131037,-3380.9100952148438,43954.407623291016,259.9150085449219
232.0,260.0233733078529,-3118.9801025390625,40835.42752075195,260.1799011230469
243.0,260.03045892911683,-2861.9789123535156,37973.44860839844,260.30999755859375
253.0,260.0415078868037,-2603.0999755859375,35370.3486328125,260.6700134277344
263.0,260.06540543588847,-2606.7001342773438,32763.648498535156,260.489990234375
131.0,260.06540543588847,34384.6787109375,67148.32720947266,260.6300048828125
65.0,260.06540543588847,17201.580322265625,84349.90753173828,260.7300109863281
32.0,260.06540543588847,8604.090362548828,92953.99789428711,260.70001220703125
16.0,260.06540543588847,4171.2001953125,97125.19808959961,260.75
8.0,260.06540543588847,2086.0,99211.19808959961,260.68499755859375
4.0,260.06540543588847,1042.739990234375,100253.93807983398,260.7550048828125
2.0,260.06540543588847,521.510009765625,100775.44808959961,261.25
1.0,260.06540543588847,261.25,101036.69808959961,261.4609069824219
0.0,0.0,261.4609069824219,101298.15899658203,261.0350036621094
0.0,0.0,0.0,101298.15899658203,260.8299865722656
0.0,0.0,0.0,101298.15899658203,260.6300048828125
0.0,0.0,0.0,101298.15899658203,260.6499938964844
0.0,0.0,0.0,101298.15899658203,260.6400146484375
0.0,0.0,0.0,101298.15899658203,260.7200012207031
0.0,0.0,0.0,101298.15899658203,260.5299987792969
0.0,0.0,0.0,101298.15899658203,260.62799072265625
0.0,0.0,0.0,101298.15899658203,260.57000732421875
0.0,0.0,0.0,101298.15899658203,260.69000244140625
0.0,0.0,0.0,101298.15899658203,260.7900085449219
29.0,260.7900085449219,-7562.910247802734,93735.2487487793,260.79010009765625
14.0,260.7900085449219,3911.8515014648438,97647.10025024414,260.760009765625
7.0,260.7900085449219,1825.320068359375,99472.42031860352,260.9549865722656
3.0,260.7900085449219,1043.8199462890625,100516.24026489258,260.9599914550781
1.0,260.7900085449219,521.9199829101562,101038.16024780273,261.1300048828125
0.0,0.0,261.1300048828125,101299.29025268555,260.9150085449219
0.0,0.0,0.0,101299.29025268555,260.635009765625
0.0,0.0,0.0,101299.29025268555,260.8949890136719
0.0,0.0,0.0,101299.29025268555,260.5400085449219
0.0,0.0,0.0,101299.29025268555,260.4649963378906
29.0,260.4649963378906,-7553.484893798828,93745.80535888672,260.3500061035156
56.0,260.4095546177455,-7029.450164794922,86716.3551940918,260.6099853515625
80.0,260.4696838378906,-6254.6396484375,80461.7155456543,260.69000244140625
103.0,260.51888119595725,-5995.870056152344,74465.84548950195,260.7312927246094
124.0,260.5548541161322,-5475.357147216797,68990.48834228516,260.7250061035156
143.0,260.5774617228475,-4953.775115966797,64036.71322631836,260.4700012207031
161.0,260.5654475052164,-4688.460021972656,59348.2532043457,260.69000244140625
178.0,260.5773432013694,-4431.730041503906,54916.5231628418,260.82000732421875
193.0,260.5962031072903,-3912.3001098632812,51004.223052978516,260.75
207.0,260.60660482950254,-3650.5,47353.723052978516,260.70001220703125
220.0,260.6121243563565,-3389.1001586914062,43964.62289428711,261.1300048828125
110.0,260.6121243563565,28724.300537109375,72688.92343139648,261.45001220703125
55.0,260.6121243563565,14379.750671386719,87068.6741027832,261.29998779296875
27.0,260.6121243563565,7316.399658203125,94385.07376098633,260.8500061035156
13.0,260.6121243563565,3651.9000854492188,98036.97384643555,260.55499267578125
6.0,260.6121243563565,1823.8849487304688,99860.85879516602,260.67999267578125
3.0,260.6121243563565,782.0399780273438,100642.89877319336,260.4750061035156
31.0,260.4882756118551,-7293.3001708984375,93349.59860229492,260.18499755859375
57.0,260.34993825422714,-6764.8099365234375,86584.78866577148,260.2049865722656
81.0,260.30698960772,-6244.919677734375,80339.86898803711,260.5799865722656
104.0,260.36736393641763,-5993.339691162109,74346.529296875,260.2250061035156
125.0,260.3434478204901,-5464.725128173828,68881.80416870117,260.30999755859375
144.0,260.3390342442677,-4945.889953613281,63935.91421508789,259.79998779296875
162.0,260.27914019412333,-4676.3997802734375,59259.51443481445,259.69500732421875
179.0,260.223663888043,-4414.815124511719,54844.699310302734,259.5
194.0,260.1677104946376,-3892.5,50952.199310302734,259.3500061035156
208.0,260.1126726990814,-3630.9000854492188,47321.299224853516,259.19000244140625
221.0,260.0583979780417,-3369.4700317382812,43951.829193115234,259.19000244140625
233.0,260.0136737443952,-3110.280029296875,40841.54916381836,259.1337890625
244.0,259.97400681201464,-2850.4716796875,37991.07748413086,259.20001220703125
254.0,259.94353458347194,-2592.0001220703125,35399.07736206055,259.25
264.0,259.91726433409804,-2592.5,32806.57736206055,259.2749938964844
273.0,259.89609058340744,-2333.4749450683594,30473.102416992188,259.18060302734375
281.0,259.87572083092164,-2073.44482421875,28399.657592773438,259.1994934082031
289.0,259.85700173271493,-2073.595947265625,26326.061645507812,259.2749938964844
296.0,259.8432380338852,-1814.9249572753906,24511.136688232422,259.2799987792969
303.0,259.8302259058914,-1814.9599914550781,22696.176696777344,259.0199890136719
309.0,259.8144931507027,-1554.1199340820312,21142.056762695312,258.8599853515625
315.0,259.79631204976664,-1553.159912109375,19588.896850585938,258.6300048828125
320.0,259.778088500283,-1293.1500244140625,18295.746826171875,258.7099914550781
325.0,259.76165623804906,-1293.5499572753906,17002.196868896484,258.69000244140625
329.0,259.74862701255796,-1034.760009765625,15967.43685913086,258.614990234375
333.0,259.7350097539612,-1034.4599609375,14932.97689819336,258.6094055175781
337.0,259.72164946628897,-1034.4376220703125,13898.539276123047,258.6400146484375
341.0,259.7089616678391,-1034.56005859375,12863.979217529297,259.0899963378906
344.0,259.70356371438027,-777.2699890136719,12086.709228515625,258.8599853515625
347.0,259.6962705296873,-776.5799560546875,11310.129272460938,258.9549865722656
350.0,259.6899166671951,-776.8649597167969,10533.26431274414,259.29998779296875
353.0,259.6866028240714,-777.8999633789062,9755.364349365234,258.7850036621094
355.0,259.681523392173,-517.5700073242188,9237.794342041016,258.8450012207031
357.0,259.6768369934533,-517.6900024414062,8720.10433959961,258.8399963378906
359.0,259.67217492851984,-517.6799926757812,8202.424346923828,258.8299865722656
361.0,259.6675090650503,-517.6599731445312,7684.764373779297,258.8699951171875
363.0,259.6631150488086,-517.739990234375,7167.024383544922,258.9200134277344
365.0,259.6590432591041,-517.8400268554688,6649.184356689453,259.29998779296875
366.0,259.6580622332404,-259.29998779296875,6389.884368896484,259.010009765625
183.0,259.6580622332404,47398.831787109375,53788.71615600586,258.8399963378906
91.0,259.6580622332404,23813.279663085938,77601.9958190918,258.7749938964844
45.0,259.6580622332404,11903.649719238281,89505.64553833008,258.7799987792969
22.0,259.6580622332404,5951.939971923828,95457.5855102539,258.84130859375
49.0,259.20801430943953,-6988.71533203125,88468.87017822266,258.66949462890625
74.0,259.02608198493505,-6466.737365722656,82002.1328125,258.57000732421875
97.0,258.9179405705384,-5947.110168457031,76055.02264404297,258.6300048828125
119.0,258.8647087627235,-5689.860107421875,70365.1625366211,258.7799987792969
139.0,258.85252027589956,-5175.5999755859375,65189.562561035156,258.7598876953125
157.0,258.8418999800361,-4657.677978515625,60531.88458251953,258.6700134277344
174.0,258.82510646630544,-4397.390228271484,56134.49435424805,258.7200012207031
190.0,258.81625549825475,-4139.52001953125,51994.9743347168,259.07000732421875
205.0,258.8348227050326,-3886.0501098632812,48108.924224853516,259.0260009765625
218.0,258.8462232441605,-3367.3380126953125,44741.5862121582,258.8301086425781
109.0,258.8462232441605,28212.481842041016,72954.06805419922,258.9110107421875
54.0,258.8462232441605,14240.105590820312,87194.17364501953,258.8500061035156
27.0,258.8462232441605,6988.950164794922,94183.12380981445,259.0249938964844
13.0,258.8462232441605,3626.3499145507812,97809.47372436523,258.8900146484375
6.0,258.8462232441605,1812.2301025390625,99621.7038269043,259.0801086425781
3.0,258.8462232441605,777.2403259277344,100398.94415283203,259.2300109863281
1.0,258.8462232441605,518.4600219726562,100917.40417480469,259.1099853515625
0.0,0.0,259.1099853515625,101176.51416015625,259.17999267578125
0.0,0.0,0.0,101176.51416015625,259.1319885253906
0.0,0.0,0.0,101176.51416015625,259.33099365234375
0.0,0.0,0.0,101176.51416015625,259.3900146484375
0.0,0.0,0.0,101176.51416015625,259.32501220703125
0.0,0.0,0.0,101176.51416015625,259.3450012207031
0.0,0.0,0.0,101176.51416015625,259.3500061035156
0.0,0.0,0.0,101176.51416015625,259.25
0.0,0.0,0.0,101176.51416015625,259.1000061035156
0.0,0.0,0.0,101176.51416015625,258.8900146484375
0.0,0.0,0.0,101176.51416015625,258.864990234375
0.0,0.0,0.0,101176.51416015625,258.92999267578125
29.0,258.92999267578125,-7508.969787597656,93667.5443725586,259.32000732421875
56.0,259.11803545270647,-7001.640197753906,86665.90417480469,259.25
81.0,259.15876525125384,-6481.25,80184.65417480469,259.44500732421875
40.0,259.15876525125384,10637.245300292969,90821.89947509766,259.1600036621094
20.0,259.15876525125384,5183.2000732421875,96005.09954833984,258.7934875488281
10.0,259.15876525125384,2587.9348754882812,98593.03442382812,258.9200134277344
38.0,258.98284285497635,-7249.7603759765625,91343.27404785156,258.8800048828125
64.0,258.9410649287848,-6730.880126953125,84612.39392089844,258.9090881347656
88.0,258.9323439849614,-6213.818115234375,78398.57580566406,258.8699951171875
110.0,258.9198742114066,-5695.139892578125,72703.43591308594,258.95001220703125
131.0,258.92470549314794,-5437.950256347656,67265.48565673828,258.8500061035156
150.0,258.91524357046114,-4918.150115966797,62347.335540771484,258.9100036621094
168.0,258.91468215170914,-4660.380065917969,57686.955474853516,258.9049987792969
184.0,258.91384011932547,-4142.47998046875,53544.475494384766,259.0849914550781
199.0,258.9267409737792,-3886.274871826172,49658.200622558594,258.8550109863281
213.0,258.92202632671666,-3623.9701538085938,46034.23046875,258.69000244140625
226.0,258.9086798200395,-3362.9700317382812,42671.26043701172,258.760009765625
238.0,258.9011838509093,-3105.1201171875,39566.14031982422,258.8100891113281
249.0,258.89715958530536,-2846.9109802246094,36719.22933959961,258.94000244140625
259.0,258.8988137496336,-2589.4000244140625,34129.82931518555,258.9599914550781
268.0,258.9008682248164,-2330.639923095703,31799.189392089844,259.07000732421875
277.0,258.9063637190208,-2331.6300659179688,29467.559326171875,258.9800109863281
285.0,258.9084310107347,-2071.840087890625,27395.71923828125,259.1400146484375
142.0,258.9084310107347,37057.02209472656,64452.74133300781,258.6199951171875
160.0,258.87598197271063,-4655.159912109375,59797.58142089844,258.69500732421875
177.0,258.85860022681027,-4397.815124511719,55399.76629638672,258.6549987792969
193.0,258.8417213503325,-4138.47998046875,51261.28631591797,258.4200134277344
207.0,258.81320004155776,-3617.8801879882812,47643.40612792969,258.3800048828125
220.0,258.7876021458137,-3358.9400634765625,44284.466064453125,258.22900390625
232.0,258.7587091334225,-3098.748046875,41185.718017578125,258.1099853515625
243.0,258.72934303630126,-2839.2098388671875,38346.50817871094,258.0799865722656
254.0,258.70122129966984,-2838.879852294922,35507.628326416016,258.04998779296875
264.0,258.67655336380994,-2580.4998779296875,32927.12844848633,257.989990234375
273.0,258.6539194144879,-2321.909912109375,30605.218536376953,257.9649963378906
281.0,258.63430594611503,-2063.719970703125,28541.498565673828,257.989990234375
289.0,258.61647021707034,-2063.919921875,26477.578643798828,258.0899963378906
296.0,258.60401982127894,-1806.6299743652344,24670.948669433594,258.1300048828125
303.0,258.59306898111635,-1806.9100341796875,22864.038635253906,258.2200012207031
309.0,258.58582494693354,-1549.3200073242188,21314.718627929688,258.2550048828125
315.0,258.57952361237886,-1549.530029296875,19765.188598632812,258.3800048828125
320.0,258.5764061322294,-1291.9000244140625,18473.28857421875,258.4106140136719
325.0,258.57385548425157,-1292.0530700683594,17181.23550415039,258.3500061035156
329.0,258.5711339112335,-1033.4000244140625,16147.835479736328,258.2850036621094
333.0,258.567696911244,-1033.1400146484375,15114.69546508789,258.34698486328125
337.0,258.56507718367175,-1033.387939453125,14081.307525634766,258.29998779296875
341.0,258.5619676307016,-1033.199951171875,13048.10757446289,258.4150085449219
344.0,258.5606860107675,-775.2450256347656,12272.862548828125,258.4599914550781
172.0,258.5606860107675,44455.11853027344,56727.98107910156,258.5199890136719
86.0,258.5606860107675,22232.71905517578,78960.70013427734,258.32000732421875
43.0,258.5606860107675,11107.760314941406,90068.46044921875,258.19500732421875
21.0,258.5606860107675,5680.2901611328125,95748.75061035156,258.30999755859375
10.0,258.5606860107675,2841.4099731445312,98590.1605834961,258.4898986816406
5.0,258.5606860107675,1292.4494934082031,99882.6100769043,258.260009765625
2.0,258.5606860107675,774.780029296875,100657.39010620117,258.25
1.0,258.5606860107675,258.25,100915.64010620117,258.19000244140625
0.0,0.0,258.19000244140625,101173.83010864258,258.2099914550781
0.0,0.0,0.0,101173.83010864258,258.1600036621094
29.0,258.1600036621094,-7486.640106201172,93687.1900024414,258.260009765625
56.0,258.2082208905901,-6973.020263671875,86714.16973876953,258.19000244140625
81.0,258.20259791244695,-6454.750061035156,80259.41967773438,258.2200012207031
104.0,258.2064467210036,-5939.060028076172,74320.3596496582,258.260009765625
125.0,258.2154453125,-5423.460205078125,68896.89944458008,258.3500061035156
145.0,258.2340054216056,-5167.0001220703125,63729.899322509766,258.2300109863281
163.0,258.23356431832343,-4648.140197753906,59081.75912475586,257.8699951171875
180.0,258.19922722710504,-4383.7899169921875,54697.96920776367,257.95001220703125
195.0,258.1800568409455,-3869.2501831054688,50828.7190246582,257.9200134277344
209.0,258.1626376649409,-3610.8801879882812,47217.83883666992,257.8500061035156
222.0,258.1443304113439,-3352.050079345703,43865.78875732422,257.8599853515625
234.0,258.1297486134064,-3094.31982421875,40771.46893310547,257.6299133300781
245.0,258.10730702925696,-2833.9290466308594,37937.53988647461,257.6300048828125
256.0,258.0867979526519,-2833.9300537109375,35103.60983276367,257.4700012207031
266.0,258.0636101055862,-2574.7000122070312,32528.90982055664,257.5450134277344
275.0,258.04663785067464,-2317.9051208496094,30211.00469970703,257.4200134277344
283.0,258.02892408606857,-2059.360107421875,28151.644592285156,257.3340148925781
291.0,258.00982005325784,-2058.672119140625,26092.97247314453,257.2950134277344
298.0,257.9930292935979,-1801.0650939941406,24291.90737915039,257.3399963378906
305.0,257.9780416519915,-1801.3799743652344,22490.527404785156,257.4200134277344
311.0,257.96727583416015,-1544.5200805664062,20946.00732421875,257.5400085449219
317.0,257.9591887561304,-1545.2400512695312,19400.76727294922,257.6286926269531
322.0,257.9540568286587,-1288.1434631347656,18112.623809814453,257.8898010253906
327.0,257.95307432402154,-1289.4490051269531,16823.1748046875,257.989990234375
331.0,257.9535204377418,-1031.9599609375,15791.21484375,257.9613037109375
335.0,257.9536133723471,-1031.84521484375,14759.36962890625,258.32000732421875
167.0,257.9536133723471,43397.76123046875,58157.130859375,258.2099914550781
83.0,257.9536133723471,21689.639282226562,79846.77014160156,258.2398986816406
41.0,257.9536133723471,10846.075744628906,90692.84588623047,258.32000732421875
20.0,257.9536133723471,5424.720153808594,96117.56604003906,258.3500061035156
10.0,257.9536133723471,2583.5000610351562,98701.06610107422,258.2699890136719
5.0,257.9536133723471,1291.3499450683594,99992.41604614258,258.2950134277344
2.0,257.9536133723471,774.8850402832031,100767.30108642578,258.2349853515625
1.0,257.9536133723471,258.2349853515625,101025.53607177734,258.07000732421875
0.0,0.0,258.07000732421875,101283.60607910156,257.77081298828125
0.0,0.0,0.0,101283.60607910156,257.6700134277344
0.0,0.0,0.0,101283.60607910156,257.6700134277344
0.0,0.0,0.0,101283.60607910156,257.68011474609375
29.0,257.68011474609375,-7472.723327636719,93810.88275146484,257.75
56.0,257.71380942208424,-6959.25,86851.63275146484,257.82501220703125
81.0,257.7481312692901,-6445.625305175781,80406.00744628906,257.7749938964844
104.0,257.75407204261194,-5928.824859619141,74477.18258666992,257.7799987792969
125.0,257.758427734375,-5413.379974365234,69063.80261230469,257.7699890136719
145.0,257.7600223935884,-5155.3997802734375,63908.40283203125,257.8223876953125
163.0,257.7669093594229,-4640.802978515625,59267.599853515625,257.54998779296875
180.0,257.7464223225912,-4378.349792480469,54889.250061035156,258.1210021972656
195.0,257.7752361591046,-3871.8150329589844,51017.43502807617,257.7370910644531
209.0,257.7726809853002,-3608.3192749023438,47409.11575317383,257.5700988769531
222.0,257.7608180690456,-3348.4112854003906,44060.70446777344,257.44000244140625
234.0,257.74436598557696,-3089.280029296875,40971.42443847656,257.9800109863281
245.0,257.7549459652025,-2837.7801208496094,38133.64431762695,257.8999938964844
256.0,257.76117849349976,-2836.899932861328,35296.744384765625,258.2007141113281
266.0,257.77770238890685,-2582.0071411132812,32714.737243652344,258.1600036621094
133.0,257.77770238890685,34335.28048706055,67050.01773071289,258.3550109863281
66.0,257.77770238890685,17309.785736083984,84359.80346679688,258.5450134277344
33.0,257.77770238890685,8531.985443115234,92891.78890991211,258.7225036621094
16.0,257.77770238890685,4398.282562255859,97290.07147216797,258.5199890136719
8.0,257.77770238890685,2068.159912109375,99358.23138427734,258.5299072265625
4.0,257.77770238890685,1034.11962890625,100392.3510131836,258.5299987792969
2.0,257.77770238890685,517.0599975585938,100909.41101074219,259.07000732421875
1.0,257.77770238890685,259.07000732421875,101168.4810180664,258.8800048828125
0.0,0.0,258.8800048828125,101427.36102294922,259.10009765625
0.0,0.0,0.0,101427.36102294922,258.9849853515625
0.0,0.0,0.0,101427.36102294922,259.0400085449219
0.0,0.0,0.0,101427.36102294922,259.1658935546875
0.0,0.0,0.0,101427.36102294922,259.1990051269531
0.0,0.0,0.0,101427.36102294922,259.30499267578125
0.0,0.0,0.0,101427.36102294922,259.2799987792969
0.0,0.0,0.0,101427.36102294922,259.0299987792969
0.0,0.0,0.0,101427.36102294922,258.82000732421875
0.0,0.0,0.0,101427.36102294922,258.69000244140625
0.0,0.0,0.0,101427.36102294922,258.8544006347656
0.0,0.0,0.0,101427.36102294922,259.010009765625
0.0,0.0,0.0,101427.36102294922,259.1099853515625
0.0,0.0,0.0,101427.36102294922,258.8800048828125
0.0,0.0,0.0,101427.36102294922,258.79998779296875
0.0,0.0,0.0,101427.36102294922,258.864990234375
0.0,0.0,0.0,101427.36102294922,258.8599853515625
0.0,0.0,0.0,101427.36102294922,258.9800109863281
29.0,258.9800109863281,-7510.420318603516,93916.9407043457,258.9800109863281
56.0,258.9800109863281,-6992.460296630859,86924.48040771484,258.8900146484375
81.0,258.95223433883103,-6472.2503662109375,80452.2300415039,258.7099914550781
104.0,258.8986613933857,-5950.329803466797,74501.90023803711,258.4200134277344
125.0,258.8182485351563,-5426.820281982422,69075.07995605469,258.739990234375
145.0,258.8074542867726,-5174.7998046875,63900.28015136719,258.6199951171875
163.0,258.7867532741804,-4655.159912109375,59245.12023925781,258.6099853515625
180.0,258.77005852593317,-4396.3697509765625,54848.75048828125,258.6015930175781
195.0,258.7570996406751,-3879.023895263672,50969.72659301758,258.6400146484375
209.0,258.74925662684103,-3620.960205078125,47348.76638793945,258.55999755859375
222.0,258.73817388861033,-3361.2799682617188,43987.486419677734,258.9100036621094
234.0,258.7469856718667,-3106.9200439453125,40880.56637573242,258.9700012207031
245.0,258.75699861487567,-2848.6700134277344,38031.89636230469,259.5299987792969
122.0,258.75699861487567,31922.189849853516,69954.0862121582,259.739990234375
61.0,258.75699861487567,15844.139404296875,85798.22561645508,259.81500244140625
30.0,258.75699861487567,8054.265075683594,93852.49069213867,259.9599914550781
15.0,258.75699861487567,3899.399871826172,97751.89056396484,260.19000244140625
7.0,258.75699861487567,2081.52001953125,99833.4105834961,259.9700012207031
3.0,258.75699861487567,1039.8800048828125,100873.2905883789,260.1400146484375
1.0,258.75699861487567,520.280029296875,101393.57061767578,260.5400085449219
0.0,0.0,260.5400085449219,101654.1106262207,260.3500061035156
0.0,0.0,0.0,101654.1106262207,260.260009765625
0.0,0.0,0.0,101654.1106262207,256.5
0.0,0.0,0.0,101654.1106262207,256.1549987792969
29.0,256.1549987792969,-7428.494964599609,94225.6156616211,256.1400146484375
56.0,256.14777428763256,-6915.7803955078125,87309.83526611328,255.3800048828125
81.0,255.91080842194734,-6384.5001220703125,80925.33514404297,255.3408966064453
104.0,255.78477023198053,-5872.840621948242,75052.49452209473,254.81500244140625
126.0,255.61544569711836,-5605.9300537109375,69446.56446838379,254.7050018310547
146.0,255.49072735930142,-5094.100036621094,64352.464431762695,254.8800048828125
164.0,255.42369684358923,-4587.840087890625,59764.62434387207,255.22999572753906
181.0,255.40550392108727,-4338.909927368164,55425.714416503906,255.05999755859375
197.0,255.37744249063095,-4080.9599609375,51344.754455566406,255.49000549316406
212.0,255.38540685401773,-3832.350082397461,47512.404373168945,255.72500610351562
225.0,255.40502814398872,-3324.425079345703,44187.97929382324,255.35879516601562
237.0,255.4026872337116,-3064.3055419921875,41123.673751831055,255.56500244140625
249.0,255.41050965335953,-3066.780029296875,38056.89372253418,255.50999450683594
260.0,255.4147186279297,-2810.6099395751953,35246.283782958984,255.3300018310547
270.0,255.41158096878618,-2553.300018310547,32692.983764648438,255.10000610351562
279.0,255.40153016668066,-2295.9000549316406,30397.083709716797,254.94500732421875
287.0,255.38880479128105,-2039.56005859375,28357.523651123047,255.22000122070312
295.0,255.38422706733314,-2041.760009765625,26315.763641357422,255.1999969482422
302.0,255.3799568327847,-1786.3999786376953,24529.363662719727,255.30999755859375
309.0,255.37837199485804,-1787.1699829101562,22742.19367980957,255.77000427246094
315.0,255.38583165728858,-1534.6200256347656,21207.573654174805,255.97000122070312
321.0,255.39675071454866,-1535.8200073242188,19671.753646850586,255.8699951171875
326.0,255.40400906428238,-1279.3499755859375,18392.40367126465,255.72470092773438
163.0,255.40400906428238,41683.1262512207,60075.52992248535,255.5800018310547
81.0,255.40400906428238,20957.560150146484,81033.09007263184,255.32000732421875
40.0,255.40400906428238,10468.120300292969,91501.2103729248,255.50750732421875
20.0,255.40400906428238,5110.150146484375,96611.36051940918,255.77000427246094
10.0,255.40400906428238,2557.7000427246094,99169.06056213379,255.89999389648438
5.0,255.40400906428238,1279.4999694824219,100448.56053161621,256.2861022949219
2.0,255.40400906428238,768.8583068847656,101217.41883850098,256.2099914550781
1.0,255.40400906428238,256.2099914550781,101473.62882995605,256.44000244140625
0.0,0.0,256.44000244140625,101730.06883239746,256.20001220703125
0.0,0.0,0.0,101730.06883239746,256.1000061035156
0.0,0.0,0.0,101730.06883239746,255.7100067138672
0.0,0.0,0.0,101730.06883239746,256.09991455078125
0.0,0.0,0.0,101730.06883239746,255.91000366210938
0.0,0.0,0.0,101730.06883239746,255.63499450683594
0.0,0.0,0.0,101730.06883239746,255.27999877929688
0.0,0.0,0.0,101730.06883239746,255.33999633789062
29.0,255.33999633789062,-7404.859893798828,94325.20893859863,255.9416961669922
56.0,255.63010161263603,-6910.425796508789,87414.78314208984,256.2699890136719
81.0,255.82759772406683,-6406.749725341797,81008.03341674805,256.6300048828125
40.0,255.82759772406683,10521.830200195312,91529.86361694336,256.56170654296875
20.0,255.82759772406683,5131.234130859375,96661.09774780273,256.6099853515625
10.0,255.82759772406683,2566.099853515625,99227.19760131836,256.3699951171875
5.0,255.82759772406683,1281.8499755859375,100509.0475769043,256.32000732421875
2.0,255.82759772406683,768.9600219726562,101278.00759887695,256.3299865722656
1.0,255.82759772406683,256.3299865722656,101534.33758544922,256.5
0.0,0.0,256.5,101790.83758544922,256.44000244140625
0.0,0.0,0.0,101790.83758544922,256.5299987792969
0.0,0.0,0.0,101790.83758544922,256.7300109863281
0.0,0.0,0.0,101790.83758544922,256.75
0.0,0.0,0.0,101790.83758544922,256.69000244140625
0.0,0.0,0.0,101790.83758544922,256.7250061035156
0.0,0.0,0.0,101790.83758544922,256.510009765625
0.0,0.0,0.0,101790.83758544922,256.510009765625
0.0,0.0,0.0,101790.83758544922,256.3599853515625
0.0,0.0,0.0,101790.83758544922,256.70001220703125
0.0,0.0,0.0,101790.83758544922,256.68499755859375
0.0,0.0,0.0,101790.83758544922,256.92950439453125
0.0,0.0,0.0,101790.83758544922,257.010009765625
0.0,0.0,0.0,101790.83758544922,256.9100036621094
0.0,0.0,0.0,101790.83758544922,256.9501037597656
0.0,0.0,0.0,101790.83758544922,256.9599914550781
0.0,0.0,0.0,101790.83758544922,257.0882873535156
0.0,0.0,0.0,101790.83758544922,257.135009765625
0.0,0.0,0.0,101790.83758544922,257.2300109863281
0.0,0.0,0.0,101790.83758544922,257.1199951171875
0.0,0.0,0.0,101790.83758544922,257.07000732421875
0.0,0.0,0.0,101790.83758544922,256.99951171875
0.0,0.0,0.0,101790.83758544922,257.010009765625
0.0,0.0,0.0,101790.83758544922,256.7857971191406
0.0,0.0,0.0,101790.83758544922,256.8550109863281
0.0,0.0,0.0,101790.83758544922,256.9800109863281
0.0,0.0,0.0,101790.83758544922,257.0050048828125
0.0,0.0,0.0,101790.83758544922,256.8699951171875
0.0,0.0,0.0,101790.83758544922,257.0199890136719
0.0,0.0,0.0,101790.83758544922,256.8905029296875
0.0,0.0,0.0,101790.83758544922,256.5199890136719
29.0,256.5199890136719,-7439.079681396484,94351.75790405273,256.32000732421875
56.0,256.4235692705427,-6920.640197753906,87431.11770629883,256.2869873046875
81.0,256.3814143428096,-6407.1746826171875,81023.94302368164,256.5
104.0,256.40764001699597,-5899.5,75124.44302368164,256.6099853515625
125.0,256.4416340332032,-5388.8096923828125,69735.63333129883,257.2749938964844
145.0,256.556580221242,-5145.4998779296875,64590.13345336914,257.3999938964844
163.0,256.64971792771047,-4633.199890136719,59956.93356323242,257.42999267578125
81.0,256.64971792771047,21109.259399414062,81066.19296264648,257.3800048828125
40.0,256.64971792771047,10552.580200195312,91618.7731628418,257.510009765625
20.0,256.64971792771047,5150.2001953125,96768.9733581543,257.7799987792969
10.0,256.64971792771047,2577.7999877929688,99346.77334594727,257.6700134277344
5.0,256.64971792771047,1288.3500671386719,100635.12341308594,257.6199951171875
2.0,256.64971792771047,772.8599853515625,101407.9833984375,257.8598937988281
1.0,256.64971792771047,257.8598937988281,101665.84329223633,257.87640380859375
0.0,0.0,257.87640380859375,101923.71969604492,257.7850036621094
0.0,0.0,0.0,101923.71969604492,257.54998779296875
0.0,0.0,0.0,101923.71969604492,257.6099853515625
0.0,0.0,0.0,101923.71969604492,257.510009765625
0.0,0.0,0.0,101923.71969604492,257.55999755859375
0.0,0.0,0.0,101923.71969604492,257.45989990234375
0.0,0.0,0.0,101923.71969604492,257.0899963378906
0.0,0.0,0.0,101923.71969604492,257.0799865722656
0.0,0.0,0.0,101923.71969604492,257.1700134277344
0.0,0.0,0.0,101923.71969604492,257.19000244140625
29.0,257.19000244140625,-7458.510070800781,94465.20962524414,257.18499755859375
56.0,257.1875893729074,-6943.994934082031,87521.21469116211,257.2799987792969
81.0,257.2161107946325,-6431.999969482422,81089.21472167969,257.1199951171875
104.0,257.1948544428899,-5913.7598876953125,75175.45483398438,257.37908935546875
125.0,257.22580590820314,-5404.960876464844,69770.49395751953,257.55999755859375
145.0,257.271901308257,-5151.199951171875,64619.294006347656,257.44000244140625
163.0,257.2904646235741,-4633.9200439453125,59985.373962402344,257.239013671875
180.0,257.28560536702474,-4373.063232421875,55612.31072998047,256.9800109863281
196.0,257.26065888696786,-4111.68017578125,51500.63055419922,257.0094909667969
211.0,257.2428033476192,-3855.142364501953,47645.488189697266,257.2770080566406
224.0,257.2447884423392,-3344.601104736328,44300.88708496094,257.2502136230469
236.0,257.24506429898537,-3087.0025634765625,41213.884521484375,257.20599365234375
248.0,257.2431737838253,-3086.471923828125,38127.41259765625,257.0400085449219
259.0,257.2345451443352,-2827.4400939941406,35299.97250366211,257.16448974609375
269.0,257.2319408544377,-2571.6448974609375,32728.327606201172,257.25
278.0,257.23252550303505,-2315.25,30413.077606201172,257.07000732421875
286.0,257.2279795399913,-2056.56005859375,28356.517547607422,257.0249938964844
294.0,257.22245612112033,-2056.199951171875,26300.317596435547,257.0849914550781
301.0,257.2192592684217,-1799.5949401855469,24500.72265625,256.82000732421875
308.0,257.2101853605989,-1797.7400512695312,22702.98260498047,256.59051513671875
314.0,257.1983445282955,-1539.5430908203125,21163.439514160156,256.6099853515625
320.0,257.18731279373173,-1539.659912109375,19623.77960205078,256.8299865722656
325.0,257.18181546724765,-1284.1499328613281,18339.629669189453,256.9599914550781
330.0,257.17845449736626,-1284.7999572753906,17054.829711914062,256.9100036621094
334.0,257.1752395173033,-1027.6400146484375,16027.189697265625,256.8599853515625
338.0,257.17150869877383,-1027.43994140625,14999.749755859375,257.0350036621094
342.0,257.1699121486374,-1028.1400146484375,13971.609741210938,256.8949890136719
346.0,257.1667338464991,-1027.5799560546875,12944.02978515625,256.8900146484375
349.0,257.16435517144413,-770.6700439453125,12173.359741210938,257.05999755859375
352.0,257.16346575997096,-771.1799926757812,11402.179748535156,256.68359375
355.0,257.15941050354866,-770.05078125,10632.128967285156,257.19000244140625
358.0,257.1596668605698,-771.5700073242188,9860.558959960938,256.94000244140625
360.0,257.1584465026856,-513.8800048828125,9346.678955078125,256.9849853515625
362.0,257.15748815378436,-513.969970703125,8832.708984375,257.1700134277344
181.0,257.15748815378436,46547.77243041992,55380.48141479492,256.9840087890625
90.0,257.15748815378436,23385.544799804688,78766.02621459961,257.2650146484375
45.0,257.15748815378436,11576.925659179688,90342.9518737793,257.32000732421875
22.0,257.15748815378436,5918.360168457031,96261.31204223633,257.29998779296875
11.0,257.15748815378436,2830.2998657226562,99091.61190795898,257.1400146484375
5.0,257.15748815378436,1542.840087890625,100634.45199584961,256.77801513671875
2.0,257.15748815378436,770.3340454101562,101404.78604125977,256.75
1.0,257.15748815378436,256.75,101661.53604125977,256.71990966796875
30.0,256.73449561749595,-7444.877380371094,94216.65866088867,257.18499755859375
57.0,256.94789127380545,-6943.994934082031,87272.66372680664,256.9599914550781
82.0,256.95158035346174,-6423.999786376953,80848.66394042969,256.7701110839844
105.0,256.9118299420524,-5905.712554931641,74942.95138549805,256.79998779296875
126.0,256.8931895838718,-5392.799743652344,69550.1516418457,256.9299011230469
146.0,256.89821856184096,-5138.5980224609375,64411.553619384766,256.70001220703125
164.0,256.87646420582524,-4620.6002197265625,59790.9533996582,257.010009765625
181.0,256.88900715895556,-4369.170166015625,55421.78323364258,256.82000732421875
197.0,256.88340311146425,-4109.1201171875,51312.66311645508,256.8500061035156
211.0,256.8811871962449,-3595.9000854492188,47716.76303100586,256.5
224.0,256.8590647250343,-3334.5,44382.26303100586,256.54998779296875
236.0,256.84334894882755,-3078.599853515625,41303.663177490234,256.4100036621094
248.0,256.8223806285025,-3076.9200439453125,38226.74313354492,256.6499938964844
259.0,256.81505918428553,-2823.149932861328,35403.593200683594,256.67999267578125
269.0,256.81003812448984,-2566.7999267578125,32836.79327392578,256.7099914550781
278.0,256.80679920353765,-2310.389923095703,30526.403350830078,256.6499938964844
286.0,256.8024130411026,-2053.199951171875,28473.203399658203,256.7200012207031
294.0,256.8001705425883,-2053.760009765625,26419.443389892578,256.715087890625
301.0,256.7981918762636,-1797.005615234375,24622.437774658203,256.6600036621094
308.0,256.7950512350328,-1796.6200256347656,22825.817749023438,256.6499938964844
314.0,256.7922794387548,-1539.8999633789062,21285.91778564453,256.70001220703125
320.0,256.79054942816,-1540.2000732421875,19745.717712402344,256.8500061035156
325.0,256.79146414624233,-1284.2500305175781,18461.467681884766,256.95001220703125
162.0,256.79146414624233,41882.851989746094,60344.31967163086,256.9700012207031
81.0,256.79146414624233,20814.570098876953,81158.88977050781,256.79998779296875
40.0,256.79146414624233,10528.799499511719,91687.68927001953,257.05999755859375
20.0,256.79146414624233,5141.199951171875,96828.8892211914,257.0
10.0,256.79146414624233,2570.0,99398.8892211914,256.9200134277344
5.0,256.79146414624233,1284.6000671386719,100683.48928833008,256.70001220703125
2.0,256.79146414624233,770.1000366210938,101453.58932495117,256.5628967285156
1.0,256.79146414624233,256.5628967285156,101710.15222167969,256.67999267578125
0.0,0.0,256.67999267578125,101966.83221435547,256.7749938964844
29.0,256.7749938964844,-7446.474822998047,94520.35739135742,256.7699890136719
56.0,256.7725808279855,-6932.789703369141,87587.56768798828,256.8900146484375
81.0,256.80882583429786,-6422.2503662109375,81165.31732177734,256.989990234375
40.0,256.80882583429786,10536.589599609375,91701.90692138672,256.8699951171875
20.0,256.80882583429786,5137.39990234375,96839.30682373047,256.94500732421875
10.0,256.80882583429786,2569.4500732421875,99408.75689697266,257.0400085449219
5.0,256.80882583429786,1285.2000427246094,100693.95693969727,256.8699951171875
2.0,256.80882583429786,770.6099853515625,101464.56692504883,256.3599853515625
1.0,256.80882583429786,256.3599853515625,101720.92691040039,256.4150085449219
30.0,256.42813578790106,-7436.035247802734,94284.89166259766,256.3699951171875
57.0,256.4005954701946,-6921.9898681640625,87362.9017944336,256.364990234375
82.0,256.3897402153716,-6409.124755859375,80953.77703857422,256.2900085449219
105.0,256.3678942304159,-5894.670196533203,75059.10684204102,256.2900085449219
126.0,256.3549132828336,-5382.090179443359,69677.01666259766,256.2149963378906
146.0,256.3357465780469,-5124.2999267578125,64552.716735839844,256.0899963378906
164.0,256.30877399071267,-4609.619934082031,59943.09680175781,256.2749938964844
181.0,256.30560127468016,-4356.674896240234,55586.42190551758,256.3800048828125
197.0,256.31164420732034,-4102.080078125,51484.34182739258,256.5195007324219
212.0,256.3263510369266,-3847.792510986328,47636.54931640625,256.4800109863281
225.0,256.3352291673365,-3334.2401428222656,44302.309173583984,256.67999267578125
237.0,256.35268554751093,-3080.159912109375,41222.14926147461,256.82000732421875
249.0,256.37520707891855,-3081.840087890625,38140.309173583984,257.19000244140625
124.0,256.37520707891855,32148.75030517578,70289.05947875977,256.8500061035156
62.0,256.37520707891855,15924.700378417969,86213.75985717773,256.7300109863281
31.0,256.37520707891855,7958.630340576172,94172.3901977539,256.7898864746094
15.0,256.37520707891855,4108.63818359375,98281.02838134766,256.7349853515625
7.0,256.37520707891855,2053.8798828125,100334.90826416016,256.54998779296875
3.0,256.37520707891855,1026.199951171875,101361.10821533203,256.6600036621094
1.0,256.37520707891855,513.3200073242188,101874.42822265625,256.55999755859375
0.0,0.0,256.55999755859375,102130.98822021484,256.42999267578125
0.0,0.0,0.0,102130.98822021484,256.3599853515625
29.0,256.3599853515625,-7434.4395751953125,94696.54864501953,256.56500244140625
56.0,256.45883287702287,-6927.255065917969,87769.29357910156,256.82000732421875
28.0,256.45883287702287,7190.960205078125,94960.25378417969,256.8500061035156
14.0,256.45883287702287,3595.9000854492188,98556.1538696289,256.8699951171875
7.0,256.45883287702287,1798.0899658203125,100354.24383544922,256.68798828125
3.0,256.45883287702287,1026.751953125,101380.99578857422,256.9649963378906
1.0,256.45883287702287,513.9299926757812,101894.92578125,256.8514099121094
0.0,0.0,256.8514099121094,102151.77719116211,256.9049987792969
0.0,0.0,0.0,102151.77719116211,256.77288818359375
0.0,0.0,0.0,102151.77719116211,256.7510986328125
0.0,0.0,0.0,102151.77719116211,256.8977966308594
0.0,0.0,0.0,102151.77719116211,256.9849853515625
0.0,0.0,0.0,102151.77719116211,257.1499938964844
0.0,0.0,0.0,102151.77719116211,257.569091796875
0.0,0.0,0.0,102151.77719116211,257.57000732421875
0.0,0.0,0.0,102151.77719116211,257.44000244140625
0.0,0.0,0.0,102151.77719116211,257.2850036621094
0.0,0.0,0.0,102151.77719116211,257.114990234375
0.0,0.0,0.0,102151.77719116211,257.260009765625
0.0,0.0,0.0,102151.77719116211,257.20001220703125
0.0,0.0,0.0,102151.77719116211,257.2099914550781
0.0,0.0,0.0,102151.77719116211,257.1600036621094
0.0,0.0,0.0,102151.77719116211,256.8500061035156
0.0,0.0,0.0,102151.77719116211,256.9700012207031
0.0,0.0,0.0,102151.77719116211,256.823486328125
29.0,256.823486328125,-7447.881103515625,94703.89608764648,256.6199951171875
56.0,256.7253744942801,-6928.7398681640625,87775.15621948242,256.6449890136719
81.0,256.7005641607591,-6416.124725341797,81359.03149414062,256.42999267578125
104.0,256.64072623619666,-5897.889831542969,75461.14166259766,256.42498779296875
126.0,256.60305761912514,-5641.3497314453125,69819.79193115234,256.4750061035156
146.0,256.585516315617,-5129.5001220703125,64690.29180908203,256.4700012207031
164.0,256.57283782958984,-4616.460021972656,60073.831787109375,256.5050048828125
181.0,256.56646677934003,-4360.5850830078125,55713.24670410156,256.364990234375
197.0,256.550103202084,-4101.83984375,51611.40686035156,256.2550048828125
212.0,256.5292236040224,-3843.8250732421875,47767.581787109375,256.4125061035156
225.0,256.5224799262153,-3333.362579345703,44434.21920776367,256.385009765625
237.0,256.515519411755,-3076.6201171875,41357.59909057617,256.2452087402344
249.0,256.50249239144074,-3074.9425048828125,38282.65658569336,256.1499938964844
260.0,256.48757899357724,-2817.649932861328,35465.00665283203,256.20001220703125
270.0,256.4769283718533,-2562.0001220703125,32903.00653076172,256.2049865722656
279.0,256.46815605573755,-2305.8448791503906,30597.161651611328,256.1499938964844
287.0,256.45928742412076,-2049.199951171875,28547.961700439453,256.2149963378906
295.0,256.45266258110433,-2049.719970703125,26498.241729736328,256.32000732421875
302.0,256.4495877903818,-1794.2400512695312,24704.001678466797,256.32000732421875
309.0,256.4466523105658,-1794.2400512695312,22909.761627197266,256.2344055175781
315.0,256.4426095145089,-1537.4064331054688,21372.355194091797,256.3399963378906
321.0,256.4406915112076,-1538.0399780273438,19834.315216064453,256.2550048828125
326.0,256.43784355678434,-1281.2750244140625,18553.04019165039,256.2349853515625
331.0,256.4347792334426,-1281.1749267578125,17271.865264892578,256.260009765625
336.0,256.43217849731434,-1281.300048828125,15990.565216064453,256.3599853515625
340.0,256.4313291661878,-1025.43994140625,14965.125274658203,256.0
344.0,256.42631371076703,-1024.0,13941.125274658203,255.97999572753906
348.0,256.4211836190058,-1023.9199829101562,12917.205291748047,256.1700134277344
351.0,256.4190368652342,-768.5100402832031,12148.695251464844,256.1099853515625
354.0,256.41641778460985,-768.3299560546875,11380.365295410156,256.05999755859375
357.0,256.4134226566601,-768.1799926757812,10612.185302734375,256.1600036621094
360.0,256.41131083170546,-768.4800109863281,9843.705291748047,256.2099914550781
362.0,256.41019856995615,-512.4199829101562,9331.28530883789,256.3699951171875
364.0,256.40997767186406,-512.739990234375,8818.545318603516,256.489990234375
182.0,256.40997767186406,46681.17822265625,55499.723541259766,256.3312072753906
91.0,256.40997767186406,23326.139862060547,78825.86340332031,256.50360107421875
45.0,256.40997767186406,11799.165649414062,90625.02905273438,256.4800109863281
22.0,256.40997767186406,5899.040252685547,96524.06930541992,256.4200134277344
11.0,256.40997767186406,2820.620147705078,99344.689453125,256.3999938964844
5.0,256.40997767186406,1538.3999633789062,100883.0894165039,256.4200134277344
2.0,256.40997767186406,769.2600402832031,101652.34945678711,256.4549865722656
1.0,256.40997767186406,256.4549865722656,101908.80444335938,256.4901123046875
0.0,0.0,256.4901123046875,102165.29455566406,256.6081848144531
0.0,0.0,0.0,102165.29455566406,256.6300048828125
0.0,0.0,0.0,102165.29455566406,256.67498779296875
0.0,0.0,0.0,102165.29455566406,256.80499267578125
0.0,0.0,0.0,102165.29455566406,256.8550109863281
0.0,0.0,0.0,102165.29455566406,256.80999755859375
0.0,0.0,0.0,102165.29455566406,256.9750061035156
0.0,0.0,0.0,102165.29455566406,256.8900146484375
0.0,0.0,0.0,102165.29455566406,256.92498779296875
0.0,0.0,0.0,102165.29455566406,256.9100036621094
0.0,0.0,0.0,102165.29455566406,256.9100036621094
0.0,0.0,0.0,102165.29455566406,256.8450927734375
0.0,0.0,0.0,102165.29455566406,256.92999267578125
0.0,0.0,0.0,102165.29455566406,256.9200134277344
0.0,0.0,0.0,102165.29455566406,256.7489929199219
0.0,0.0,0.0,102165.29455566406,256.55999755859375
0.0,0.0,0.0,102165.29455566406,256.92999267578125
0.0,0.0,0.0,102165.29455566406,256.7900085449219
0.0,0.0,0.0,102165.29455566406,256.7850036621094
0.0,0.0,0.0,102165.29455566406,256.9800109863281
0.0,0.0,0.0,102165.29455566406,257.18499755859375
0.0,0.0,0.0,102165.29455566406,257.0700988769531
0.0,0.0,0.0,102165.29455566406,257.17999267578125
0.0,0.0,0.0,102165.29455566406,257.20001220703125
0.0,0.0,0.0,102165.29455566406,257.2900085449219
0.0,0.0,0.0,102165.29455566406,257.2950134277344
0.0,0.0,0.0,102165.29455566406,257.2900085449219
0.0,0.0,0.0,102165.29455566406,257.3534851074219
0.0,0.0,0.0,102165.29455566406,257.2500915527344
0.0,0.0,0.0,102165.29455566406,257.2051086425781
0.0,0.0,0.0,102165.29455566406,257.1499938964844
0.0,0.0,0.0,102165.29455566406,256.9150085449219
0.0,0.0,0.0,102165.29455566406,257.0950012207031
0.0,0.0,0.0,102165.29455566406,257.29998779296875
0.0,0.0,0.0,102165.29455566406,257.3999938964844
0.0,0.0,0.0,102165.29455566406,257.3599853515625
0.0,0.0,0.0,102165.29455566406,257.2300109863281
0.0,0.0,0.0,102165.29455566406,256.989990234375
0.0,0.0,0.0,102165.29455566406,256.9501037597656
0.0,0.0,0.0,102165.29455566406,257.114990234375
0.0,0.0,0.0,102165.29455566406,256.8900146484375
29.0,256.8900146484375,-7449.8104248046875,94715.48413085938,256.8999938964844
56.0,256.89482607160295,-6936.299835205078,87779.1842956543,256.9590148925781
81.0,256.9146374361015,-6423.975372314453,81355.20892333984,257.0199890136719
104.0,256.93793634267956,-5911.459747314453,75443.74917602539,257.010009765625
126.0,256.9505205911304,-5654.22021484375,69789.52896118164,257.1499938964844
146.0,256.97784570145285,-5142.9998779296875,64646.52908325195,257.1300048828125
164.0,256.994546099407,-4628.340087890625,60018.18899536133,257.42498779296875
181.0,257.03497432476917,-4376.224792480469,55641.96420288086,257.3949890136719
90.0,257.03497432476917,23422.94400024414,79064.908203125,257.5899963378906
45.0,257.03497432476917,11591.549835205078,90656.45803833008,257.52239990234375
22.0,257.03497432476917,5923.015197753906,96579.47323608398,257.6600036621094
11.0,257.03497432476917,2834.260040283203,99413.73327636719,257.5899963378906
5.0,257.03497432476917,1545.5399780273438,100959.27325439453,257.5950927734375
2.0,257.03497432476917,772.7852783203125,101732.05853271484,257.81500244140625
1.0,257.03497432476917,257.81500244140625,101989.87353515625,257.5899963378906
0.0,0.0,257.5899963378906,102247.46353149414,257.6099853515625
0.0,0.0,0.0,102247.46353149414,257.5849914550781
0.0,0.0,0.0,102247.46353149414,257.4100036621094
0.0,0.0,0.0,102247.46353149414,257.5098876953125
0.0,0.0,0.0,102247.46353149414,257.44000244140625
0.0,0.0,0.0,102247.46353149414,257.3599853515625
0.0,0.0,0.0,102247.46353149414,257.4700012207031
0.0,0.0,0.0,102247.46353149414,257.2799987792969
0.0,0.0,0.0,102247.46353149414,257.42498779296875
0.0,0.0,0.0,102247.46353149414,257.385009765625
29.0,257.385009765625,-7464.165283203125,94783.29824829102,257.6499938964844
14.0,257.385009765625,3864.7499084472656,98648.04815673828,257.70001220703125
7.0,257.385009765625,1803.9000854492188,100451.9482421875,257.625
3.0,257.385009765625,1030.5,101482.4482421875,257.7900085449219
1.0,257.385009765625,515.5800170898438,101998.02825927734,257.80999755859375
0.0,0.0,257.80999755859375,102255.83825683594,257.8999938964844
0.0,0.0,0.0,102255.83825683594,257.7799987792969
0.0,0.0,0.0,102255.83825683594,257.6700134277344
0.0,0.0,0.0,102255.83825683594,257.5
0.0,0.0,0.0,102255.83825683594,257.2799987792969
0.0,0.0,0.0,102255.83825683594,257.2149963378906
29.0,257.2149963378906,-7459.234893798828,94796.60336303711,257.2262878417969
56.0,257.22044045584545,-6945.109771728516,87851.4935913086,257.04998779296875
81.0,257.16783160927855,-6426.249694824219,81425.24389648438,257.0592041015625
104.0,257.14380821814905,-5912.3616943359375,75512.88220214844,256.8349914550781
126.0,257.08988783094617,-5650.369812011719,69862.51239013672,257.0
146.0,257.0775744294467,-5140.0,64722.51239013672,256.9100036621094
164.0,257.05918251595847,-4624.380065917969,60098.13232421875,256.739990234375
181.0,257.0292031303954,-4364.579833984375,55733.552490234375,256.5
197.0,256.9862221654902,-4104.0,51629.552490234375,256.6600036621094
212.0,256.9631406676094,-3849.9000549316406,47779.652435302734,256.760009765625
225.0,256.95140421549473,-3337.880126953125,44441.77230834961,256.93499755859375
237.0,256.9505734986896,-3083.219970703125,41358.552337646484,256.7850036621094
249.0,256.94259422945686,-3081.4200439453125,38277.13229370117,256.6549987792969
260.0,256.9304267296424,-2823.2049865722656,35453.927307128906,256.54998779296875
270.0,256.9163363986545,-2565.4998779296875,32888.42742919922,256.5150146484375
279.0,256.9033905357443,-2308.6351318359375,30579.79229736328,256.8699951171875
287.0,256.90245965299704,-2054.9599609375,28524.83233642578,257.1099853515625
295.0,256.9080874685514,-2056.8798828125,26467.95245361328,256.989990234375
302.0,256.90998587703075,-1798.929931640625,24669.022521972656,256.8500061035156
309.0,256.90862711193495,-1797.9500427246094,22871.072479248047,256.7300109863281
315.0,256.90522490001865,-1540.3800659179688,21330.692413330078,256.57000732421875
321.0,256.89895915093825,-1539.4200439453125,19791.272369384766,256.7349853515625
326.0,256.896444215365,-1283.6749267578125,18507.597442626953,256.8949890136719
331.0,256.89642223346635,-1284.4749450683594,17223.122497558594,256.8349914550781
336.0,256.8955080849784,-1284.1749572753906,15938.947540283203,256.67999267578125
340.0,256.8929726095761,-1026.719970703125,14912.227569580078,256.7900085449219
344.0,256.8917753530103,-1027.1600341796875,13885.06753540039,256.70001220703125
348.0,256.8895711789186,-1026.800048828125,12858.267486572266,256.9700012207031
174.0,256.8895711789186,44712.780212402344,57571.04769897461,257.0299987792969
87.0,256.8895711789186,22361.609893798828,79932.65759277344,256.9700012207031
43.0,256.8895711789186,11306.680053710938,91239.33764648438,257.4100036621094
21.0,256.8895711789186,5663.020080566406,96902.35772705078,257.375
10.0,256.8895711789186,2831.125,99733.48272705078,257.6700134277344
5.0,256.8895711789186,1288.3500671386719,101021.83279418945,257.8999938964844
2.0,256.8895711789186,773.6999816894531,101795.5327758789,257.80999755859375
1.0,256.8895711789186,257.80999755859375,102053.3427734375,257.44000244140625
