Datetime,Close,High,Low,Open,Volume
2026-02-25 14:30:00+00:00,194.68800354003906,194.9199981689453,194.24000549316406,194.47000122070312,4858283
2026-02-25 14:31:00+00:00,194.94000244140625,195.0,194.65499877929688,194.65499877929688,831176
2026-02-25 14:32:00+00:00,194.18499755859375,194.99000549316406,194.10000610351562,194.94000244140625,895173
2026-02-25 14:33:00+00:00,194.4149932861328,194.68499755859375,194.02999877929688,194.17999267578125,778334
2026-02-25 14:34:00+00:00,194.07000732421875,194.4949951171875,194.02999877929688,194.4499969482422,493949
2026-02-25 14:35:00+00:00,194.27000427246094,194.36000061035156,194.0,194.0800018310547,5636957
2026-02-25 14:36:00+00:00,194.57000732421875,194.64990234375,194.24000549316406,194.27940368652344,0
2026-02-25 14:37:00+00:00,194.27999877929688,194.60000610351562,194.07000732421875,194.5749969482422,499256
2026-02-25 14:38:00+00:00,194.10350036621094,194.3350067138672,193.8000030517578,194.27999877929688,689877
2026-02-25 14:39:00+00:00,194.39990234375,194.4199981689453,193.8000030517578,194.10499572753906,683020
2026-02-25 14:40:00+00:00,194.42010498046875,194.72000122070312,194.25999450683594,194.39500427246094,788022
2026-02-25 14:41:00+00:00,194.72500610351562,194.74000549316406,194.42999267578125,194.42999267578125,432663
2026-02-25 14:42:00+00:00,194.3000030517578,194.74000549316406,194.17999267578125,194.72000122070312,428042
2026-02-25 14:43:00+00:00,194.7198944091797,194.8300018310547,194.2899932861328,194.3000030517578,7589001
2026-02-25 14:44:00+00:00,194.639892578125,194.77999877929688,194.57000732421875,194.7100067138672,0
2026-02-25 14:45:00+00:00,194.67999267578125,194.8000030517578,194.50999450683594,194.6199951171875,419628
2026-02-25 14:46:00+00:00,194.72999572753906,194.83999633789062,194.52999877929688,194.68499755859375,425126
2026-02-25 14:47:00+00:00,194.83009338378906,195.0,194.64999389648438,194.7342071533203,570073
2026-02-25 14:48:00+00:00,194.89999389648438,194.91000366210938,194.69000244140625,194.84500122070312,483531
2026-02-25 14:49:00+00:00,194.8350067138672,194.94000244140625,194.82000732421875,194.90499877929688,339738
2026-02-25 14:50:00+00:00,194.97999572753906,195.0,194.7550048828125,194.83999633789062,568892
2026-02-25 14:51:00+00:00,195.40499877929688,195.42999267578125,194.94000244140625,194.97999572753906,1909205
2026-02-25 14:52:00+00:00,195.38999938964844,195.58999633789062,195.2501983642578,195.40249633789062,700198
2026-02-25 14:53:00+00:00,195.79049682617188,195.85000610351562,195.36000061035156,195.39999389648438,618166
2026-02-25 14:54:00+00:00,195.7803955078125,195.8699951171875,195.7100067138672,195.7949981689453,432422
2026-02-25 14:55:00+00:00,195.8000030517578,195.9600067138672,195.67999267578125,195.77999877929688,600521
2026-02-25 14:56:00+00:00,195.5850067138672,195.83999633789062,195.49000549316406,195.8000030517578,523172
2026-02-25 14:57:00+00:00,195.44000244140625,195.58990478515625,195.22999572753906,195.5850067138672,513601
2026-02-25 14:58:00+00:00,195.86000061035156,195.86000061035156,195.3699951171875,195.44000244140625,12869376
2026-02-25 14:59:00+00:00,195.83999633789062,195.94000244140625,195.67100524902344,195.86500549316406,0
2026-02-25 15:00:00+00:00,195.93499755859375,196.0500030517578,195.82000732421875,195.8300018310547,1008689
2026-02-25 15:01:00+00:00,196.09500122070312,196.22999572753906,195.85000610351562,195.93499755859375,14246691
2026-02-25 15:02:00+00:00,196.11819458007812,196.3679962158203,196.05999755859375,196.10989379882812,0
2026-02-25 15:03:00+00:00,196.22500610351562,196.26229858398438,196.0500030517578,196.10659790039062,446115
2026-02-25 15:04:00+00:00,196.27000427246094,196.3300018310547,196.0800018310547,196.22999572753906,484723
2026-02-25 15:05:00+00:00,196.41009521484375,196.44000244140625,196.18060302734375,196.27999877929688,564083
2026-02-25 15:06:00+00:00,196.3679962158203,196.52999877929688,196.35000610351562,196.4149932861328,559255
2026-02-25 15:07:00+00:00,196.33999633789062,196.55999755859375,196.1699981689453,196.36500549316406,15744402
2026-02-25 15:08:00+00:00,196.28280639648438,196.3800048828125,196.17999267578125,196.35000610351562,0
2026-02-25 15:09:00+00:00,196.13009643554688,196.44500732421875,196.13009643554688,196.30999755859375,363936
2026-02-25 15:10:00+00:00,196.00999450683594,196.19900512695312,195.97000122070312,196.1363067626953,16126154
2026-02-25 15:11:00+00:00,195.95550537109375,196.22999572753906,195.94500732421875,196.01499938964844,0
2026-02-25 15:12:00+00:00,195.9199981689453,196.031005859375,195.82000732421875,195.9499969482422,465639
2026-02-25 15:13:00+00:00,195.73500061035156,195.94500732421875,195.67999267578125,195.9250030517578,483409
2026-02-25 15:14:00+00:00,195.5749969482422,195.74000549316406,195.55999755859375,195.73500061035156,428538
2026-02-25 15:15:00+00:00,195.64500427246094,195.72999572753906,195.5399932861328,195.5749969482422,16660195
2026-02-25 15:16:00+00:00,195.49000549316406,195.67999267578125,195.4250030517578,195.6649932861328,0
2026-02-25 15:17:00+00:00,195.35000610351562,195.5850067138672,195.33999633789062,195.49000549316406,464427
2026-02-25 15:18:00+00:00,195.22850036621094,195.38499450683594,195.1699981689453,195.35499572753906,458915
2026-02-25 15:19:00+00:00,195.39639282226562,195.49000549316406,195.14999389648438,195.22940063476562,482511
2026-02-25 15:20:00+00:00,195.57000732421875,195.57000732421875,195.35009765625,195.39450073242188,449401
2026-02-25 15:21:00+00:00,195.38499450683594,195.5800018310547,195.22030639648438,195.5749969482422,451386
2026-02-25 15:22:00+00:00,195.42999267578125,195.5,195.35040283203125,195.389892578125,322107
2026-02-25 15:23:00+00:00,195.5050048828125,195.82000732421875,195.38999938964844,195.4293975830078,741053
2026-02-25 15:24:00+00:00,195.55999755859375,195.6699981689453,195.5,195.5050048828125,366229
2026-02-25 15:25:00+00:00,195.67999267578125,195.73500061035156,195.55999755859375,195.57000732421875,284331
2026-02-25 15:26:00+00:00,195.7100067138672,195.74000549316406,195.60000610351562,195.6750030517578,239970
2026-02-25 15:27:00+00:00,195.80499267578125,195.8249969482422,195.68499755859375,195.7100067138672,346679
2026-02-25 15:28:00+00:00,195.98500061035156,196.00999450683594,195.80499267578125,195.80499267578125,18695906
2026-02-25 15:29:00+00:00,196.04510498046875,196.0500030517578,195.9499969482422,195.98500061035156,538540
2026-02-25 15:30:00+00:00,196.0,196.1300048828125,195.83999633789062,196.04010009765625,550705
2026-02-25 15:31:00+00:00,196.00999450683594,196.14999389648438,195.9499969482422,196.00010681152344,0
2026-02-25 15:32:00+00:00,196.07009887695312,196.10000610351562,195.97000122070312,196.00999450683594,312938
2026-02-25 15:33:00+00:00,195.88999938964844,196.10000610351562,195.8350067138672,196.07000732421875,355232
2026-02-25 15:34:00+00:00,195.67999267578125,195.94000244140625,195.64999389648438,195.89999389648438,355408
2026-02-25 15:35:00+00:00,195.5800018310547,195.74000549316406,195.5,195.68499755859375,19409572
2026-02-25 15:36:00+00:00,195.6999969482422,195.75999450683594,195.5749969482422,195.5749969482422,0
2026-02-25 15:37:00+00:00,195.69500732421875,195.75,195.64999389648438,195.7100067138672,209657
2026-02-25 15:38:00+00:00,195.81500244140625,195.8699951171875,195.66000366210938,195.6992950439453,279187
2026-02-25 15:39:00+00:00,195.7899932861328,195.86500549316406,195.76499938964844,195.81500244140625,194237
2026-02-25 15:40:00+00:00,195.8249969482422,195.91000366210938,195.77999877929688,195.78500366210938,19784601
2026-02-25 15:41:00+00:00,195.72000122070312,195.94000244140625,195.6999969482422,195.8350067138672,0
2026-02-25 15:42:00+00:00,195.90499877929688,195.91000366210938,195.6999969482422,195.71499633789062,203855
2026-02-25 15:43:00+00:00,195.71499633789062,195.91000366210938,195.6699981689453,195.90699768066406,20003736
2026-02-25 15:44:00+00:00,195.66510009765625,195.75,195.66000366210938,195.72500610351562,0
2026-02-25 15:45:00+00:00,195.793701171875,195.8300018310547,195.61000061035156,195.66769409179688,213114
2026-02-25 15:46:00+00:00,195.65750122070312,195.82789611816406,195.64999389648438,195.7899932861328,166342
2026-02-25 15:47:00+00:00,195.5800018310547,195.6699981689453,195.5,195.66000366210938,220726
2026-02-25 15:48:00+00:00,195.7949981689453,195.8300018310547,195.56039428710938,195.58990478515625,215591
2026-02-25 15:49:00+00:00,195.82000732421875,195.85000610351562,195.76010131835938,195.7899932861328,206384
2026-02-25 15:50:00+00:00,195.80990600585938,195.8800048828125,195.75,195.82510375976562,20710454
2026-02-25 15:51:00+00:00,195.9600067138672,196.0,195.75,195.80999755859375,623425
2026-02-25 15:52:00+00:00,196.02340698242188,196.0998992919922,195.9600067138672,195.96499633789062,0
2026-02-25 15:53:00+00:00,195.97999572753906,196.02999877929688,195.91000366210938,196.02999877929688,21150190
2026-02-25 15:54:00+00:00,196.0655059814453,196.2277069091797,195.97999572753906,195.9801025390625,0
2026-02-25 15:55:00+00:00,196.08999633789062,196.13999938964844,196.04510498046875,196.06500244140625,21462371
2026-02-25 15:56:00+00:00,196.15499877929688,196.2100067138672,196.0800018310547,196.09500122070312,0
2026-02-25 15:57:00+00:00,196.21499633789062,196.32000732421875,196.14999389648438,196.15499877929688,313576
2026-02-25 15:58:00+00:00,196.2449951171875,196.28500366210938,196.1300048828125,196.2100067138672,21794373
2026-02-25 15:59:00+00:00,196.2100067138672,196.29989624023438,196.07000732421875,196.2449951171875,0
2026-02-25 16:00:00+00:00,196.26280212402344,196.27999877929688,196.10000610351562,196.2100067138672,21985838
2026-02-25 16:01:00+00:00,196.27000427246094,196.3000030517578,196.0800018310547,196.2698974609375,0
2026-02-25 16:02:00+00:00,196.125,196.30999755859375,196.0800018310547,196.27000427246094,261498
2026-02-25 16:03:00+00:00,196.15499877929688,196.24000549316406,196.1300048828125,196.1300048828125,211684
2026-02-25 16:04:00+00:00,196.16009521484375,196.21800231933594,196.1027069091797,196.15499877929688,180304
2026-02-25 16:05:00+00:00,196.2449951171875,196.25,196.1112060546875,196.16000366210938,209985
2026-02-25 16:06:00+00:00,196.21499633789062,196.2899932861328,196.19000244140625,196.24009704589844,261238
2026-02-25 16:07:00+00:00,196.43499755859375,196.44000244140625,196.19500732421875,196.21499633789062,391141
2026-02-25 16:08:00+00:00,196.32000732421875,196.4600067138672,196.27499389648438,196.44000244140625,22843873
2026-02-25 16:09:00+00:00,196.5601043701172,196.5800018310547,196.30999755859375,196.3300018310547,0
2026-02-25 16:10:00+00:00,196.50010681152344,196.61000061035156,196.42999267578125,196.5605010986328,287520
2026-02-25 16:11:00+00:00,196.5500946044922,196.57000732421875,196.4300994873047,196.5,238728
2026-02-25 16:12:00+00:00,196.44000244140625,196.55999755859375,196.35000610351562,196.55999755859375,333360
2026-02-25 16:13:00+00:00,196.5050048828125,196.52999877929688,196.44009399414062,196.44009399414062,160753
2026-02-25 16:14:00+00:00,196.52999877929688,196.6199951171875,196.49000549316406,196.5050048828125,380595
2026-02-25 16:15:00+00:00,196.1898956298828,196.54930114746094,196.18499755859375,196.52499389648438,371924
2026-02-25 16:16:00+00:00,196.27999877929688,196.33900451660156,196.17010498046875,196.17999267578125,228658
2026-02-25 16:17:00+00:00,196.17999267578125,196.3000030517578,196.0749969482422,196.27349853515625,259963
2026-02-25 16:18:00+00:00,196.2449951171875,196.2899932861328,196.13999938964844,196.17999267578125,211685
2026-02-25 16:19:00+00:00,196.15020751953125,196.24000549316406,196.10000610351562,196.2366943359375,192294
2026-02-25 16:20:00+00:00,196.09500122070312,196.18499755859375,196.0301055908203,196.13499450683594,24125233
2026-02-25 16:21:00+00:00,195.875,196.1199951171875,195.80999755859375,196.10000610351562,675917
2026-02-25 16:22:00+00:00,196.01499938964844,196.0500030517578,195.85000610351562,195.875,0
2026-02-25 16:23:00+00:00,195.9949951171875,196.0500030517578,195.91000366210938,196.01510620117188,184953
2026-02-25 16:24:00+00:00,196.23500061035156,196.27000427246094,195.9300994873047,195.99000549316406,461524
2026-02-25 16:25:00+00:00,196.32000732421875,196.32000732421875,196.0800018310547,196.23500061035156,287236
2026-02-25 16:26:00+00:00,196.27999877929688,196.3300018310547,196.23060607910156,196.31500244140625,227855
2026-02-25 16:27:00+00:00,196.22999572753906,196.32000732421875,196.15170288085938,196.2899932861328,184896
2026-02-25 16:28:00+00:00,196.21499633789062,196.23989868164062,196.13999938964844,196.23500061035156,149484
2026-02-25 16:29:00+00:00,196.33999633789062,196.47000122070312,196.1999969482422,196.21499633789062,402830
2026-02-25 16:30:00+00:00,196.3800048828125,196.44000244140625,196.3300018310547,196.3300018310547,223566
2026-02-25 16:31:00+00:00,196.45010375976562,196.4600067138672,196.36000061035156,196.38819885253906,25309645
2026-02-25 16:32:00+00:00,196.625,196.625,196.44000244140625,196.46499633789062,0
2026-02-25 16:33:00+00:00,196.57000732421875,196.67990112304688,196.55999755859375,196.625,428333
2026-02-25 16:34:00+00:00,196.50010681152344,196.5865936279297,196.4949951171875,196.56300354003906,214300
2026-02-25 16:35:00+00:00,196.64500427246094,196.64529418945312,196.5,196.50399780273438,301850
2026-02-25 16:36:00+00:00,196.69500732421875,196.77000427246094,196.63999938964844,196.64500427246094,27920066
2026-02-25 16:37:00+00:00,196.85000610351562,196.9199981689453,196.67999267578125,196.6999969482422,637635
2026-02-25 16:38:00+00:00,196.94500732421875,196.9499969482422,196.8249969482422,196.84979248046875,0
2026-02-25 16:39:00+00:00,197.02499389648438,197.08999633789062,196.92999267578125,196.9499969482422,29041989
2026-02-25 16:40:00+00:00,197.0500030517578,197.09500122070312,197.0,197.02000427246094,451448
2026-02-25 16:41:00+00:00,196.99000549316406,197.10000610351562,196.9499969482422,197.0449981689453,416186
2026-02-25 16:42:00+00:00,197.02499389648438,197.0800018310547,196.99000549316406,197.0095977783203,534140
2026-02-25 16:43:00+00:00,197.11500549316406,197.1199951171875,197.0,197.00999450683594,0
2026-02-25 16:44:00+00:00,197.08999633789062,197.14999389648438,197.0399932861328,197.11000061035156,253993
2026-02-25 16:45:00+00:00,196.97999572753906,197.1750030517578,196.9600067138672,197.10000610351562,482520
2026-02-25 16:46:00+00:00,197.06370544433594,197.07000732421875,196.9600067138672,196.97999572753906,242550
2026-02-25 16:47:00+00:00,197.17160034179688,197.17999267578125,197.0399932861328,197.07000732421875,302073
2026-02-25 16:48:00+00:00,197.2310028076172,197.32000732421875,197.1699981689453,197.17970275878906,534243
2026-02-25 16:49:00+00:00,197.02499389648438,197.2449951171875,197.02000427246094,197.22999572753906,311131
2026-02-25 16:50:00+00:00,197.02699279785156,197.08999633789062,197.0,197.02499389648438,278451
2026-02-25 16:51:00+00:00,197.03500366210938,197.10000610351562,196.97999572753906,197.02499389648438,274737
2026-02-25 16:52:00+00:00,197.0749969482422,197.1699981689453,197.02999877929688,197.0363006591797,263716
2026-02-25 16:53:00+00:00,197.0800018310547,197.13999938964844,197.07000732421875,197.07550048828125,30039172
2026-02-25 16:54:00+00:00,197.03500366210938,197.13999938964844,197.02000427246094,197.0850067138672,0
2026-02-25 16:55:00+00:00,197.05999755859375,197.08929443359375,196.8699951171875,197.02659606933594,357757
2026-02-25 16:56:00+00:00,197.08009338378906,197.09500122070312,196.9949951171875,197.0500030517578,227711
2026-02-25 16:57:00+00:00,197.0299072265625,197.09410095214844,197.02000427246094,197.09410095214844,145568
2026-02-25 16:58:00+00:00,197.02499389648438,197.0500030517578,197.0,197.02999877929688,187287
2026-02-25 16:59:00+00:00,197.0601043701172,197.07000732421875,197.01010131835938,197.02000427246094,150256
2026-02-25 17:00:00+00:00,197.03990173339844,197.1199951171875,197.02000427246094,197.06500244140625,183037
2026-02-25 17:01:00+00:00,197.1649932861328,197.1999969482422,197.02000427246094,197.03500366210938,223906
2026-02-25 17:02:00+00:00,197.0500030517578,197.1663055419922,197.0,197.1649932861328,299784
2026-02-25 17:03:00+00:00,196.9698944091797,197.0749969482422,196.8813018798828,197.0500030517578,287718
2026-02-25 17:04:00+00:00,197.02000427246094,197.02000427246094,196.86500549316406,196.9600067138672,260737
2026-02-25 17:05:00+00:00,197.15499877929688,197.17999267578125,197.02499389648438,197.02969360351562,31366420
2026-02-25 17:06:00+00:00,197.2949981689453,197.3000030517578,197.14500427246094,197.1569061279297,0
2026-02-25 17:07:00+00:00,197.34500122070312,197.3699951171875,197.25999450683594,197.3000030517578,31694205
2026-02-25 17:08:00+00:00,197.4149932861328,197.42999267578125,197.14999389648438,197.33009338378906,0
2026-02-25 17:09:00+00:00,197.35000610351562,197.4600067138672,197.3000030517578,197.4136962890625,250552
2026-02-25 17:10:00+00:00,197.38999938964844,197.4499969482422,197.3000030517578,197.3300018310547,277104
2026-02-25 17:11:00+00:00,197.4770050048828,197.47999572753906,197.30999755859375,197.38499450683594,194762
2026-02-25 17:12:00+00:00,197.44000244140625,197.52999877929688,197.38999938964844,197.47019958496094,410149
2026-02-25 17:13:00+00:00,197.43499755859375,197.5500030517578,197.40499877929688,197.44500732421875,291489
2026-02-25 17:14:00+00:00,197.5299072265625,197.5800018310547,197.43499755859375,197.43899536132812,224729
2026-02-25 17:15:00+00:00,197.3800048828125,197.52999877929688,197.35000610351562,197.52499389648438,260787
2026-02-25 17:16:00+00:00,197.30999755859375,197.3798065185547,197.25999450683594,197.3798065185547,223534
2026-02-25 17:17:00+00:00,197.39999389648438,197.42999267578125,197.26499938964844,197.30499267578125,246702
2026-02-25 17:18:00+00:00,197.39500427246094,197.43499755859375,197.35499572753906,197.39500427246094,217079
2026-02-25 17:19:00+00:00,197.53500366210938,197.62989807128906,197.38999938964844,197.39500427246094,321625
2026-02-25 17:20:00+00:00,197.53370666503906,197.58999633789062,197.47000122070312,197.52999877929688,33012013
2026-02-25 17:21:00+00:00,197.49000549316406,197.55999755859375,197.4499969482422,197.5500030517578,0
2026-02-25 17:22:00+00:00,197.56500244140625,197.5800018310547,197.44000244140625,197.4803009033203,226318
2026-02-25 17:23:00+00:00,197.56019592285156,197.6199951171875,197.5500030517578,197.55999755859375,206798
2026-02-25 17:24:00+00:00,197.55499267578125,197.5850067138672,197.47999572753906,197.5601043701172,206088
2026-02-25 17:25:00+00:00,197.49000549316406,197.58999633789062,197.47000122070312,197.5449981689453,214188
2026-02-25 17:26:00+00:00,197.4499969482422,197.5399932861328,197.35499572753906,197.49000549316406,223205
2026-02-25 17:27:00+00:00,197.3800048828125,197.47000122070312,197.32000732421875,197.4499969482422,214718
2026-02-25 17:28:00+00:00,197.27499389648438,197.44000244140625,197.27499389648438,197.3699951171875,252070
2026-02-25 17:29:00+00:00,197.36000061035156,197.38999938964844,197.27000427246094,197.2700958251953,277026
2026-02-25 17:30:00+00:00,197.48500061035156,197.48500061035156,197.31500244140625,197.35009765625,216617
2026-02-25 17:31:00+00:00,197.4250030517578,197.52999877929688,197.39999389648438,197.48500061035156,34746698
2026-02-25 17:32:00+00:00,197.40499877929688,197.46499633789062,197.3800048828125,197.4250030517578,0
2026-02-25 17:33:00+00:00,197.27499389648438,197.41000366210938,197.27499389648438,197.41000366210938,209018
2026-02-25 17:34:00+00:00,197.22500610351562,197.30499267578125,197.2100067138672,197.27000427246094,197755
2026-02-25 17:35:00+00:00,197.2563018798828,197.27000427246094,197.2100067138672,197.22369384765625,182262
2026-02-25 17:36:00+00:00,197.235107421875,197.27000427246094,197.1999969482422,197.25509643554688,125489
2026-02-25 17:37:00+00:00,197.36990356445312,197.389892578125,197.19500732421875,197.23989868164062,211815
2026-02-25 17:38:00+00:00,197.30499267578125,197.38999938964844,197.3000030517578,197.36990356445312,125725
2026-02-25 17:39:00+00:00,197.3350067138672,197.39999389648438,197.293701171875,197.30499267578125,166984
2026-02-25 17:40:00+00:00,197.2550048828125,197.34500122070312,197.25,197.3350067138672,162185
2026-02-25 17:41:00+00:00,197.33990478515625,197.35000610351562,197.25,197.25,158356
2026-02-25 17:42:00+00:00,197.3249969482422,197.34500122070312,197.27000427246094,197.33999633789062,136335
2026-02-25 17:43:00+00:00,197.3699951171875,197.37899780273438,197.3101043701172,197.3249969482422,35373950
2026-02-25 17:44:00+00:00,197.35499572753906,197.3800048828125,197.30999755859375,197.36500549316406,0
2026-02-25 17:45:00+00:00,197.29969787597656,197.39999389648438,197.27499389648438,197.36000061035156,210495
2026-02-25 17:46:00+00:00,197.26370239257812,197.35000610351562,197.17999267578125,197.2949981689453,35648299
2026-02-25 17:47:00+00:00,197.27499389648438,197.3350067138672,197.22999572753906,197.27000427246094,0
2026-02-25 17:48:00+00:00,197.2449951171875,197.36000061035156,197.22000122070312,197.27499389648438,220574
2026-02-25 17:49:00+00:00,197.27450561523438,197.27999877929688,197.2050018310547,197.2449951171875,35812329
2026-02-25 17:50:00+00:00,197.22500610351562,197.3000030517578,197.19000244140625,197.27499389648438,0
2026-02-25 17:51:00+00:00,197.21499633789062,197.24000549316406,197.1999969482422,197.2100067138672,113382
2026-02-25 17:52:00+00:00,197.2429962158203,197.2899932861328,197.17999267578125,197.21499633789062,36030241
2026-02-25 17:53:00+00:00,197.22999572753906,197.27000427246094,197.22500610351562,197.24009704589844,0
2026-02-25 17:54:00+00:00,197.12730407714844,197.24000549316406,197.11000061035156,197.23500061035156,198109
2026-02-25 17:55:00+00:00,197.13499450683594,197.1999969482422,197.11000061035156,197.1199951171875,148263
2026-02-25 17:56:00+00:00,197.125,197.13999938964844,197.07000732421875,197.13510131835938,175266
2026-02-25 17:57:00+00:00,197.11500549316406,197.13999938964844,197.10000610351562,197.1300048828125,111472
2026-02-25 17:58:00+00:00,197.05999755859375,197.1300048828125,197.0399932861328,197.11500549316406,196654
2026-02-25 17:59:00+00:00,197.07000732421875,197.1300048828125,197.0500030517578,197.05999755859375,139696
2026-02-25 18:00:00+00:00,197.10000610351562,197.1132049560547,197.07000732421875,197.0800018310547,144154
2026-02-25 18:01:00+00:00,197.07200622558594,197.1699981689453,197.00999450683594,197.08999633789062,217744
2026-02-25 18:02:00+00:00,196.86000061035156,197.08999633789062,196.86000061035156,197.08999633789062,344451
2026-02-25 18:03:00+00:00,196.8363037109375,196.8699951171875,196.7899932861328,196.85000610351562,201647
2026-02-25 18:04:00+00:00,196.86000061035156,196.92999267578125,196.8000030517578,196.8300018310547,230573
2026-02-25 18:05:00+00:00,196.88999938964844,196.94000244140625,196.82000732421875,196.85499572753906,36978913
2026-02-25 18:06:00+00:00,196.8300018310547,196.9199981689453,196.82000732421875,196.89500427246094,0
2026-02-25 18:07:00+00:00,196.81500244140625,196.86990356445312,196.77999877929688,196.8350067138672,193955
2026-02-25 18:08:00+00:00,196.7799072265625,196.82000732421875,196.75,196.81500244140625,37106616
2026-02-25 18:09:00+00:00,196.78619384765625,196.8699951171875,196.75999450683594,196.77499389648438,0
2026-02-25 18:10:00+00:00,196.84010314941406,196.86000061035156,196.75999450683594,196.78500366210938,37214863
2026-02-25 18:11:00+00:00,196.86000061035156,196.89999389648438,196.77999877929688,196.84500122070312,0
2026-02-25 18:12:00+00:00,196.80999755859375,196.8800048828125,196.75,196.86000061035156,37380713
2026-02-25 18:13:00+00:00,196.8350067138672,196.87840270996094,196.7899932861328,196.80499267578125,0
2026-02-25 18:14:00+00:00,196.80990600585938,196.8699951171875,196.8000030517578,196.8350067138672,144357
2026-02-25 18:15:00+00:00,196.8336944580078,196.83999633789062,196.75999450683594,196.80299377441406,172917
2026-02-25 18:16:00+00:00,196.7449951171875,196.83999633789062,196.72999572753906,196.8350067138672,198949
2026-02-25 18:17:00+00:00,196.69500732421875,196.75,196.6199951171875,196.75,258395
2026-02-25 18:18:00+00:00,196.6649932861328,196.6999969482422,196.66000366210938,196.69000244140625,138138
2026-02-25 18:19:00+00:00,196.6750030517578,196.69500732421875,196.6300048828125,196.6649932861328,171271
2026-02-25 18:20:00+00:00,196.6649932861328,196.69000244140625,196.63999938964844,196.6750030517578,134905
2026-02-25 18:21:00+00:00,196.68499755859375,196.74000549316406,196.6501007080078,196.6699981689453,166176
2026-02-25 18:22:00+00:00,196.64999389648438,196.72000122070312,196.64999389648438,196.69000244140625,137554
2026-02-25 18:23:00+00:00,196.63999938964844,196.69000244140625,196.61390686035156,196.65499877929688,37929127
2026-02-25 18:24:00+00:00,196.68370056152344,196.6898956298828,196.60499572753906,196.627197265625,0
2026-02-25 18:25:00+00:00,196.7729949951172,196.8000030517578,196.67999267578125,196.6898956298828,226927
2026-02-25 18:26:00+00:00,196.81500244140625,196.8350067138672,196.71009826660156,196.77499389648438,188728
2026-02-25 18:27:00+00:00,196.73500061035156,196.83999633789062,196.72000122070312,196.81500244140625,186436
2026-02-25 18:28:00+00:00,196.75999450683594,196.77999877929688,196.7100067138672,196.73500061035156,126552
2026-02-25 18:29:00+00:00,196.7299041748047,196.77000427246094,196.6634979248047,196.76370239257812,38283566
2026-02-25 18:30:00+00:00,196.76499938964844,196.7899932861328,196.68499755859375,196.72500610351562,0
2026-02-25 18:31:00+00:00,196.7550048828125,196.77000427246094,196.6999969482422,196.75660705566406,109796
2026-02-25 18:32:00+00:00,196.71499633789062,196.76499938964844,196.69000244140625,196.7550048828125,38340377
2026-02-25 18:33:00+00:00,196.77499389648438,196.8000030517578,196.67999267578125,196.71499633789062,0
2026-02-25 18:34:00+00:00,196.7465057373047,196.8000030517578,196.72999572753906,196.78500366210938,156545
2026-02-25 18:35:00+00:00,196.7949981689453,196.82000732421875,196.72999572753906,196.74000549316406,206144
2026-02-25 18:36:00+00:00,196.7100067138672,196.8000030517578,196.64999389648438,196.7949981689453,226973
2026-02-25 18:37:00+00:00,196.52000427246094,196.72999572753906,196.4810028076172,196.71499633789062,38873048
2026-02-25 18:38:00+00:00,196.5800018310547,196.6199951171875,196.5,196.52999877929688,362518
2026-02-25 18:39:00+00:00,196.5449981689453,196.5800018310547,196.52499389648438,196.57000732421875,0
2026-02-25 18:40:00+00:00,196.625,196.63999938964844,196.51499938964844,196.5399932861328,170273
2026-02-25 18:41:00+00:00,196.7100067138672,196.75,196.61000061035156,196.625,221789
2026-02-25 18:42:00+00:00,196.69000244140625,196.7100067138672,196.66000366210938,196.7097930908203,147222
2026-02-25 18:43:00+00:00,196.74000549316406,196.75999450683594,196.64999389648438,196.69000244140625,172458
2026-02-25 18:44:00+00:00,196.7100067138672,196.8000030517578,196.7050018310547,196.74009704589844,167236
2026-02-25 18:45:00+00:00,196.7449951171875,196.77999877929688,196.7100067138672,196.71499633789062,121773
2026-02-25 18:46:00+00:00,196.75999450683594,196.75999450683594,196.66000366210938,196.75,177300
2026-02-25 18:47:00+00:00,196.75999450683594,196.75999450683594,196.72999572753906,196.7550048828125,143971
2026-02-25 18:48:00+00:00,196.69509887695312,196.75999450683594,196.67999267578125,196.75999450683594,39454847
2026-02-25 18:49:00+00:00,196.72999572753906,196.75999450683594,196.69000244140625,196.69509887695312,0
2026-02-25 18:50:00+00:00,196.68499755859375,196.74000549316406,196.66000366210938,196.72500610351562,134470
2026-02-25 18:51:00+00:00,196.62989807128906,196.69000244140625,196.61000061035156,196.67999267578125,140798
2026-02-25 18:52:00+00:00,196.69000244140625,196.7100067138672,196.5850067138672,196.6300048828125,199284
2026-02-25 18:53:00+00:00,196.66969299316406,196.7100067138672,196.64999389648438,196.69000244140625,119186
2026-02-25 18:54:00+00:00,196.6602020263672,196.69000244140625,196.63499450683594,196.6663055419922,39644752
2026-02-25 18:55:00+00:00,196.7050018310547,196.72999572753906,196.65499877929688,196.66510009765625,0
2026-02-25 18:56:00+00:00,196.64500427246094,196.7299041748047,196.63999938964844,196.7100067138672,118893
2026-02-25 18:57:00+00:00,196.6199951171875,196.69009399414062,196.61000061035156,196.64500427246094,100739
2026-02-25 18:58:00+00:00,196.6199951171875,196.63999938964844,196.5800018310547,196.61500549316406,140113
2026-02-25 18:59:00+00:00,196.625,196.64500427246094,196.58999633789062,196.6215057373047,92013
2026-02-25 19:00:00+00:00,196.7200927734375,196.74000549316406,196.61000061035156,196.6199951171875,183528
2026-02-25 19:01:00+00:00,196.84500122070312,196.85000610351562,196.6999969482422,196.72500610351562,265114
2026-02-25 19:02:00+00:00,196.85499572753906,196.89999389648438,196.8000030517578,196.83999633789062,40342506
2026-02-25 19:03:00+00:00,196.9550018310547,196.97999572753906,196.8350067138672,196.85020446777344,317381
2026-02-25 19:04:00+00:00,196.94500732421875,196.99000549316406,196.88999938964844,196.9550018310547,0
2026-02-25 19:05:00+00:00,197.09500122070312,197.10000610351562,196.86000061035156,196.94500732421875,452854
2026-02-25 19:06:00+00:00,197.06500244140625,197.11000061035156,197.0,197.10000610351562,269140
2026-02-25 19:07:00+00:00,197.11500549316406,197.13999938964844,197.0500030517578,197.05999755859375,40942351
2026-02-25 19:08:00+00:00,197.02999877929688,197.13999938964844,197.02999877929688,197.1103057861328,0
2026-02-25 19:09:00+00:00,197.11000061035156,197.1300048828125,197.0,197.03500366210938,216449
2026-02-25 19:10:00+00:00,197.11500549316406,197.13999938964844,197.0850067138672,197.10499572753906,206012
2026-02-25 19:11:00+00:00,197.11990356445312,197.13499450683594,197.06370544433594,197.11000061035156,169718
2026-02-25 19:12:00+00:00,197.11390686035156,197.14999389648438,197.0937042236328,197.11500549316406,200909
2026-02-25 19:13:00+00:00,197.22999572753906,197.22999572753906,197.11500549316406,197.11500549316406,213634
2026-02-25 19:14:00+00:00,197.17990112304688,197.22999572753906,197.1699981689453,197.22509765625,187521
2026-02-25 19:15:00+00:00,197.2100067138672,197.24000549316406,197.16000366210938,197.1750030517578,217494
2026-02-25 19:16:00+00:00,197.2550048828125,197.27999877929688,197.1699981689453,197.1999969482422,41489978
2026-02-25 19:17:00+00:00,197.28500366210938,197.28990173339844,197.2100067138672,197.25990295410156,0
2026-02-25 19:18:00+00:00,197.36500549316406,197.38999938964844,197.27999877929688,197.2801055908203,339858
2026-02-25 19:19:00+00:00,197.4248046875,197.4499969482422,197.35000610351562,197.36990356445312,301796
2026-02-25 19:20:00+00:00,197.37989807128906,197.43499755859375,197.30999755859375,197.42999267578125,226195
2026-02-25 19:21:00+00:00,197.32040405273438,197.3699951171875,197.3000030517578,197.3699951171875,198188
2026-02-25 19:22:00+00:00,197.2550048828125,197.32989501953125,197.22000122070312,197.3249969482422,267946
2026-02-25 19:23:00+00:00,197.23500061035156,197.3000030517578,197.21499633789062,197.2550048828125,189427
2026-02-25 19:24:00+00:00,197.2550048828125,197.3000030517578,197.1999969482422,197.23989868164062,170860
2026-02-25 19:25:00+00:00,197.222900390625,197.27999877929688,197.1999969482422,197.2550048828125,179391
2026-02-25 19:26:00+00:00,197.2050018310547,197.25999450683594,197.17930603027344,197.22500610351562,42366090
2026-02-25 19:27:00+00:00,197.21009826660156,197.22000122070312,197.1699981689453,197.1999969482422,0
2026-02-25 19:28:00+00:00,197.26629638671875,197.3000030517578,197.2100067138672,197.21499633789062,180742
2026-02-25 19:29:00+00:00,197.0998992919922,197.27000427246094,197.05999755859375,197.25999450683594,250924
2026-02-25 19:30:00+00:00,197.19000244140625,197.2100067138672,197.05999755859375,197.08900451660156,222255
2026-02-25 19:31:00+00:00,197.2698974609375,197.27999877929688,197.19500732421875,197.19509887695312,221977
2026-02-25 19:32:00+00:00,197.02499389648438,197.27000427246094,197.02000427246094,197.25999450683594,348976
2026-02-25 19:33:00+00:00,197.02310180664062,197.1300048828125,196.97000122070312,197.0200958251953,307249
2026-02-25 19:34:00+00:00,197.03509521484375,197.0500030517578,196.97999572753906,197.02999877929688,157269
2026-02-25 19:35:00+00:00,197.0399932861328,197.0500030517578,196.89999389648438,197.0050048828125,232753
2026-02-25 19:36:00+00:00,197.0836944580078,197.139892578125,197.02000427246094,197.0449981689453,234848
2026-02-25 19:37:00+00:00,197.0800018310547,197.10499572753906,197.0399932861328,197.0850067138672,156567
2026-02-25 19:38:00+00:00,197.1300048828125,197.13999938964844,197.07000732421875,197.0800018310547,150512
2026-02-25 19:39:00+00:00,197.19500732421875,197.2550048828125,197.1300048828125,197.13999938964844,286511
2026-02-25 19:40:00+00:00,197.18499755859375,197.22999572753906,197.13999938964844,197.19500732421875,173117
2026-02-25 19:41:00+00:00,197.21499633789062,197.24000549316406,197.14999389648438,197.18499755859375,202157
2026-02-25 19:42:00+00:00,197.1750030517578,197.2550048828125,197.10000610351562,197.21499633789062,216719
2026-02-25 19:43:00+00:00,197.17999267578125,197.2050018310547,197.13499450683594,197.1699981689453,160368
2026-02-25 19:44:00+00:00,197.18499755859375,197.25999450683594,197.1649932861328,197.18499755859375,143871
2026-02-25 19:45:00+00:00,197.19020080566406,197.21499633789062,197.11000061035156,197.17999267578125,129218
2026-02-25 19:46:00+00:00,197.18499755859375,197.23500061035156,197.1699981689453,197.19500732421875,149517
2026-02-25 19:47:00+00:00,197.10629272460938,197.19000244140625,197.07000732421875,197.18499755859375,199364
2026-02-25 19:48:00+00:00,197.23500061035156,197.23500061035156,197.08999633789062,197.10000610351562,193715
2026-02-25 19:49:00+00:00,197.23500061035156,197.27999877929688,197.22000122070312,197.23500061035156,215143
2026-02-25 19:50:00+00:00,197.22000122070312,197.24000549316406,197.1300048828125,197.23500061035156,195178
2026-02-25 19:51:00+00:00,197.21499633789062,197.27000427246094,197.1750030517578,197.21499633789062,186271
2026-02-25 19:52:00+00:00,197.21499633789062,197.24000549316406,197.16000366210938,197.21499633789062,44855533
2026-02-25 19:53:00+00:00,197.3199005126953,197.3300018310547,197.22000122070312,197.22000122070312,0
2026-02-25 19:54:00+00:00,197.30630493164062,197.32659912109375,197.27000427246094,197.3000030517578,191543
2026-02-25 19:55:00+00:00,197.3498992919922,197.35000610351562,197.27999877929688,197.30990600585938,211794
2026-02-25 19:56:00+00:00,197.22500610351562,197.3699951171875,197.1999969482422,197.3498992919922,208592
2026-02-25 19:57:00+00:00,197.1649932861328,197.24000549316406,197.16000366210938,197.22000122070312,215356
2026-02-25 19:58:00+00:00,197.10499572753906,197.17999267578125,197.10000610351562,197.16000366210938,45568824
2026-02-25 19:59:00+00:00,197.17999267578125,197.19000244140625,197.10000610351562,197.10499572753906,309014
2026-02-25 20:00:00+00:00,197.08999633789062,197.19000244140625,197.05999755859375,197.1750030517578,0
2026-02-25 20:01:00+00:00,197.15499877929688,197.16000366210938,197.05999755859375,197.0800018310547,214647
2026-02-25 20:02:00+00:00,197.18499755859375,197.2100067138672,197.08999633789062,197.15499877929688,46000430
2026-02-25 20:03:00+00:00,197.1649932861328,197.1898956298828,197.10499572753906,197.17999267578125,0
2026-02-25 20:04:00+00:00,197.10000610351562,197.16549682617188,197.0399932861328,197.1649932861328,254295
2026-02-25 20:05:00+00:00,197.09500122070312,197.24000549316406,197.03500366210938,197.10000610351562,277139
2026-02-25 20:06:00+00:00,197.0865936279297,197.11000061035156,197.02499389648438,197.10000610351562,209953
2026-02-25 20:07:00+00:00,197.0500030517578,197.11500549316406,197.0399932861328,197.0749969482422,188933
2026-02-25 20:08:00+00:00,197.15370178222656,197.19509887695312,197.043701171875,197.043701171875,205236
2026-02-25 20:09:00+00:00,197.1649932861328,197.19500732421875,197.1199951171875,197.15499877929688,221948
2026-02-25 20:10:00+00:00,197.125,197.1699981689453,197.0800018310547,197.1699981689453,218908
2026-02-25 20:11:00+00:00,197.0,197.1300048828125,197.0,197.125,284141
2026-02-25 20:12:00+00:00,197.01510620117188,197.05999755859375,196.97000122070312,197.0050048828125,257513
2026-02-25 20:13:00+00:00,196.86630249023438,197.00999450683594,196.86000061035156,197.0050048828125,255702
2026-02-25 20:14:00+00:00,196.8000030517578,196.86990356445312,196.67999267578125,196.86500549316406,332805
2026-02-25 20:15:00+00:00,196.80990600585938,196.9199981689453,196.7100067138672,196.80499267578125,366340
2026-02-25 20:16:00+00:00,196.88999938964844,196.9199981689453,196.6999969482422,196.8000030517578,273497
2026-02-25 20:17:00+00:00,197.01499938964844,197.0399932861328,196.8699951171875,196.88999938964844,349404
2026-02-25 20:18:00+00:00,196.97500610351562,197.02999877929688,196.9600067138672,197.02000427246094,305516
2026-02-25 20:19:00+00:00,197.0074005126953,197.07000732421875,196.97000122070312,196.97000122070312,48022959
2026-02-25 20:20:00+00:00,196.9149932861328,197.0050048828125,196.91000366210938,197.0050048828125,0
2026-02-25 20:21:00+00:00,196.93499755859375,196.96499633789062,196.80999755859375,196.91400146484375,48248178
2026-02-25 20:22:00+00:00,196.96009826660156,197.02000427246094,196.9199981689453,196.93499755859375,0
2026-02-25 20:23:00+00:00,197.02499389648438,197.0399932861328,196.93499755859375,196.9600067138672,48501182
2026-02-25 20:24:00+00:00,196.9600067138672,197.0500030517578,196.9499969482422,197.0299072265625,0
2026-02-25 20:25:00+00:00,196.97999572753906,197.0,196.8800048828125,196.9499969482422,193546
2026-02-25 20:26:00+00:00,196.90499877929688,197.03500366210938,196.8699951171875,196.97500610351562,242694
2026-02-25 20:27:00+00:00,197.0050048828125,197.0399932861328,196.8800048828125,196.89999389648438,48924219
2026-02-25 20:28:00+00:00,196.9250030517578,197.02499389648438,196.88999938964844,197.0050048828125,0
2026-02-25 20:29:00+00:00,196.89500427246094,196.97999572753906,196.8800048828125,196.9250030517578,257001
2026-02-25 20:30:00+00:00,196.8498992919922,196.91000366210938,196.60000610351562,196.88999938964844,573577
2026-02-25 20:31:00+00:00,196.75999450683594,196.89999389648438,196.7100067138672,196.85000610351562,316750
2026-02-25 20:32:00+00:00,196.9550018310547,196.99000549316406,196.7550048828125,196.7550048828125,359234
2026-02-25 20:33:00+00:00,197.00999450683594,197.10000610351562,196.92999267578125,196.95989990234375,376000
2026-02-25 20:34:00+00:00,196.84500122070312,197.02000427246094,196.8000030517578,197.01499938964844,465835
2026-02-25 20:35:00+00:00,196.72500610351562,196.86000061035156,196.64999389648438,196.84500122070312,265345
2026-02-25 20:36:00+00:00,196.61500549316406,196.72500610351562,196.58999633789062,196.72500610351562,252533
2026-02-25 20:37:00+00:00,196.72000122070312,196.72999572753906,196.61000061035156,196.61500549316406,263954
2026-02-25 20:38:00+00:00,196.77499389648438,196.77999877929688,196.67999267578125,196.71499633789062,252775
2026-02-25 20:39:00+00:00,196.94500732421875,196.97999572753906,196.77499389648438,196.77499389648438,362226
2026-02-25 20:40:00+00:00,196.95689392089844,196.9698944091797,196.8800048828125,196.94000244140625,277630
2026-02-25 20:41:00+00:00,197.0299072265625,197.07000732421875,196.94000244140625,196.9550018310547,383919
2026-02-25 20:42:00+00:00,197.0749969482422,197.0749969482422,196.97999572753906,197.02659606933594,338588
2026-02-25 20:43:00+00:00,197.125,197.17999267578125,197.07000732421875,197.0749969482422,441600
2026-02-25 20:44:00+00:00,197.19630432128906,197.2100067138672,197.11000061035156,197.1199951171875,359899
2026-02-25 20:45:00+00:00,197.125,197.19000244140625,197.11000061035156,197.19000244140625,332271
2026-02-25 20:46:00+00:00,196.9250030517578,197.13499450683594,196.91009521484375,197.125,499493
2026-02-25 20:47:00+00:00,196.88999938964844,197.0,196.83999633789062,196.92999267578125,391110
2026-02-25 20:48:00+00:00,196.96499633789062,196.9949951171875,196.82009887695312,196.8863067626953,361907
2026-02-25 20:49:00+00:00,196.875,197.02000427246094,196.83999633789062,196.96499633789062,415760
2026-02-25 20:50:00+00:00,196.7449951171875,196.91510009765625,196.63009643554688,196.8699951171875,633285
2026-02-25 20:51:00+00:00,196.67999267578125,196.78500366210938,196.66000366210938,196.75,513296
2026-02-25 20:52:00+00:00,196.59950256347656,196.8000030517578,196.58999633789062,196.6699981689453,594753
2026-02-25 20:53:00+00:00,196.47500610351562,196.65499877929688,196.3800048828125,196.60000610351562,695698
2026-02-25 20:54:00+00:00,196.41000366210938,196.61000061035156,196.38999938964844,196.47999572753906,628192
2026-02-25 20:55:00+00:00,196.27549743652344,196.4199981689453,196.14999389648438,196.4199981689453,1007234
2026-02-25 20:56:00+00:00,196.27499389648438,196.47000122070312,196.2050018310547,196.27999877929688,771677
2026-02-25 20:57:00+00:00,195.94000244140625,196.3800048828125,195.9199981689453,196.27999877929688,1053642
2026-02-25 20:58:00+00:00,195.6199951171875,195.99000549316406,195.52000427246094,195.94000244140625,1402745
2026-02-25 20:59:00+00:00,195.8800048828125,195.9600067138672,195.5500030517578,195.61500549316406,2185189
2026-02-26 14:30:00+00:00,193.35000610351562,194.2100067138672,192.85000610351562,194.2100067138672,9208926
2026-02-26 14:31:00+00:00,193.03419494628906,193.7100067138672,192.7899932861328,193.36990356445312,1541936
2026-02-26 14:32:00+00:00,191.67999267578125,193.10000610351562,191.33999633789062,193.0399932861328,2096005
2026-02-26 14:33:00+00:00,191.7241973876953,191.9698944091797,191.22000122070312,191.6699981689453,1508947
2026-02-26 14:34:00+00:00,191.00999450683594,191.85000610351562,190.9499969482422,191.73500061035156,1527931
2026-02-26 14:35:00+00:00,190.46499633789062,191.2698974609375,190.36000061035156,191.00999450683594,1632032
2026-02-26 14:36:00+00:00,189.8699951171875,190.5399932861328,189.55999755859375,190.4250030517578,2149226
2026-02-26 14:37:00+00:00,189.9199981689453,190.1300048828125,189.41000366210938,189.8800048828125,1932422
2026-02-26 14:38:00+00:00,190.81100463867188,191.0,189.9167938232422,189.9600067138672,2309013
2026-02-26 14:39:00+00:00,191.3699951171875,191.39999389648438,190.77499389648438,190.82699584960938,1686527
2026-02-26 14:40:00+00:00,190.69500732421875,191.389892578125,190.610107421875,191.3800048828125,1441426
2026-02-26 14:41:00+00:00,190.89999389648438,191.3300018310547,190.677001953125,190.7100067138672,1176501
2026-02-26 14:42:00+00:00,190.44000244140625,191.7100067138672,190.2449951171875,190.89999389648438,1535553
2026-02-26 14:43:00+00:00,189.94000244140625,190.5399932861328,189.60000610351562,190.44000244140625,22040072
2026-02-26 14:44:00+00:00,189.98500061035156,190.1300048828125,189.6300048828125,189.94000244140625,0
2026-02-26 14:45:00+00:00,188.89990234375,190.0050048828125,188.8699951171875,188.89990234375,24325033
2026-02-26 14:46:00+00:00,189.52000427246094,189.77999877929688,188.85000610351562,188.89999389648438,0
2026-02-26 14:47:00+00:00,189.00999450683594,189.55799865722656,188.8000030517578,189.52499389648438,1138067
2026-02-26 14:48:00+00:00,188.4949951171875,189.1300048828125,188.41000366210938,189.0,1359765
2026-02-26 14:49:00+00:00,188.97999572753906,189.0,188.27999877929688,188.5050048828125,1276713
2026-02-26 14:50:00+00:00,189.5800018310547,189.6699981689453,188.94500732421875,188.9810028076172,27027482
2026-02-26 14:51:00+00:00,189.61300659179688,189.8699951171875,189.1699981689453,189.5998992919922,1631161
2026-02-26 14:52:00+00:00,188.52499389648438,189.66000366210938,188.5,189.6199951171875,0
2026-02-26 14:53:00+00:00,189.22000122070312,189.30999755859375,188.39990234375,188.54100036621094,1308123
2026-02-26 14:54:00+00:00,189.30499267578125,189.4499969482422,188.63999938964844,189.22999572753906,29145766
2026-02-26 14:55:00+00:00,189.67999267578125,189.72999572753906,189.00999450683594,189.28500366210938,0
2026-02-26 14:56:00+00:00,189.75,189.8800048828125,189.55999755859375,189.67999267578125,989971
2026-02-26 14:57:00+00:00,189.72000122070312,189.97000122070312,189.5,189.75,890910
2026-02-26 14:58:00+00:00,189.40499877929688,189.77000427246094,189.1699981689453,189.72500610351562,805465
2026-02-26 14:59:00+00:00,189.38999938964844,189.88499450683594,189.24000549316406,189.41000366210938,722203
2026-02-26 15:00:00+00:00,188.92300415039062,189.7100067138672,188.8300018310547,189.3800048828125,1007568
2026-02-26 15:01:00+00:00,188.3000030517578,188.99000549316406,188.16000366210938,188.92999267578125,1129381
2026-02-26 15:02:00+00:00,188.2899932861328,188.35000610351562,187.9550018310547,188.2899932861328,33741108
2026-02-26 15:03:00+00:00,188.65499877929688,188.86000061035156,188.22000122070312,188.26499938964844,0
2026-02-26 15:04:00+00:00,188.57009887695312,188.8800048828125,188.57000732421875,188.65499877929688,680182
2026-02-26 15:05:00+00:00,188.5500030517578,188.6199951171875,188.27999877929688,188.5850067138672,770166
2026-02-26 15:06:00+00:00,188.7899932861328,189.00999450683594,188.39999389648438,188.5399932861328,797219
2026-02-26 15:07:00+00:00,188.80999755859375,188.85000610351562,188.5399932861328,188.7949981689453,616182
2026-02-26 15:08:00+00:00,188.8000030517578,189.0,188.66000366210938,188.81500244140625,772031
2026-02-26 15:09:00+00:00,188.5449981689453,189.02000427246094,188.25,188.88999938964844,933071
2026-02-26 15:10:00+00:00,188.50999450683594,188.7799072265625,188.3249969482422,188.5500030517578,828437
2026-02-26 15:11:00+00:00,188.27999877929688,188.5399932861328,188.13499450683594,188.5050048828125,745275
2026-02-26 15:12:00+00:00,187.40249633789062,188.3090057373047,187.27999877929688,188.27999877929688,1499374
2026-02-26 15:13:00+00:00,187.51499938964844,187.63999938964844,187.3300018310547,187.41000366210938,926339
2026-02-26 15:14:00+00:00,186.88999938964844,187.5198974609375,186.86000061035156,187.50999450683594,1344932
2026-02-26 15:15:00+00:00,186.97999572753906,187.1199951171875,186.7100067138672,186.88999938964844,1082061
2026-02-26 15:16:00+00:00,186.5050048828125,187.02000427246094,186.44000244140625,186.98629760742188,40327167
2026-02-26 15:17:00+00:00,186.4250030517578,186.7899932861328,186.38999938964844,186.52000427246094,0
2026-02-26 15:18:00+00:00,185.99070739746094,186.49000549316406,185.89999389648438,186.4250030517578,1287067
2026-02-26 15:19:00+00:00,186.40989685058594,186.41990661621094,185.97000122070312,185.97000122070312,1019028
2026-02-26 15:20:00+00:00,185.77000427246094,186.75999450683594,185.74000549316406,186.40499877929688,1227551
2026-02-26 15:21:00+00:00,185.8343048095703,186.05999755859375,185.6999969482422,185.76499938964844,882122
2026-02-26 15:22:00+00:00,185.95050048828125,186.0,185.69000244140625,185.83999633789062,825801
2026-02-26 15:23:00+00:00,186.0050048828125,186.16990661621094,185.67149353027344,185.9300994873047,987841
2026-02-26 15:24:00+00:00,185.7200927734375,186.01620483398438,185.5800018310547,186.00999450683594,1050716
2026-02-26 15:25:00+00:00,186.5500030517578,186.55250549316406,185.71499633789062,185.72999572753906,1153948
2026-02-26 15:26:00+00:00,186.6475067138672,186.8000030517578,186.36000061035156,186.5500030517578,1005935
2026-02-26 15:27:00+00:00,185.97999572753906,186.64999389648438,185.8249969482422,186.63999938964844,1122691
2026-02-26 15:28:00+00:00,185.81500244140625,186.4600067138672,185.77000427246094,185.97999572753906,927533
2026-02-26 15:29:00+00:00,186.09500122070312,186.3699951171875,185.80499267578125,185.80499267578125,678085
2026-02-26 15:30:00+00:00,185.8000030517578,186.19000244140625,185.6999969482422,186.10000610351562,833253
2026-02-26 15:31:00+00:00,186.0800018310547,186.25979614257812,185.5800018310547,185.8000030517578,941461
2026-02-26 15:32:00+00:00,185.2050018310547,186.19000244140625,185.1999969482422,186.0800018310547,1238143
2026-02-26 15:33:00+00:00,185.28500366210938,185.35000610351562,185.0399932861328,185.2050018310547,48762319
2026-02-26 15:34:00+00:00,184.7550048828125,185.24000549316406,184.5800018310547,185.24000549316406,2956631
2026-02-26 15:35:00+00:00,185.47000122070312,185.52000427246094,184.72999572753906,184.75,0
2026-02-26 15:36:00+00:00,185.48500061035156,185.5500030517578,185.0863037109375,185.4600067138672,840755
2026-02-26 15:37:00+00:00,185.8350067138672,185.8699951171875,185.45849609375,185.4799041748047,876584
2026-02-26 15:38:00+00:00,186.29989624023438,186.32000732421875,185.75999450683594,185.83999633789062,51116330
2026-02-26 15:39:00+00:00,186.38999938964844,186.39999389648438,186.07000732421875,186.2949981689453,0
2026-02-26 15:40:00+00:00,186.23500061035156,186.49000549316406,186.22000122070312,186.38999938964844,51824515
2026-02-26 15:41:00+00:00,186.61500549316406,186.67979431152344,186.1501007080078,186.22500610351562,0
2026-02-26 15:42:00+00:00,186.4199981689453,186.63999938964844,186.17059326171875,186.60000610351562,52686697
2026-02-26 15:43:00+00:00,186.6737060546875,186.74000549316406,186.3000030517578,186.43800354003906,0
2026-02-26 15:44:00+00:00,186.7050018310547,186.8000030517578,186.47000122070312,186.6699981689453,819237
2026-02-26 15:45:00+00:00,186.6300048828125,186.86000061035156,186.50999450683594,186.7100067138672,706049
2026-02-26 15:46:00+00:00,186.0,186.77999877929688,185.9239959716797,186.6197967529297,54786859
2026-02-26 15:47:00+00:00,186.27630615234375,186.27999877929688,185.85009765625,185.99000549316406,0
2026-02-26 15:48:00+00:00,186.3865966796875,186.5,186.17660522460938,186.27999877929688,620190
2026-02-26 15:49:00+00:00,186.38999938964844,186.50999450683594,186.25100708007812,186.38009643554688,473348
2026-02-26 15:50:00+00:00,186.3000030517578,186.40499877929688,186.13999938964844,186.3813018798828,453290
2026-02-26 15:51:00+00:00,186.125,186.2899932861328,186.07000732421875,186.2899932861328,428314
2026-02-26 15:52:00+00:00,186.27000427246094,186.5500030517578,186.11000061035156,186.125,615458
2026-02-26 15:53:00+00:00,186.0937042236328,186.27000427246094,185.88999938964844,186.26499938964844,499763
2026-02-26 15:54:00+00:00,186.38999938964844,186.38999938964844,186.02000427246094,186.10000610351562,414691
2026-02-26 15:55:00+00:00,186.17999267578125,186.45010375976562,186.05999755859375,186.3800048828125,506011
2026-02-26 15:56:00+00:00,186.19000244140625,186.27000427246094,186.05999755859375,186.18499755859375,381141
2026-02-26 15:57:00+00:00,186.4499969482422,186.4499969482422,186.0800018310547,186.19000244140625,417658
2026-02-26 15:58:00+00:00,186.39500427246094,186.64999389648438,186.38499450683594,186.44009399414062,597447
2026-02-26 15:59:00+00:00,186.32899475097656,186.52999877929688,186.1199951171875,186.39990234375,653832
2026-02-26 16:00:00+00:00,186.94630432128906,186.9600067138672,186.24000549316406,186.3300018310547,726881
2026-02-26 16:01:00+00:00,186.86000061035156,186.97999572753906,186.82000732421875,186.94500732421875,645994
2026-02-26 16:02:00+00:00,186.7050018310547,186.92999267578125,186.47000122070312,186.85499572753906,665533
2026-02-26 16:03:00+00:00,186.9398956298828,187.05999755859375,186.63009643554688,186.69009399414062,695464
2026-02-26 16:04:00+00:00,187.14999389648438,187.1699981689453,186.85000610351562,186.94000244140625,604275
2026-02-26 16:05:00+00:00,187.3300018310547,187.4600067138672,187.00999450683594,187.13999938964844,868729
2026-02-26 16:06:00+00:00,187.17999267578125,187.41000366210938,186.9499969482422,187.3300018310547,755361
2026-02-26 16:07:00+00:00,187.32000732421875,187.36000061035156,186.94000244140625,187.14999389648438,531266
2026-02-26 16:08:00+00:00,187.26499938964844,187.3300018310547,187.07000732421875,187.3300018310547,464626
2026-02-26 16:09:00+00:00,187.14999389648438,187.27850341796875,187.0800018310547,187.25999450683594,379639
2026-02-26 16:10:00+00:00,187.1199951171875,187.3000030517578,187.0399932861328,187.16000366210938,493525
2026-02-26 16:11:00+00:00,187.1699981689453,187.30999755859375,187.08990478515625,187.10499572753906,325349
2026-02-26 16:12:00+00:00,187.28500366210938,187.44000244140625,187.0800018310547,187.19000244140625,583211
2026-02-26 16:13:00+00:00,187.47999572753906,187.5500030517578,187.19000244140625,187.26499938964844,687080
2026-02-26 16:14:00+00:00,187.30499267578125,187.48500061035156,187.16000366210938,187.47500610351562,388267
2026-02-26 16:15:00+00:00,187.48500061035156,187.58999633789062,187.22999572753906,187.30499267578125,516007
2026-02-26 16:16:00+00:00,187.5937042236328,187.6300048828125,187.39999389648438,187.47999572753906,471372
2026-02-26 16:17:00+00:00,187.44000244140625,187.60000610351562,187.27999877929688,187.60000610351562,63576121
2026-02-26 16:18:00+00:00,187.58999633789062,187.6300048828125,187.3800048828125,187.42999267578125,0
2026-02-26 16:19:00+00:00,187.31500244140625,187.61000061035156,187.22999572753906,187.5800018310547,492620
2026-02-26 16:20:00+00:00,187.3000030517578,187.36000061035156,187.16000366210938,187.3000030517578,371660
2026-02-26 16:21:00+00:00,187.3199005126953,187.48500061035156,187.2899932861328,187.2949981689453,64328371
2026-02-26 16:22:00+00:00,187.36500549316406,187.52000427246094,187.2899932861328,187.31500244140625,0
2026-02-26 16:23:00+00:00,187.51739501953125,187.5449981689453,187.3300018310547,187.35000610351562,441984
2026-02-26 16:24:00+00:00,187.4801025390625,187.6699981689453,187.4499969482422,187.52999877929688,368011
2026-02-26 16:25:00+00:00,187.75990295410156,187.77000427246094,187.46499633789062,187.49000549316406,65112355
2026-02-26 16:26:00+00:00,187.85009765625,187.89500427246094,187.67999267578125,187.75999450683594,0
2026-02-26 16:27:00+00:00,187.90499877929688,187.9199981689453,187.7899932861328,187.85020446777344,452522
2026-02-26 16:28:00+00:00,187.89999389648438,187.93980407714844,187.81500244140625,187.91000366210938,336174
2026-02-26 16:29:00+00:00,187.8249969482422,187.92999267578125,187.7801055908203,187.90499877929688,366561
2026-02-26 16:30:00+00:00,187.89999389648438,187.9250030517578,187.61000061035156,187.77999877929688,66270379
2026-02-26 16:31:00+00:00,187.7100067138672,187.9600067138672,187.69500732421875,187.89999389648438,0
2026-02-26 16:32:00+00:00,187.86000061035156,187.9499969482422,187.63999938964844,187.7198028564453,66651374
2026-02-26 16:33:00+00:00,187.83999633789062,187.89999389648438,187.7700958251953,187.89990234375,0
2026-02-26 16:34:00+00:00,187.8800048828125,187.9199981689453,187.72999572753906,187.85000610351562,275414
2026-02-26 16:35:00+00:00,187.83999633789062,187.97000122070312,187.83009338378906,187.88999938964844,288118
2026-02-26 16:36:00+00:00,187.49000549316406,187.85000610351562,187.4600067138672,187.85000610351562,480965
2026-02-26 16:37:00+00:00,187.35000610351562,187.58999633789062,187.32000732421875,187.5,2001988
2026-02-26 16:38:00+00:00,187.35499572753906,187.38999938964844,187.1999969482422,187.36000061035156,389000
2026-02-26 16:39:00+00:00,187.35000610351562,187.40499877929688,187.1999969482422,187.35000610351562,67727664
2026-02-26 16:40:00+00:00,187.28070068359375,187.35609436035156,187.2100067138672,187.35609436035156,0
2026-02-26 16:41:00+00:00,187.4600067138672,187.5500030517578,187.26499938964844,187.27999877929688,68088750
2026-02-26 16:42:00+00:00,187.37989807128906,187.47630310058594,187.27499389648438,187.46499633789062,0
2026-02-26 16:43:00+00:00,187.11000061035156,187.375,187.11000061035156,187.375,359609
2026-02-26 16:44:00+00:00,186.73500061035156,187.1663055419922,186.72000122070312,187.11000061035156,595400
2026-02-26 16:45:00+00:00,186.64500427246094,186.75,186.55999755859375,186.73939514160156,406267
2026-02-26 16:46:00+00:00,186.60499572753906,186.7899932861328,186.53500366210938,186.65499877929688,69273084
2026-02-26 16:47:00+00:00,186.77549743652344,186.85369873046875,186.5800018310547,186.60499572753906,0
2026-02-26 16:48:00+00:00,186.82000732421875,186.88999938964844,186.63999938964844,186.77000427246094,69489780
2026-02-26 16:49:00+00:00,186.79989624023438,186.9250030517578,186.75999450683594,186.8262939453125,0
2026-02-26 16:50:00+00:00,186.71299743652344,186.97000122070312,186.71299743652344,186.8000030517578,331663
2026-02-26 16:51:00+00:00,186.77000427246094,186.85000610351562,186.6300048828125,186.7100067138672,288445
2026-02-26 16:52:00+00:00,186.8249969482422,186.85000610351562,186.7200927734375,186.75999450683594,222084
2026-02-26 16:53:00+00:00,186.85000610351562,186.92999267578125,186.70010375976562,186.8249969482422,340688
2026-02-26 16:54:00+00:00,186.67999267578125,186.88999938964844,186.64999389648438,186.85499572753906,240130
2026-02-26 16:55:00+00:00,186.47500610351562,186.72000122070312,186.4499969482422,186.6999969482422,428976
2026-02-26 16:56:00+00:00,186.46499633789062,186.64999389648438,186.4199981689453,186.47630310058594,283793
2026-02-26 16:57:00+00:00,186.13999938964844,186.5,186.13999938964844,186.464599609375,371405
2026-02-26 16:58:00+00:00,185.94000244140625,186.1649932861328,185.88999938964844,186.14999389648438,500682
2026-02-26 16:59:00+00:00,185.89649963378906,186.02999877929688,185.85000610351562,185.93499755859375,322493
2026-02-26 17:00:00+00:00,186.4199981689453,186.42999267578125,185.88999938964844,185.88999938964844,605339
2026-02-26 17:01:00+00:00,186.375,186.45989990234375,186.33999633789062,186.4199981689453,72231860
2026-02-26 17:02:00+00:00,186.2949981689453,186.3800048828125,186.24000549316406,186.375,0
2026-02-26 17:03:00+00:00,186.5399932861328,186.55499267578125,186.2899932861328,186.2949981689453,354987
2026-02-26 17:04:00+00:00,186.8000030517578,186.82000732421875,186.52999877929688,186.5399932861328,797373
2026-02-26 17:05:00+00:00,186.83990478515625,186.94000244140625,186.75,186.7899932861328,382616
2026-02-26 17:06:00+00:00,186.85000610351562,186.94000244140625,186.7899932861328,186.8300018310547,285161
2026-02-26 17:07:00+00:00,187.11500549316406,187.14500427246094,186.80999755859375,186.8350067138672,393846
2026-02-26 17:08:00+00:00,187.11500549316406,187.16000366210938,187.0500030517578,187.11500549316406,309813
2026-02-26 17:09:00+00:00,187.14999389648438,187.2899932861328,187.10000610351562,187.11500549316406,330408
2026-02-26 17:10:00+00:00,187.10989379882812,187.25,187.09109497070312,187.14999389648438,254906
2026-02-26 17:11:00+00:00,187.36000061035156,187.4250030517578,187.06300354003906,187.1096954345703,334223
2026-02-26 17:12:00+00:00,187.4149932861328,187.47000122070312,187.35000610351562,187.35499572753906,264505
2026-02-26 17:13:00+00:00,187.28370666503906,187.41000366210938,187.10000610351562,187.41000366210938,342753
2026-02-26 17:14:00+00:00,187.02340698242188,187.35000610351562,187.01600646972656,187.2899932861328,380129
2026-02-26 17:15:00+00:00,186.6750030517578,187.02499389648438,186.6699981689453,187.02000427246094,399366
2026-02-26 17:16:00+00:00,186.93499755859375,187.02499389648438,186.6300048828125,186.6699981689453,74662801
2026-02-26 17:17:00+00:00,187.05979919433594,187.07000732421875,186.89999389648438,186.94000244140625,0
2026-02-26 17:18:00+00:00,187.06500244140625,187.10000610351562,186.94500732421875,187.0500030517578,74776116
2026-02-26 17:19:00+00:00,187.15899658203125,187.22000122070312,187.0399932861328,187.07000732421875,0
2026-02-26 17:20:00+00:00,187.21499633789062,187.2899932861328,187.10499572753906,187.15499877929688,241425
2026-02-26 17:21:00+00:00,187.1699981689453,187.25979614257812,187.0,187.22000122070312,75182374
2026-02-26 17:22:00+00:00,187.27499389648438,187.33999633789062,187.1699981689453,187.1699981689453,0
2026-02-26 17:23:00+00:00,187.2050018310547,187.35980224609375,187.17999267578125,187.27999877929688,297165
2026-02-26 17:24:00+00:00,187.38499450683594,187.38499450683594,187.1999969482422,187.2050018310547,179110
2026-02-26 17:25:00+00:00,187.3697052001953,187.4600067138672,187.30999755859375,187.38499450683594,299708
2026-02-26 17:26:00+00:00,187.39999389648438,187.44000244140625,187.2301025390625,187.3697052001953,261744
2026-02-26 17:27:00+00:00,187.3112030029297,187.44000244140625,187.2949981689453,187.3997039794922,210054
2026-02-26 17:28:00+00:00,187.4250030517578,187.47000122070312,187.32000732421875,187.3249969482422,293361
2026-02-26 17:29:00+00:00,187.5749969482422,187.69000244140625,187.4199981689453,187.4250030517578,357869
2026-02-26 17:30:00+00:00,187.85989379882812,187.88999938964844,187.54010009765625,187.57000732421875,364365
2026-02-26 17:31:00+00:00,187.97000122070312,188.00999450683594,187.85000610351562,187.85009765625,386639
2026-02-26 17:32:00+00:00,187.9949951171875,188.1199951171875,187.9199981689453,187.97999572753906,499815
2026-02-26 17:33:00+00:00,187.9033966064453,188.07000732421875,187.86000061035156,188.0,351754
2026-02-26 17:34:00+00:00,187.86990356445312,187.92999267578125,187.6999969482422,187.89999389648438,344267
2026-02-26 17:35:00+00:00,187.5449981689453,187.8699951171875,187.52000427246094,187.8699951171875,334796
2026-02-26 17:36:00+00:00,187.43499755859375,187.61000061035156,187.43499755859375,187.5449981689453,349728
2026-02-26 17:37:00+00:00,187.2299041748047,187.42999267578125,187.19239807128906,187.42999267578125,346553
2026-02-26 17:38:00+00:00,187.10000610351562,187.27999877929688,187.0399932861328,187.21499633789062,304946
2026-02-26 17:39:00+00:00,187.09500122070312,187.14999389648438,186.97000122070312,187.0800018310547,391668
2026-02-26 17:40:00+00:00,187.0299072265625,187.19000244140625,186.9600067138672,187.09500122070312,289012
2026-02-26 17:41:00+00:00,186.85000610351562,187.0399932861328,186.8300018310547,187.02999877929688,266787
2026-02-26 17:42:00+00:00,186.86900329589844,186.91000366210938,186.76510620117188,186.85989379882812,266345
2026-02-26 17:43:00+00:00,186.7449951171875,186.88499450683594,186.6199951171875,186.8686065673828,325324
2026-02-26 17:44:00+00:00,186.6199951171875,186.77999877929688,186.58999633789062,186.74000549316406,238641
2026-02-26 17:45:00+00:00,186.57000732421875,186.6699981689453,186.5399932861328,186.622802734375,249013
2026-02-26 17:46:00+00:00,186.5800018310547,186.63499450683594,186.52999877929688,186.55999755859375,79042650
2026-02-26 17:47:00+00:00,186.63499450683594,186.7198944091797,186.5850067138672,186.5850067138672,0
2026-02-26 17:48:00+00:00,186.5500030517578,186.7899932861328,186.52000427246094,186.63499450683594,328690
2026-02-26 17:49:00+00:00,186.3798065185547,186.5399932861328,186.1999969482422,186.5399932861328,501107
2026-02-26 17:50:00+00:00,186.389892578125,186.39999389648438,186.24000549316406,186.3701934814453,331011
2026-02-26 17:51:00+00:00,186.44000244140625,186.44000244140625,186.1999969482422,186.3800048828125,353489
2026-02-26 17:52:00+00:00,186.56500244140625,186.6300048828125,186.28489685058594,186.43499755859375,425399
2026-02-26 17:53:00+00:00,186.5554962158203,186.60000610351562,186.47999572753906,186.55999755859375,230944
2026-02-26 17:54:00+00:00,186.6501007080078,186.75,186.52499389648438,186.5590057373047,294794
2026-02-26 17:55:00+00:00,186.52000427246094,186.64999389648438,186.43499755859375,186.64999389648438,80661500
2026-02-26 17:56:00+00:00,186.5850067138672,186.6300048828125,186.49630737304688,186.52499389648438,0
2026-02-26 17:57:00+00:00,186.66009521484375,186.6999969482422,186.5200958251953,186.5800018310547,247613
2026-02-26 17:58:00+00:00,186.74000549316406,186.76499938964844,186.60000610351562,186.64999389648438,203786
2026-02-26 17:59:00+00:00,186.76499938964844,186.91000366210938,186.7100067138672,186.75,310157
2026-02-26 18:00:00+00:00,186.4499969482422,186.77000427246094,186.4499969482422,186.75,306890
2026-02-26 18:01:00+00:00,186.2299041748047,186.46499633789062,186.21499633789062,186.46499633789062,367380
2026-02-26 18:02:00+00:00,186.1699981689453,186.38999938964844,186.13999938964844,186.23699951171875,326064
2026-02-26 18:03:00+00:00,186.05369567871094,186.22000122070312,186.02000427246094,186.16299438476562,240435
2026-02-26 18:04:00+00:00,185.97999572753906,186.05999755859375,185.94000244140625,186.05499267578125,357278
2026-02-26 18:05:00+00:00,186.06849670410156,186.14999389648438,185.82000732421875,185.98060607910156,538186
2026-02-26 18:06:00+00:00,185.82000732421875,186.07000732421875,185.7899932861328,186.06500244140625,351499
2026-02-26 18:07:00+00:00,185.8199005126953,185.9398956298828,185.80999755859375,185.8300018310547,82753635
2026-02-26 18:08:00+00:00,185.39500427246094,185.82000732421875,185.3699951171875,185.80999755859375,0
2026-02-26 18:09:00+00:00,185.41000366210938,185.44000244140625,185.1999969482422,185.40499877929688,704667
2026-02-26 18:10:00+00:00,185.5399932861328,185.58999633789062,185.28500366210938,185.40499877929688,443627
2026-02-26 18:11:00+00:00,185.51499938964844,185.68020629882812,185.5,185.5290069580078,376853
2026-02-26 18:12:00+00:00,185.0299072265625,185.52000427246094,185.00999450683594,185.51499938964844,603703
2026-02-26 18:13:00+00:00,185.22500610351562,185.30999755859375,184.97000122070312,185.02499389648438,84807933
2026-02-26 18:14:00+00:00,185.16000366210938,185.30999755859375,185.10000610351562,185.22500610351562,0
2026-02-26 18:15:00+00:00,185.07020568847656,185.23880004882812,185.02999877929688,185.14990234375,288719
2026-02-26 18:16:00+00:00,185.02630615234375,185.17999267578125,184.86000061035156,185.07369995117188,483461
2026-02-26 18:17:00+00:00,185.1999969482422,185.3699951171875,185.02000427246094,185.02499389648438,439075
2026-02-26 18:18:00+00:00,185.23910522460938,185.32000732421875,185.16000366210938,185.1999969482422,297322
2026-02-26 18:19:00+00:00,185.360595703125,185.3800048828125,185.13009643554688,185.23500061035156,292615
2026-02-26 18:20:00+00:00,185.2198944091797,185.3699951171875,185.14999389648438,185.3699951171875,242223
2026-02-26 18:21:00+00:00,185.09500122070312,185.27000427246094,185.0399932861328,185.1999969482422,325393
2026-02-26 18:22:00+00:00,185.39849853515625,185.44000244140625,185.09500122070312,185.09500122070312,308388
2026-02-26 18:23:00+00:00,185.2050018310547,185.43980407714844,185.19500732421875,185.39500427246094,297023
2026-02-26 18:24:00+00:00,185.52499389648438,185.52999877929688,185.1649932861328,185.2050018310547,313813
2026-02-26 18:25:00+00:00,185.46499633789062,185.51499938964844,185.39999389648438,185.51109313964844,254500
2026-02-26 18:26:00+00:00,185.40699768066406,185.4949951171875,185.3699951171875,185.46009826660156,200847
2026-02-26 18:27:00+00:00,185.3699951171875,185.44000244140625,185.27000427246094,185.41000366210938,187845
2026-02-26 18:28:00+00:00,185.31500244140625,185.39999389648438,185.27999877929688,185.3636932373047,158865
2026-02-26 18:29:00+00:00,185.35499572753906,185.39999389648438,185.2899932861328,185.31500244140625,204723
2026-02-26 18:30:00+00:00,185.2550048828125,185.40969848632812,185.22000122070312,185.34500122070312,207111
2026-02-26 18:31:00+00:00,185.11500549316406,185.36000061035156,184.97000122070312,185.25,88113435
2026-02-26 18:32:00+00:00,185.0894012451172,185.13999938964844,185.0,185.11000061035156,0
2026-02-26 18:33:00+00:00,185.5198974609375,185.5399932861328,184.9998016357422,185.0863037109375,467481
2026-02-26 18:34:00+00:00,185.6697998046875,185.74000549316406,185.39999389648438,185.50999450683594,518448
2026-02-26 18:35:00+00:00,185.61000061035156,185.6898956298828,185.47000122070312,185.6699981689453,365638
2026-02-26 18:36:00+00:00,185.77499389648438,185.7899932861328,185.55499267578125,185.61500549316406,404752
2026-02-26 18:37:00+00:00,185.88499450683594,185.94000244140625,185.7100067138672,185.77000427246094,413643
2026-02-26 18:38:00+00:00,185.85000610351562,185.88999938964844,185.72000122070312,185.88059997558594,278347
2026-02-26 18:39:00+00:00,185.89999389648438,185.9600067138672,185.77999877929688,185.85000610351562,287883
2026-02-26 18:40:00+00:00,185.85000610351562,185.99000549316406,185.7949981689453,185.88999938964844,255154
2026-02-26 18:41:00+00:00,185.85000610351562,185.85000610351562,185.625,185.84010314941406,335581
2026-02-26 18:42:00+00:00,185.65969848632812,185.85000610351562,185.5800018310547,185.83999633789062,259477
2026-02-26 18:43:00+00:00,185.7570037841797,185.97999572753906,185.66000366210938,185.66000366210938,342841
2026-02-26 18:44:00+00:00,185.61990356445312,185.77999877929688,185.61000061035156,185.7563018798828,89919763
2026-02-26 18:45:00+00:00,185.7200927734375,185.87030029296875,185.60000610351562,185.63499450683594,0
2026-02-26 18:46:00+00:00,185.50999450683594,185.7449951171875,185.4949951171875,185.72999572753906,391883
2026-02-26 18:47:00+00:00,185.52499389648438,185.61000061035156,185.47999572753906,185.50999450683594,267733
2026-02-26 18:48:00+00:00,185.28500366210938,185.5791015625,185.27999877929688,185.52499389648438,389966
2026-02-26 18:49:00+00:00,185.17970275878906,185.3000030517578,185.0399932861328,185.28500366210938,416763
2026-02-26 18:50:00+00:00,184.83999633789062,185.18499755859375,184.822998046875,185.17999267578125,443668
2026-02-26 18:51:00+00:00,184.91119384765625,185.02999877929688,184.8300018310547,184.85989379882812,337886
2026-02-26 18:52:00+00:00,184.97500610351562,185.08999633789062,184.85000610351562,184.92999267578125,246777
2026-02-26 18:53:00+00:00,185.08970642089844,185.08999633789062,184.9550018310547,184.97999572753906,198132
2026-02-26 18:54:00+00:00,185.12559509277344,185.17999267578125,185.02999877929688,185.0850067138672,274057
2026-02-26 18:55:00+00:00,185.1649932861328,185.1999969482422,185.0500030517578,185.1199951171875,239188
2026-02-26 18:56:00+00:00,185.32000732421875,185.32009887695312,185.0749969482422,185.16000366210938,306514
2026-02-26 18:57:00+00:00,185.34500122070312,185.3800048828125,185.22000122070312,185.31500244140625,280246
2026-02-26 18:58:00+00:00,185.27999877929688,185.42999267578125,185.25999450683594,185.3498992919922,393908
2026-02-26 18:59:00+00:00,185.22000122070312,185.33999633789062,185.13999938964844,185.27999877929688,322633
2026-02-26 19:00:00+00:00,185.2899932861328,185.35000610351562,185.1300048828125,185.2100067138672,258706
2026-02-26 19:01:00+00:00,185.52000427246094,185.55999755859375,185.27000427246094,185.27000427246094,92448274
2026-02-26 19:02:00+00:00,185.5500030517578,185.55999755859375,185.44000244140625,185.50999450683594,0
2026-02-26 19:03:00+00:00,185.8502960205078,185.8800048828125,185.55999755859375,185.55999755859375,402400
2026-02-26 19:04:00+00:00,185.94630432128906,186.07000732421875,185.7949981689453,185.85000610351562,379441
2026-02-26 19:05:00+00:00,185.99009704589844,186.0399932861328,185.9250030517578,185.9600067138672,323437
2026-02-26 19:06:00+00:00,186.05999755859375,186.0800018310547,185.94000244140625,186.0,292901
2026-02-26 19:07:00+00:00,186.21499633789062,186.24000549316406,186.02000427246094,186.0697021484375,357285
2026-02-26 19:08:00+00:00,186.39500427246094,186.39500427246094,186.1699981689453,186.210205078125,433363
2026-02-26 19:09:00+00:00,186.52499389648438,186.5399932861328,186.36000061035156,186.381103515625,539792
2026-02-26 19:10:00+00:00,186.6219940185547,186.6999969482422,186.44000244140625,186.53500366210938,522556
2026-02-26 19:11:00+00:00,186.25,186.63999938964844,186.22999572753906,186.625,515068
2026-02-26 19:12:00+00:00,186.10499572753906,186.27000427246094,186.0399932861328,186.2550048828125,302983
2026-02-26 19:13:00+00:00,186.125,186.13890075683594,185.96499633789062,186.10000610351562,358017
2026-02-26 19:14:00+00:00,186.14999389648438,186.1699981689453,186.0500946044922,186.12030029296875,273851
2026-02-26 19:15:00+00:00,186.25,186.27999877929688,186.11500549316406,186.14500427246094,301173
2026-02-26 19:16:00+00:00,186.2113037109375,186.41000366210938,186.1999969482422,186.24000549316406,323510
2026-02-26 19:17:00+00:00,186.26499938964844,186.3699951171875,186.17999267578125,186.21749877929688,382677
2026-02-26 19:18:00+00:00,186.1199951171875,186.35499572753906,186.08999633789062,186.25999450683594,353930
2026-02-26 19:19:00+00:00,185.875,186.13999938964844,185.8699951171875,186.11000061035156,359252
2026-02-26 19:20:00+00:00,185.80499267578125,185.88999938964844,185.75999450683594,185.8699951171875,320765
2026-02-26 19:21:00+00:00,185.75,185.85499572753906,185.65499877929688,185.8000030517578,268845
2026-02-26 19:22:00+00:00,185.4600067138672,185.77999877929688,185.4499969482422,185.7449951171875,300119
2026-02-26 19:23:00+00:00,185.5364990234375,185.60000610351562,185.4600067138672,185.4600067138672,336327
2026-02-26 19:24:00+00:00,185.44500732421875,185.59500122070312,185.44000244140625,185.53500366210938,287055
2026-02-26 19:25:00+00:00,185.34500122070312,185.50999450683594,185.33999633789062,185.44000244140625,330697
2026-02-26 19:26:00+00:00,185.55499267578125,185.57000732421875,185.25,185.34500122070312,352099
2026-02-26 19:27:00+00:00,185.40499877929688,185.625,185.38999938964844,185.55499267578125,97417215
2026-02-26 19:28:00+00:00,185.42010498046875,185.55999755859375,185.33999633789062,185.41000366210938,0
2026-02-26 19:29:00+00:00,185.29989624023438,185.5,185.28500366210938,185.4199981689453,319847
2026-02-26 19:30:00+00:00,185.41000366210938,185.4600067138672,185.2949981689453,185.2949981689453,339309
2026-02-26 19:31:00+00:00,185.4600067138672,185.50999450683594,185.3699951171875,185.4149932861328,245187
2026-02-26 19:32:00+00:00,185.4949951171875,185.57000732421875,185.45449829101562,185.4550018310547,243957
2026-02-26 19:33:00+00:00,185.4550018310547,185.5399932861328,185.4199981689453,185.5,196950
2026-02-26 19:34:00+00:00,185.4564971923828,185.64999389648438,185.42999267578125,185.4499969482422,301327
2026-02-26 19:35:00+00:00,185.33009338378906,185.52000427246094,185.30499267578125,185.45849609375,272778
2026-02-26 19:36:00+00:00,185.1699981689453,185.38999938964844,185.14999389648438,185.33999633789062,367959
2026-02-26 19:37:00+00:00,185.0050048828125,185.19000244140625,184.94900512695312,185.1699981689453,500905
2026-02-26 19:38:00+00:00,184.9998016357422,185.08999633789062,184.9499969482422,184.99000549316406,279974
2026-02-26 19:39:00+00:00,185.03970336914062,185.05999755859375,184.97000122070312,185.0050048828125,256800
2026-02-26 19:40:00+00:00,185.05499267578125,185.14999389648438,185.00999450683594,185.03500366210938,272092
2026-02-26 19:41:00+00:00,185.13999938964844,185.22979736328125,185.0500030517578,185.05850219726562,284265
2026-02-26 19:42:00+00:00,185.30499267578125,185.30999755859375,185.1199951171875,185.13999938964844,191350
2026-02-26 19:43:00+00:00,185.40989685058594,185.4199981689453,185.3000030517578,185.30499267578125,100013727
2026-02-26 19:44:00+00:00,185.2899932861328,185.42999267578125,185.22999572753906,185.39999389648438,409267
2026-02-26 19:45:00+00:00,185.5749969482422,185.57550048828125,185.25,185.28500366210938,0
2026-02-26 19:46:00+00:00,185.53500366210938,185.5749969482422,185.47000122070312,185.57000732421875,246845
2026-02-26 19:47:00+00:00,185.63999938964844,185.71969604492188,185.5050048828125,185.53500366210938,296672
2026-02-26 19:48:00+00:00,185.4394989013672,185.63999938964844,185.42999267578125,185.63999938964844,278188
2026-02-26 19:49:00+00:00,185.30499267578125,185.5500030517578,185.25999450683594,185.42990112304688,100939744
2026-02-26 19:50:00+00:00,185.22500610351562,185.3000030517578,185.07000732421875,185.3000030517578,0
2026-02-26 19:51:00+00:00,185.43499755859375,185.43499755859375,185.22500610351562,185.22500610351562,292657
2026-02-26 19:52:00+00:00,185.42999267578125,185.47000122070312,185.3350067138672,185.43499755859375,101273718
2026-02-26 19:53:00+00:00,185.46499633789062,185.52999877929688,185.4199981689453,185.4250030517578,0
2026-02-26 19:54:00+00:00,185.46710205078125,185.5,185.3948974609375,185.46009826660156,240512
2026-02-26 19:55:00+00:00,185.63369750976562,185.77000427246094,185.4199981689453,185.47000122070312,468027
2026-02-26 19:56:00+00:00,185.7449951171875,185.82000732421875,185.61000061035156,185.63009643554688,311419
2026-02-26 19:57:00+00:00,185.65499877929688,185.77999877929688,185.63999938964844,185.7449951171875,266361
2026-02-26 19:58:00+00:00,185.52000427246094,185.6699981689453,185.52000427246094,185.6501007080078,332985
2026-02-26 19:59:00+00:00,185.39999389648438,185.6071014404297,185.39999389648438,185.53500366210938,321291
2026-02-26 20:00:00+00:00,185.2550048828125,185.39999389648438,185.1699981689453,185.38999938964844,392620
2026-02-26 20:01:00+00:00,185.30499267578125,185.32000732421875,185.1699981689453,185.25990295410156,335898
2026-02-26 20:02:00+00:00,185.26499938964844,185.39999389648438,185.24000549316406,185.30999755859375,283559
2026-02-26 20:03:00+00:00,185.2550048828125,185.4600067138672,185.25,185.2698974609375,437091
2026-02-26 20:04:00+00:00,185.24000549316406,185.32000732421875,185.08999633789062,185.25,386702
2026-02-26 20:05:00+00:00,185.25999450683594,185.3300018310547,185.16000366210938,185.22999572753906,208122
2026-02-26 20:06:00+00:00,185.22500610351562,185.40499877929688,185.17999267578125,185.25999450683594,256284
2026-02-26 20:07:00+00:00,185.11000061035156,185.29989624023438,185.0500030517578,185.2299041748047,306242
2026-02-26 20:08:00+00:00,184.97999572753906,185.14999389648438,184.97000122070312,185.11000061035156,408031
2026-02-26 20:09:00+00:00,184.89999389648438,185.10000610351562,184.89999389648438,184.98500061035156,393733
2026-02-26 20:10:00+00:00,184.9550018310547,184.97999572753906,184.83999633789062,184.9250030517578,353409
2026-02-26 20:11:00+00:00,184.93739318847656,185.02999877929688,184.9199981689453,184.9550018310547,298050
2026-02-26 20:12:00+00:00,184.86000061035156,185.00999450683594,184.85000610351562,184.93499755859375,268506
2026-02-26 20:13:00+00:00,184.84500122070312,184.86000061035156,184.72999572753906,184.86000061035156,519334
2026-02-26 20:14:00+00:00,184.38150024414062,184.84500122070312,184.33999633789062,184.84500122070312,753946
2026-02-26 20:15:00+00:00,184.38999938964844,184.5,184.31500244140625,184.375,508704
2026-02-26 20:16:00+00:00,184.56210327148438,184.57000732421875,184.36000061035156,184.39999389648438,336563
2026-02-26 20:17:00+00:00,184.68499755859375,184.6999969482422,184.55999755859375,184.56849670410156,105744839
2026-02-26 20:18:00+00:00,184.80499267578125,184.8300018310547,184.6699981689453,184.67999267578125,0
2026-02-26 20:19:00+00:00,184.83999633789062,184.88999938964844,184.77000427246094,184.8101043701172,328821
2026-02-26 20:20:00+00:00,184.74000549316406,184.9199981689453,184.72500610351562,184.8385009765625,372949
2026-02-26 20:21:00+00:00,184.8000030517578,184.84500122070312,184.66000366210938,184.7449951171875,305641
2026-02-26 20:22:00+00:00,184.875,184.9199981689453,184.77000427246094,184.8000030517578,292654
2026-02-26 20:23:00+00:00,184.75369262695312,184.88999938964844,184.75,184.875,304896
2026-02-26 20:24:00+00:00,184.96009826660156,184.97000122070312,184.72000122070312,184.75999450683594,302981
2026-02-26 20:25:00+00:00,185.11500549316406,185.16000366210938,184.9636993408203,184.96499633789062,539241
2026-02-26 20:26:00+00:00,185.0500030517578,185.1999969482422,185.00999450683594,185.11000061035156,369357
2026-02-26 20:27:00+00:00,185.0399932861328,185.10000610351562,184.97000122070312,185.0301055908203,341319
2026-02-26 20:28:00+00:00,184.74630737304688,185.10000610351562,184.72999572753906,185.04989624023438,401231
2026-02-26 20:29:00+00:00,184.6898956298828,184.77000427246094,184.57000732421875,184.75,449857
2026-02-26 20:30:00+00:00,184.6999969482422,184.77999877929688,184.6300048828125,184.67999267578125,342101
2026-02-26 20:31:00+00:00,184.97000122070312,185.0399932861328,184.66000366210938,184.70010375976562,373614
2026-02-26 20:32:00+00:00,185.05499267578125,185.1300048828125,184.94000244140625,184.97500610351562,418425
2026-02-26 20:33:00+00:00,185.1262969970703,185.16000366210938,185.04119873046875,185.05990600585938,258894
2026-02-26 20:34:00+00:00,185.19000244140625,185.27499389648438,185.0800018310547,185.125,405258
2026-02-26 20:35:00+00:00,185.22500610351562,185.2449951171875,185.11500549316406,185.2100067138672,110642589
2026-02-26 20:36:00+00:00,185.12730407714844,185.2274932861328,185.08999633789062,185.22500610351562,0
2026-02-26 20:37:00+00:00,185.16659545898438,185.25,185.05499267578125,185.125,393966
2026-02-26 20:38:00+00:00,185.3300018310547,185.375,185.14999389648438,185.1649932861328,398932
2026-02-26 20:39:00+00:00,185.5,185.5500030517578,185.3300018310547,185.3350067138672,477785
2026-02-26 20:40:00+00:00,185.34500122070312,185.5,185.32000732421875,185.4949951171875,400660
2026-02-26 20:41:00+00:00,184.8350067138672,185.35989379882812,184.8300018310547,185.3300018310547,703088
2026-02-26 20:42:00+00:00,184.61000061035156,184.8699951171875,184.5399932861328,184.83990478515625,678244
2026-02-26 20:43:00+00:00,184.5800018310547,184.70970153808594,184.5399932861328,184.61500549316406,432213
2026-02-26 20:44:00+00:00,184.8699951171875,184.9499969482422,184.58990478515625,184.58999633789062,113448842
2026-02-26 20:45:00+00:00,184.82000732421875,184.97999572753906,184.6699981689453,184.8699951171875,0
2026-02-26 20:46:00+00:00,184.88499450683594,184.88499450683594,184.72000122070312,184.82000732421875,334234
2026-02-26 20:47:00+00:00,184.5,184.94000244140625,184.5,184.8800048828125,114284321
2026-02-26 20:48:00+00:00,184.56500244140625,184.5800018310547,184.33999633789062,184.50010681152344,0
2026-02-26 20:49:00+00:00,184.65699768066406,184.72999572753906,184.5399932861328,184.5634002685547,470862
2026-02-26 20:50:00+00:00,185.0749969482422,185.19000244140625,184.64999389648438,184.6649932861328,971217
2026-02-26 20:51:00+00:00,184.85009765625,185.07000732421875,184.85000610351562,185.07000732421875,613862
2026-02-26 20:52:00+00:00,184.8699951171875,184.9700927734375,184.72999572753906,184.85000610351562,646755
2026-02-26 20:53:00+00:00,184.86000061035156,185.0,184.84500122070312,184.88999938964844,551999
2026-02-26 20:54:00+00:00,184.91000366210938,185.02000427246094,184.82000732421875,184.85000610351562,705965
2026-02-26 20:55:00+00:00,184.94000244140625,185.0500030517578,184.77999877929688,184.89999389648438,815036
2026-02-26 20:56:00+00:00,184.81500244140625,185.0050048828125,184.7899932861328,184.94500732421875,676820
2026-02-26 20:57:00+00:00,184.66000366210938,184.91000366210938,184.61000061035156,184.82000732421875,835167
2026-02-26 20:58:00+00:00,184.72000122070312,184.74000549316406,184.56500244140625,184.6649932861328,1009378
2026-02-26 20:59:00+00:00,184.89999389648438,184.9499969482422,184.67999267578125,184.71499633789062,1898908
2026-02-27 14:30:00+00:00,180.77999877929688,181.7899932861328,180.36000061035156,181.22000122070312,8418537
2026-02-27 14:31:00+00:00,180.15499877929688,180.8699951171875,180.00999450683594,180.7899932861328,1735106
2026-02-27 14:32:00+00:00,181.14999389648438,181.16990661621094,180.0800018310547,180.19000244140625,1330413
2026-02-27 14:33:00+00:00,180.8000030517578,181.55999755859375,180.60000610351562,181.16000366210938,1292865
2026-02-27 14:34:00+00:00,180.45790100097656,180.8800048828125,180.10000610351562,180.8000030517578,965632
2026-02-27 14:35:00+00:00,179.97999572753906,180.7100067138672,179.8000030517578,180.4499969482422,1793633
2026-02-27 14:36:00+00:00,179.91990661621094,180.33999633789062,179.72999572753906,179.97000122070312,1073912
2026-02-27 14:37:00+00:00,179.97000122070312,180.27000427246094,179.8800048828125,179.9149932861328,1006056
2026-02-27 14:38:00+00:00,180.91000366210938,181.02999877929688,179.9429931640625,179.97999572753906,12800005
2026-02-27 14:39:00+00:00,181.60499572753906,181.69000244140625,180.6800994873047,180.9149932861328,0
2026-02-27 14:40:00+00:00,181.10000610351562,181.65989685058594,180.9199981689453,181.60499572753906,789428
2026-02-27 14:41:00+00:00,180.59500122070312,181.0709991455078,180.5,181.0709991455078,768637
2026-02-27 14:42:00+00:00,180.11000061035156,180.5847930908203,180.05999755859375,180.5847930908203,834894
2026-02-27 14:43:00+00:00,180.0500030517578,180.1300048828125,179.85000610351562,180.11480712890625,885568
2026-02-27 14:44:00+00:00,180.60499572753906,180.85000610351562,180.03500366210938,180.05999755859375,750359
2026-02-27 14:45:00+00:00,180.61090087890625,180.61090087890625,180.61090087890625,180.61090087890625,602584
2026-02-27 14:46:00+00:00,180.6529998779297,180.89999389648438,180.5500030517578,180.60000610351562,569054
2026-02-27 14:47:00+00:00,180.52000427246094,180.6999969482422,180.3000030517578,180.66000366210938,510293
2026-02-27 14:48:00+00:00,181.13980102539062,181.16000366210938,180.5,180.50999450683594,708906
2026-02-27 14:49:00+00:00,180.82899475097656,181.16000366210938,180.7050018310547,181.13999938964844,601570
2026-02-27 14:50:00+00:00,180.61000061035156,180.9250030517578,180.5,180.8300018310547,555591
2026-02-27 14:51:00+00:00,180.83999633789062,180.9600067138672,180.5,180.61000061035156,512764
2026-02-27 14:52:00+00:00,180.35000610351562,180.83999633789062,180.27999877929688,180.83999633789062,616869
2026-02-27 14:53:00+00:00,180.44700622558594,180.4600067138672,180.1999969482422,180.3350067138672,454088
2026-02-27 14:54:00+00:00,179.97970581054688,180.63999938964844,179.9499969482422,180.44500732421875,786630
2026-02-27 14:55:00+00:00,179.73370361328125,180.01499938964844,179.66000366210938,179.97000122070312,957887
2026-02-27 14:56:00+00:00,179.9149932861328,179.9199981689453,179.625,179.74000549316406,635553
2026-02-27 14:57:00+00:00,179.9149932861328,180.28500366210938,179.8800048828125,179.91000366210938,864197
2026-02-27 14:58:00+00:00,179.68499755859375,179.99110412597656,179.57000732421875,179.91009521484375,813857
2026-02-27 14:59:00+00:00,179.7949981689453,179.88499450683594,179.5749969482422,179.69000244140625,615541
2026-02-27 15:00:00+00:00,180.13999938964844,180.14999389648438,179.72999572753906,179.78500366210938,19857065
2026-02-27 15:01:00+00:00,180.66000366210938,180.8300018310547,180.1501007080078,180.15550231933594,0
2026-02-27 15:02:00+00:00,180.9550018310547,181.125,180.64999389648438,180.66000366210938,714327
2026-02-27 15:03:00+00:00,181.14500427246094,181.17999267578125,180.85000610351562,180.9550018310547,20782851
2026-02-27 15:04:00+00:00,181.55999755859375,181.55999755859375,180.97500610351562,181.14999389648438,0
2026-02-27 15:05:00+00:00,181.8249969482422,181.8699951171875,181.47999572753906,181.5626983642578,1105461
2026-02-27 15:06:00+00:00,181.61000061035156,182.10000610351562,181.60000610351562,181.8227996826172,21926985
2026-02-27 15:07:00+00:00,182.3249969482422,182.36000061035156,181.60000610351562,181.60989379882812,0
2026-02-27 15:08:00+00:00,182.35499572753906,182.39999389648438,182.1300048828125,182.3249969482422,22420709
2026-02-27 15:09:00+00:00,182.13999938964844,182.4300994873047,182.10000610351562,182.34500122070312,0
2026-02-27 15:10:00+00:00,182.24000549316406,182.32000732421875,182.05999755859375,182.13999938964844,464344
2026-02-27 15:11:00+00:00,182.48500061035156,182.52000427246094,182.02999877929688,182.22999572753906,672422
2026-02-27 15:12:00+00:00,182.38499450683594,182.5800018310547,182.3000030517578,182.4801025390625,605290
2026-02-27 15:13:00+00:00,182.08999633789062,182.42999267578125,182.0500946044922,182.39010620117188,621345
2026-02-27 15:14:00+00:00,182.0399932861328,182.2198944091797,181.97000122070312,182.08990478515625,437103
2026-02-27 15:15:00+00:00,181.9550018310547,182.28500366210938,181.84500122070312,182.02999877929688,515529
2026-02-27 15:16:00+00:00,181.43020629882812,182.0,181.27000427246094,181.9600067138672,24744546
2026-02-27 15:17:00+00:00,181.15020751953125,181.47999572753906,181.0850067138672,181.43499755859375,0
2026-02-27 15:18:00+00:00,180.9770050048828,181.2550048828125,180.86000061035156,181.14999389648438,654789
2026-02-27 15:19:00+00:00,181.26499938964844,181.37399291992188,180.85499572753906,180.94500732421875,25485367
2026-02-27 15:20:00+00:00,181.3300018310547,181.5399932861328,181.1300048828125,181.27499389648438,625432
2026-02-27 15:21:00+00:00,181.22999572753906,181.33999633789062,181.05999755859375,181.32179260253906,0
2026-02-27 15:22:00+00:00,181.23500061035156,181.42999267578125,181.1199951171875,181.2301025390625,373517
2026-02-27 15:23:00+00:00,181.4600067138672,181.52000427246094,181.23599243164062,181.24000549316406,25792465
2026-02-27 15:24:00+00:00,181.52999877929688,181.66000366210938,181.4250030517578,181.4550018310547,0
2026-02-27 15:25:00+00:00,181.2449951171875,181.52999877929688,181.15199279785156,181.52999877929688,26397336
2026-02-27 15:26:00+00:00,181.36500549316406,181.38999938964844,181.16000366210938,181.2449951171875,0
2026-02-27 15:27:00+00:00,181.82000732421875,181.8592987060547,181.35000610351562,181.3699951171875,555872
2026-02-27 15:28:00+00:00,182.10499572753906,182.16000366210938,181.77000427246094,181.8249969482422,515519
2026-02-27 15:29:00+00:00,181.8350067138672,182.1649932861328,181.72999572753906,182.10629272460938,395722
2026-02-27 15:30:00+00:00,181.85499572753906,181.97999572753906,181.72999572753906,181.83999633789062,372715
2026-02-27 15:31:00+00:00,181.62899780273438,181.95989990234375,181.47999572753906,181.8800048828125,349085
2026-02-27 15:32:00+00:00,181.39999389648438,181.75,181.3699951171875,181.6300048828125,359700
2026-02-27 15:33:00+00:00,181.71299743652344,181.8000030517578,181.375,181.39999389648438,304254
2026-02-27 15:34:00+00:00,181.53500366210938,181.75,181.44000244140625,181.72000122070312,307979
2026-02-27 15:35:00+00:00,181.6999969482422,181.72509765625,181.48500061035156,181.53500366210938,349649
2026-02-27 15:36:00+00:00,181.72999572753906,181.74899291992188,181.50999450683594,181.69000244140625,251131
2026-02-27 15:37:00+00:00,181.55999755859375,181.97999572753906,181.5500030517578,181.7449951171875,345038
2026-02-27 15:38:00+00:00,181.82009887695312,181.92999267578125,181.5500030517578,181.55999755859375,279767
2026-02-27 15:39:00+00:00,181.7449951171875,181.9250030517578,181.7050018310547,181.80999755859375,310336
2026-02-27 15:40:00+00:00,181.8699951171875,181.9199981689453,181.6999969482422,181.7449951171875,29017028
2026-02-27 15:41:00+00:00,181.875,181.8800048828125,181.58999633789062,181.8699951171875,0
2026-02-27 15:42:00+00:00,181.89999389648438,181.9600067138672,181.75,181.875,280135
2026-02-27 15:43:00+00:00,181.9799041748047,182.0500030517578,181.77000427246094,181.91000366210938,322569
2026-02-27 15:44:00+00:00,181.9149932861328,182.0500030517578,181.81500244140625,181.97369384765625,363100
2026-02-27 15:45:00+00:00,181.6750030517578,181.92999267578125,181.6750030517578,181.90499877929688,378711
2026-02-27 15:46:00+00:00,181.84500122070312,181.97000122070312,181.58999633789062,181.66000366210938,396994
2026-02-27 15:47:00+00:00,182.08999633789062,182.25,181.8000030517578,181.8300018310547,460794
2026-02-27 15:48:00+00:00,181.80999755859375,182.11500549316406,181.69000244140625,182.0863037109375,370086
2026-02-27 15:49:00+00:00,181.4300994873047,181.86000061035156,181.41000366210938,181.8000030517578,420301
2026-02-27 15:50:00+00:00,181.2899932861328,181.52000427246094,181.19000244140625,181.44000244140625,432055
2026-02-27 15:51:00+00:00,181.17999267578125,181.34629821777344,181.1199951171875,181.2899932861328,285857
2026-02-27 15:52:00+00:00,181.25010681152344,181.36500549316406,181.07009887695312,181.17999267578125,289530
2026-02-27 15:53:00+00:00,181.20010375976562,181.28500366210938,181.08999633789062,181.2550048828125,236411
2026-02-27 15:54:00+00:00,181.26499938964844,181.2899932861328,181.07000732421875,181.2050018310547,253539
2026-02-27 15:55:00+00:00,181.27999877929688,181.32000732421875,181.10000610351562,181.27000427246094,262243
2026-02-27 15:56:00+00:00,181.4499053955078,181.5,181.19000244140625,181.27999877929688,31908107
2026-02-27 15:57:00+00:00,181.52999877929688,181.55999755859375,181.32000732421875,181.44500732421875,0
2026-02-27 15:58:00+00:00,181.4199981689453,181.60499572753906,181.39999389648438,181.52999877929688,259425
2026-02-27 15:59:00+00:00,181.51499938964844,181.57000732421875,181.30999755859375,181.41000366210938,277122
2026-02-27 16:00:00+00:00,181.51370239257812,181.61000061035156,181.41009521484375,181.52000427246094,218949
2026-02-27 16:01:00+00:00,181.5989990234375,181.72000122070312,181.5,181.52000427246094,253319
2026-02-27 16:02:00+00:00,181.7200927734375,181.8000030517578,181.5738067626953,181.58999633789062,230140
2026-02-27 16:03:00+00:00,181.79010009765625,181.86000061035156,181.6300048828125,181.7299041748047,260140
2026-02-27 16:04:00+00:00,181.68499755859375,181.94000244140625,181.63499450683594,181.7899932861328,268920
2026-02-27 16:05:00+00:00,181.75999450683594,181.82000732421875,181.6199951171875,181.68499755859375,213822
2026-02-27 16:06:00+00:00,181.80999755859375,181.82839965820312,181.5449981689453,181.7449951171875,337427
2026-02-27 16:07:00+00:00,181.8730010986328,181.88999938964844,181.75999450683594,181.80999755859375,201077
2026-02-27 16:08:00+00:00,181.65499877929688,181.93980407714844,181.65499877929688,181.88009643554688,207301
2026-02-27 16:09:00+00:00,181.4398956298828,181.66000366210938,181.39999389648438,181.6562957763672,340573
2026-02-27 16:10:00+00:00,181.40499877929688,181.58999633789062,181.375,181.44000244140625,281251
2026-02-27 16:11:00+00:00,181.46499633789062,181.6199951171875,181.3699951171875,181.40499877929688,254391
2026-02-27 16:12:00+00:00,181.4149932861328,181.5166015625,181.30999755859375,181.46499633789062,200710
2026-02-27 16:13:00+00:00,181.53500366210938,181.72999572753906,181.40499877929688,181.40499877929688,233034
2026-02-27 16:14:00+00:00,181.56500244140625,181.60000610351562,181.4499969482422,181.53500366210938,199393
2026-02-27 16:15:00+00:00,181.6750030517578,181.77000427246094,181.52000427246094,181.55999755859375,34250681
2026-02-27 16:16:00+00:00,181.36000061035156,181.67349243164062,181.34010314941406,181.67349243164062,390270
2026-02-27 16:17:00+00:00,181.81500244140625,181.85000610351562,181.3350067138672,181.36500549316406,502489
2026-02-27 16:18:00+00:00,181.7550048828125,181.8300018310547,181.64999389648438,181.81500244140625,0
2026-02-27 16:19:00+00:00,181.71499633789062,181.75999450683594,181.55630493164062,181.7449951171875,210679
2026-02-27 16:20:00+00:00,181.54299926757812,181.7100067138672,181.4600067138672,181.7050018310547,275712
2026-02-27 16:21:00+00:00,181.4149932861328,181.64840698242188,181.3699951171875,181.5449981689453,34913660
2026-02-27 16:22:00+00:00,181.38999938964844,181.47000122070312,181.27029418945312,181.4149932861328,0
2026-02-27 16:23:00+00:00,181.28509521484375,181.39999389648438,181.2050018310547,181.38499450683594,35184681
2026-02-27 16:24:00+00:00,181.28750610351562,181.35000610351562,181.22999572753906,181.2899932861328,0
2026-02-27 16:25:00+00:00,181.42999267578125,181.4600067138672,181.17999267578125,181.2949981689453,287492
2026-02-27 16:26:00+00:00,181.44500732421875,181.53419494628906,181.34500122070312,181.4250030517578,250879
2026-02-27 16:27:00+00:00,181.3800048828125,181.6051025390625,181.33999633789062,181.44500732421875,287185
2026-02-27 16:28:00+00:00,181.38499450683594,181.4199981689453,181.27000427246094,181.3800048828125,165249
2026-02-27 16:29:00+00:00,181.02000427246094,181.47999572753906,181.0,181.38499450683594,474430
2026-02-27 16:30:00+00:00,181.1905059814453,181.22999572753906,180.97500610351562,181.02999877929688,395285
2026-02-27 16:31:00+00:00,181.25010681152344,181.2550048828125,181.08999633789062,181.19000244140625,238916
2026-02-27 16:32:00+00:00,181.38499450683594,181.4600067138672,181.22999572753906,181.24000549316406,304562
2026-02-27 16:33:00+00:00,181.22999572753906,181.38999938964844,181.125,181.38999938964844,36546497
2026-02-27 16:34:00+00:00,181.31500244140625,181.38259887695312,181.1699981689453,181.24000549316406,0
2026-02-27 16:35:00+00:00,181.1300048828125,181.38999938964844,181.09010314941406,181.32000732421875,270415
2026-02-27 16:36:00+00:00,180.91000366210938,181.1999969482422,180.89999389648438,181.13499450683594,36999876
2026-02-27 16:37:00+00:00,180.9149932861328,180.9600067138672,180.82000732421875,180.9199981689453,0
2026-02-27 16:38:00+00:00,180.86700439453125,180.99000549316406,180.86000061035156,180.9250030517578,232571
2026-02-27 16:39:00+00:00,180.72900390625,180.8800048828125,180.67999267578125,180.86279296875,309662
2026-02-27 16:40:00+00:00,180.51499938964844,180.75999450683594,180.46499633789062,180.72000122070312,37692173
2026-02-27 16:41:00+00:00,180.5,180.61000061035156,180.44000244140625,180.51499938964844,0
2026-02-27 16:42:00+00:00,180.375,180.52000427246094,180.30999755859375,180.50999450683594,367993
2026-02-27 16:43:00+00:00,180.2949981689453,180.38999938964844,180.27000427246094,180.3699951171875,277872
2026-02-27 16:44:00+00:00,180.2299041748047,180.35980224609375,180.2100067138672,180.2949981689453,295040
2026-02-27 16:45:00+00:00,180.2899932861328,180.36000061035156,180.1699981689453,180.22500610351562,263605
2026-02-27 16:46:00+00:00,180.4600067138672,180.50999450683594,180.27999877929688,180.3000030517578,276710
2026-02-27 16:47:00+00:00,180.35499572753906,180.5,180.3000030517578,180.4550018310547,245340
2026-02-27 16:48:00+00:00,180.22659301757812,180.44500732421875,180.2200927734375,180.36000061035156,204325
2026-02-27 16:49:00+00:00,180.17849731445312,180.27000427246094,180.1300048828125,180.2220001220703,253923
2026-02-27 16:50:00+00:00,180.39999389648438,180.39999389648438,180.1699981689453,180.1719970703125,38943521
2026-02-27 16:51:00+00:00,180.62010192871094,180.64999389648438,180.2949981689453,180.39500427246094,0
2026-02-27 16:52:00+00:00,180.55999755859375,180.62989807128906,180.4550018310547,180.6199951171875,275024
2026-02-27 16:53:00+00:00,180.63450622558594,180.6699981689453,180.47999572753906,180.55999755859375,289625
2026-02-27 16:54:00+00:00,180.8249969482422,180.8699951171875,180.63499450683594,180.63499450683594,282227
2026-02-27 16:55:00+00:00,180.77020263671875,181.0,180.76370239257812,180.82000732421875,277106
2026-02-27 16:56:00+00:00,180.56500244140625,180.83999633789062,180.52499389648438,180.77499389648438,295776
2026-02-27 16:57:00+00:00,180.63119506835938,180.6999969482422,180.5399932861328,180.55499267578125,39963512
2026-02-27 16:58:00+00:00,180.46499633789062,180.69000244140625,180.42999267578125,180.63499450683594,398595
2026-02-27 16:59:00+00:00,180.35499572753906,180.49000549316406,180.27999877929688,180.4600067138672,0
2026-02-27 17:00:00+00:00,180.4398956298828,180.5570068359375,180.3300018310547,180.35000610351562,225989
2026-02-27 17:01:00+00:00,180.44500732421875,180.47000122070312,180.33999633789062,180.44000244140625,199313
2026-02-27 17:02:00+00:00,180.3000030517578,180.47999572753906,180.3000030517578,180.45989990234375,206860
2026-02-27 17:03:00+00:00,180.5800018310547,180.65550231933594,180.2949981689453,180.29989624023438,225579
2026-02-27 17:04:00+00:00,180.40499877929688,180.69500732421875,180.3699951171875,180.58999633789062,223047
2026-02-27 17:05:00+00:00,180.3300018310547,180.43499755859375,180.3000030517578,180.40989685058594,182672
2026-02-27 17:06:00+00:00,180.4550018310547,180.5,180.32000732421875,180.34100341796875,187239
2026-02-27 17:07:00+00:00,180.5449981689453,180.63999938964844,180.44500732421875,180.4550018310547,202566
2026-02-27 17:08:00+00:00,180.5,180.6300048828125,180.4199981689453,180.54989624023438,210856
2026-02-27 17:09:00+00:00,180.55999755859375,180.5998992919922,180.47500610351562,180.50999450683594,164358
2026-02-27 17:10:00+00:00,180.2550048828125,180.60499572753906,180.2550048828125,180.56500244140625,252230
2026-02-27 17:11:00+00:00,180.10000610351562,180.2899932861328,180.0500030517578,180.25250244140625,403241
2026-02-27 17:12:00+00:00,179.93699645996094,180.11000061035156,179.92999267578125,180.09500122070312,43024003
2026-02-27 17:13:00+00:00,179.9149932861328,180.02000427246094,179.86000061035156,179.93499755859375,0
2026-02-27 17:14:00+00:00,179.9499969482422,180.0,179.88999938964844,179.91000366210938,233112
2026-02-27 17:15:00+00:00,179.94500732421875,179.97000122070312,179.8800048828125,179.9600067138672,202074
2026-02-27 17:16:00+00:00,179.85940551757812,179.94500732421875,179.7899932861328,179.94000244140625,43422287
2026-02-27 17:17:00+00:00,179.78939819335938,179.86500549316406,179.7200927734375,179.85499572753906,0
2026-02-27 17:18:00+00:00,179.7050018310547,179.80999755859375,179.69000244140625,179.78500366210938,316993
2026-02-27 17:19:00+00:00,179.72500610351562,179.77999877929688,179.67999267578125,179.6999969482422,268180
2026-02-27 17:20:00+00:00,179.7050018310547,179.77000427246094,179.6699981689453,179.72000122070312,203286
2026-02-27 17:21:00+00:00,179.51499938964844,179.706298828125,179.50999450683594,179.706298828125,408275
2026-02-27 17:22:00+00:00,179.11500549316406,179.5166015625,179.0500030517578,179.51010131835938,45276914
2026-02-27 17:23:00+00:00,179.52499389648438,179.58999633789062,179.08999633789062,179.11990356445312,0
2026-02-27 17:24:00+00:00,179.4949951171875,179.6300048828125,179.4499969482422,179.52499389648438,367933
2026-02-27 17:25:00+00:00,179.46499633789062,179.50999450683594,179.26499938964844,179.49000549316406,319242
2026-02-27 17:26:00+00:00,179.69500732421875,179.72000122070312,179.4199981689453,179.46499633789062,366186
2026-02-27 17:27:00+00:00,179.68499755859375,179.77999877929688,179.5500030517578,179.69509887695312,308302
2026-02-27 17:28:00+00:00,179.875,179.87989807128906,179.63499450683594,179.69000244140625,378518
2026-02-27 17:29:00+00:00,179.9149932861328,179.9250030517578,179.7949981689453,179.87010192871094,275485
2026-02-27 17:30:00+00:00,179.9470977783203,180.2899932861328,179.8699951171875,179.9250030517578,367730
2026-02-27 17:31:00+00:00,179.97999572753906,180.0399932861328,179.77499389648438,179.94500732421875,294229
2026-02-27 17:32:00+00:00,180.01499938964844,180.2563018798828,179.91000366210938,179.97000122070312,394286
2026-02-27 17:33:00+00:00,180.125,180.16000366210938,179.9199981689453,180.0198974609375,210682
2026-02-27 17:34:00+00:00,180.0780029296875,180.17999267578125,180.07000732421875,180.125,228232
2026-02-27 17:35:00+00:00,180.12989807128906,180.22000122070312,180.05999755859375,180.07000732421875,247627
2026-02-27 17:36:00+00:00,180.04989624023438,180.25,180.0200958251953,180.125,227528
2026-02-27 17:37:00+00:00,179.94749450683594,180.11000061035156,179.85000610351562,180.0500030517578,300570
2026-02-27 17:38:00+00:00,179.96009826660156,179.99000549316406,179.86000061035156,179.9499053955078,164313
2026-02-27 17:39:00+00:00,179.97500610351562,180.14999389648438,179.94500732421875,179.97000122070312,237062
2026-02-27 17:40:00+00:00,179.80999755859375,180.09750366210938,179.77999877929688,179.97500610351562,262534
2026-02-27 17:41:00+00:00,179.75999450683594,179.83999633789062,179.7100067138672,179.81500244140625,165973
2026-02-27 17:42:00+00:00,179.6300048828125,179.8300018310547,179.61500549316406,179.76499938964844,190411
2026-02-27 17:43:00+00:00,179.6898956298828,179.83999633789062,179.60000610351562,179.625,213903
2026-02-27 17:44:00+00:00,179.72500610351562,179.7899932861328,179.6300048828125,179.67999267578125,206977
2026-02-27 17:45:00+00:00,179.6199951171875,179.74000549316406,179.60000610351562,179.72500610351562,215481
2026-02-27 17:46:00+00:00,179.4250030517578,179.63999938964844,179.39999389648438,179.625,331902
2026-02-27 17:47:00+00:00,179.6051025390625,179.66000366210938,179.42999267578125,179.44000244140625,260120
2026-02-27 17:48:00+00:00,179.625,179.7397003173828,179.58999633789062,179.60499572753906,259490
2026-02-27 17:49:00+00:00,179.6999969482422,179.77000427246094,179.52999877929688,179.6215057373047,211699
2026-02-27 17:50:00+00:00,179.60499572753906,179.78500366210938,179.5399932861328,179.7100067138672,198847
2026-02-27 17:51:00+00:00,179.61500549316406,179.69000244140625,179.55999755859375,179.6033935546875,150477
2026-02-27 17:52:00+00:00,179.6051025390625,179.6649932861328,179.49000549316406,179.61500549316406,217637
2026-02-27 17:53:00+00:00,179.76499938964844,179.8249969482422,179.60499572753906,179.61000061035156,233417
2026-02-27 17:54:00+00:00,179.66000366210938,179.8300018310547,179.6199951171875,179.78500366210938,178140
2026-02-27 17:55:00+00:00,179.71499633789062,179.85000610351562,179.66009521484375,179.6699981689453,169066
2026-02-27 17:56:00+00:00,179.82000732421875,179.83999633789062,179.67999267578125,179.71499633789062,155793
2026-02-27 17:57:00+00:00,179.82000732421875,179.85499572753906,179.77499389648438,179.8350067138672,134815
2026-02-27 17:58:00+00:00,179.80999755859375,179.86500549316406,179.72999572753906,179.81500244140625,134501
2026-02-27 17:59:00+00:00,179.75509643554688,179.80999755859375,179.69500732421875,179.8000030517578,153328
2026-02-27 18:00:00+00:00,179.53500366210938,179.76499938964844,179.5,179.75,258942
2026-02-27 18:01:00+00:00,179.37399291992188,179.53500366210938,179.32000732421875,179.53500366210938,246971
2026-02-27 18:02:00+00:00,179.65499877929688,179.6649932861328,179.25010681152344,179.375,336730
2026-02-27 18:03:00+00:00,179.7550048828125,179.7949981689453,179.62010192871094,179.65499877929688,204583
2026-02-27 18:04:00+00:00,179.6663055419922,179.82000732421875,179.64500427246094,179.7550048828125,195176
2026-02-27 18:05:00+00:00,179.48500061035156,179.6999969482422,179.42999267578125,179.66000366210938,51788628
2026-02-27 18:06:00+00:00,179.5850067138672,179.64999389648438,179.46839904785156,179.5,0
2026-02-27 18:07:00+00:00,179.72500610351562,179.72500610351562,179.4945068359375,179.58009338378906,148120
2026-02-27 18:08:00+00:00,179.6199951171875,179.77000427246094,179.6136932373047,179.72000122070312,168366
2026-02-27 18:09:00+00:00,179.5050048828125,179.72000122070312,179.5050048828125,179.61500549316406,132445
2026-02-27 18:10:00+00:00,179.543701171875,179.59500122070312,179.43499755859375,179.5,52199355
2026-02-27 18:11:00+00:00,179.55990600585938,179.64500427246094,179.51499938964844,179.5399932861328,0
2026-02-27 18:12:00+00:00,179.3300018310547,179.57000732421875,179.3300018310547,179.55499267578125,197182
2026-02-27 18:13:00+00:00,179.2301025390625,179.36000061035156,179.1999969482422,179.3350067138672,318954
2026-02-27 18:14:00+00:00,179.2949981689453,179.31500244140625,179.1999969482422,179.24000549316406,237410
2026-02-27 18:15:00+00:00,179.13369750976562,179.30999755859375,179.125,179.28500366210938,273150
2026-02-27 18:16:00+00:00,179.13999938964844,179.24000549316406,179.10000610351562,179.1300048828125,285855
2026-02-27 18:17:00+00:00,179.07000732421875,179.19000244140625,179.07000732421875,179.13999938964844,211122
2026-02-27 18:18:00+00:00,179.02499389648438,179.11000061035156,179.00999450683594,179.08009338378906,314204
2026-02-27 18:19:00+00:00,178.860107421875,179.08999633789062,178.8000030517578,179.00999450683594,943465
2026-02-27 18:20:00+00:00,178.8800048828125,178.92999267578125,178.74009704589844,178.86000061035156,390336
2026-02-27 18:21:00+00:00,178.6649932861328,178.89999389648438,178.64999389648438,178.8704071044922,372697
2026-02-27 18:22:00+00:00,178.89649963378906,178.93499755859375,178.6699981689453,178.6750030517578,369778
2026-02-27 18:23:00+00:00,178.85499572753906,178.91000366210938,178.7899932861328,178.8800048828125,205051
2026-02-27 18:24:00+00:00,178.94000244140625,179.04989624023438,178.81500244140625,178.85980224609375,289403
2026-02-27 18:25:00+00:00,178.89999389648438,178.99000549316406,178.8699951171875,178.9499053955078,206486
2026-02-27 18:26:00+00:00,178.9250030517578,178.9799041748047,178.85000610351562,178.89500427246094,153906
2026-02-27 18:27:00+00:00,178.80999755859375,178.9250030517578,178.77499389648438,178.9250030517578,168817
2026-02-27 18:28:00+00:00,178.94000244140625,178.9423065185547,178.7834930419922,178.8000030517578,224525
2026-02-27 18:29:00+00:00,178.97000122070312,179.08999633789062,178.89990234375,178.92999267578125,334493
2026-02-27 18:30:00+00:00,178.90960693359375,179.0500030517578,178.87899780273438,178.97889709472656,55646662
2026-02-27 18:31:00+00:00,178.97000122070312,179.02999877929688,178.8350067138672,178.90499877929688,0
2026-02-27 18:32:00+00:00,178.875,178.97000122070312,178.8300018310547,178.9550018310547,179311
2026-02-27 18:33:00+00:00,178.8300018310547,178.89999389648438,178.7899932861328,178.875,174919
2026-02-27 18:34:00+00:00,178.8551025390625,178.93499755859375,178.8249969482422,178.8300018310547,176601
2026-02-27 18:35:00+00:00,178.9149932861328,179.07000732421875,178.85020446777344,178.85499572753906,233583
2026-02-27 18:36:00+00:00,179.0301055908203,179.05999755859375,178.9001007080078,178.9149932861328,165769
2026-02-27 18:37:00+00:00,178.90499877929688,179.0500030517578,178.83999633789062,179.02999877929688,298262
2026-02-27 18:38:00+00:00,178.9600067138672,178.97999572753906,178.8800048828125,178.90499877929688,149053
2026-02-27 18:39:00+00:00,179.0399932861328,179.07000732421875,178.94000244140625,178.97000122070312,171344
2026-02-27 18:40:00+00:00,179.1237030029297,179.19000244140625,179.02999877929688,179.02999877929688,275861
2026-02-27 18:41:00+00:00,179.19749450683594,179.2550048828125,179.09500122070312,179.13499450683594,190523
2026-02-27 18:42:00+00:00,179.1750030517578,179.30999755859375,179.1300048828125,179.19500732421875,57069833
2026-02-27 18:43:00+00:00,179.0428924560547,179.2100067138672,178.9801025390625,179.17999267578125,348900
2026-02-27 18:44:00+00:00,178.76010131835938,179.07000732421875,178.75999450683594,179.0500030517578,0
2026-02-27 18:45:00+00:00,178.70509338378906,178.8000030517578,178.6199951171875,178.77000427246094,517203
2026-02-27 18:46:00+00:00,178.61500549316406,178.7899932861328,178.57000732421875,178.7100067138672,57689300
2026-02-27 18:47:00+00:00,178.625,178.8000030517578,178.5800018310547,178.61000061035156,0
2026-02-27 18:48:00+00:00,178.59030151367188,178.64500427246094,178.51199340820312,178.6199951171875,240490
2026-02-27 18:49:00+00:00,178.55999755859375,178.61500549316406,178.52999877929688,178.59500122070312,212296
2026-02-27 18:50:00+00:00,178.41009521484375,178.58999633789062,178.3800048828125,178.5500030517578,58950975
2026-02-27 18:51:00+00:00,178.4199981689453,178.4949951171875,178.38999938964844,178.4149932861328,0
2026-02-27 18:52:00+00:00,178.58349609375,178.61630249023438,178.36000061035156,178.4199981689453,320098
2026-02-27 18:53:00+00:00,178.5500030517578,178.61000061035156,178.47000122070312,178.60000610351562,223994
2026-02-27 18:54:00+00:00,178.36500549316406,178.56500244140625,178.33999633789062,178.55990600585938,286576
2026-02-27 18:55:00+00:00,178.3300018310547,178.4199981689453,178.30999755859375,178.36500549316406,170642
2026-02-27 18:56:00+00:00,178.21499633789062,178.36500549316406,178.19500732421875,178.3363037109375,303611
2026-02-27 18:57:00+00:00,178.22000122070312,178.26499938964844,178.1699981689453,178.21499633789062,237844
2026-02-27 18:58:00+00:00,178.36500549316406,178.3780059814453,178.19500732421875,178.22999572753906,274782
2026-02-27 18:59:00+00:00,178.38999938964844,178.4499053955078,178.33009338378906,178.3699951171875,277098
2026-02-27 19:00:00+00:00,178.4499969482422,178.5500030517578,178.3350067138672,178.3800048828125,335161
2026-02-27 19:01:00+00:00,178.63999938964844,178.64999389648438,178.44509887695312,178.4600067138672,262982
2026-02-27 19:02:00+00:00,178.75,178.86000061035156,178.5749969482422,178.64630126953125,519926
2026-02-27 19:03:00+00:00,178.87350463867188,178.92990112304688,178.75010681152344,178.75999450683594,339905
2026-02-27 19:04:00+00:00,178.9694061279297,178.99000549316406,178.83999633789062,178.875,349515
2026-02-27 19:05:00+00:00,178.82000732421875,178.9864959716797,178.75,178.96009826660156,60808266
2026-02-27 19:06:00+00:00,178.9550018310547,179.02999877929688,178.81500244140625,178.8199005126953,0
2026-02-27 19:07:00+00:00,178.92990112304688,179.0800018310547,178.89999389648438,178.9550018310547,286481
2026-02-27 19:08:00+00:00,178.64999389648438,178.9250030517578,178.64999389648438,178.9250030517578,310441
2026-02-27 19:09:00+00:00,178.5850067138672,178.6999969482422,178.5399932861328,178.63999938964844,396769
2026-02-27 19:10:00+00:00,178.46499633789062,178.66000366210938,178.4600067138672,178.5800018310547,297190
2026-02-27 19:11:00+00:00,178.5290069580078,178.5500030517578,178.44000244140625,178.47000122070312,61629270
2026-02-27 19:12:00+00:00,178.51499938964844,178.6300048828125,178.5050048828125,178.52149963378906,0
2026-02-27 19:13:00+00:00,178.4499969482422,178.52999877929688,178.375,178.50999450683594,237150
2026-02-27 19:14:00+00:00,178.35000610351562,178.5,178.3350067138672,178.4499969482422,247869
2026-02-27 19:15:00+00:00,178.38499450683594,178.44000244140625,178.2899932861328,178.35000610351562,301760
2026-02-27 19:16:00+00:00,178.3800048828125,178.4499969482422,178.33970642089844,178.38150024414062,195175
2026-02-27 19:17:00+00:00,178.41009521484375,178.4698944091797,178.34500122070312,178.38499450683594,175460
2026-02-27 19:18:00+00:00,178.39010620117188,178.5,178.3800048828125,178.4149932861328,62532196
2026-02-27 19:19:00+00:00,178.27000427246094,178.39999389648438,178.27000427246094,178.39549255371094,367055
2026-02-27 19:20:00+00:00,178.28500366210938,178.36000061035156,178.25,178.2799072265625,0
2026-02-27 19:21:00+00:00,178.26499938964844,178.34849548339844,178.2449951171875,178.27999877929688,200978
2026-02-27 19:22:00+00:00,178.13999938964844,178.2899932861328,178.10000610351562,178.27000427246094,63166467
2026-02-27 19:23:00+00:00,178.3000030517578,178.3000030517578,178.10000610351562,178.14500427246094,321091
2026-02-27 19:24:00+00:00,178.4600067138672,178.50999450683594,178.29660034179688,178.29849243164062,0
2026-02-27 19:25:00+00:00,178.46009826660156,178.57000732421875,178.4499969482422,178.47000122070312,253324
2026-02-27 19:26:00+00:00,178.4199981689453,178.4949951171875,178.35000610351562,178.4550018310547,195288
2026-02-27 19:27:00+00:00,178.67999267578125,178.7100067138672,178.42999267578125,178.42999267578125,347111
2026-02-27 19:28:00+00:00,178.68699645996094,178.69000244140625,178.5800018310547,178.6750030517578,292438
2026-02-27 19:29:00+00:00,178.6649932861328,178.6999969482422,178.58999633789062,178.67999267578125,177441
2026-02-27 19:30:00+00:00,178.57000732421875,178.6750030517578,178.4801025390625,178.6699981689453,276029
2026-02-27 19:31:00+00:00,178.52499389648438,178.6199951171875,178.4199981689453,178.55999755859375,259035
2026-02-27 19:32:00+00:00,178.64500427246094,178.7899932861328,178.52499389648438,178.52499389648438,353726
2026-02-27 19:33:00+00:00,178.69509887695312,178.8000030517578,178.57000732421875,178.64500427246094,246433
2026-02-27 19:34:00+00:00,178.6750030517578,178.74000549316406,178.66000366210938,178.6999969482422,154389
2026-02-27 19:35:00+00:00,178.8498992919922,178.88999938964844,178.6649932861328,178.68499755859375,284498
2026-02-27 19:36:00+00:00,178.80020141601562,178.85989379882812,178.74000549316406,178.85000610351562,204285
2026-02-27 19:37:00+00:00,178.75,178.86000061035156,178.75,178.8000030517578,180712
2026-02-27 19:38:00+00:00,178.75999450683594,178.77999877929688,178.69500732421875,178.75,209105
2026-02-27 19:39:00+00:00,178.875,178.9199981689453,178.76370239257812,178.77499389648438,249277
2026-02-27 19:40:00+00:00,178.68499755859375,178.89999389648438,178.64999389648438,178.875,334776
2026-02-27 19:41:00+00:00,178.77999877929688,178.8000030517578,178.64999389648438,178.68499755859375,183705
2026-02-27 19:42:00+00:00,178.72000122070312,178.7899932861328,178.6699981689453,178.7700958251953,172252
2026-02-27 19:43:00+00:00,178.5850067138672,178.7333984375,178.5800018310547,178.72999572753906,246577
2026-02-27 19:44:00+00:00,178.59500122070312,178.64990234375,178.5200958251953,178.58999633789062,212464
2026-02-27 19:45:00+00:00,178.63510131835938,178.63999938964844,178.52000427246094,178.59500122070312,230225
2026-02-27 19:46:00+00:00,178.85499572753906,178.86000061035156,178.61500549316406,178.63499450683594,275997
2026-02-27 19:47:00+00:00,178.82000732421875,178.8699951171875,178.77999877929688,178.85000610351562,174254
2026-02-27 19:48:00+00:00,178.85499572753906,178.89999389648438,178.77999877929688,178.81399536132812,65703771
2026-02-27 19:49:00+00:00,178.8350067138672,178.875,178.77000427246094,178.85000610351562,0
2026-02-27 19:50:00+00:00,179.0,179.02499389648438,178.82510375976562,178.8350067138672,304216
2026-02-27 19:51:00+00:00,179.14500427246094,179.17999267578125,178.97000122070312,178.99000549316406,340864
2026-02-27 19:52:00+00:00,179.2299041748047,179.25,179.1199951171875,179.14500427246094,66340280
2026-02-27 19:53:00+00:00,179.16659545898438,179.27999877929688,179.13999938964844,179.22500610351562,0
2026-02-27 19:54:00+00:00,179.24000549316406,179.3300018310547,179.11000061035156,179.15989685058594,306628
2026-02-27 19:55:00+00:00,179.3699951171875,179.38999938964844,179.19000244140625,179.22999572753906,309472
2026-02-27 19:56:00+00:00,179.43499755859375,179.50999450683594,179.32000732421875,179.37989807128906,467122
2026-02-27 19:57:00+00:00,179.55499267578125,179.55999755859375,179.42999267578125,179.43499755859375,274905
2026-02-27 19:58:00+00:00,179.63510131835938,179.6999969482422,179.5469970703125,179.55499267578125,363024
2026-02-27 19:59:00+00:00,179.36500549316406,179.6750030517578,179.35000610351562,179.63499450683594,408477
2026-02-27 20:00:00+00:00,179.24989318847656,179.4008026123047,179.16000366210938,179.3625030517578,380576
2026-02-27 20:01:00+00:00,179.13999938964844,179.25999450683594,179.11000061035156,179.25,259919
2026-02-27 20:02:00+00:00,179.14999389648438,179.2550048828125,179.08999633789062,179.13499450683594,67620821
2026-02-27 20:03:00+00:00,179.05999755859375,179.17999267578125,179.01010131835938,179.14999389648438,0
2026-02-27 20:04:00+00:00,178.92630004882812,179.13999938964844,178.91000366210938,179.0800018310547,293880
2026-02-27 20:05:00+00:00,178.97999572753906,179.11500549316406,178.89999389648438,178.91000366210938,306578
2026-02-27 20:06:00+00:00,178.84500122070312,179.0,178.8300018310547,178.99000549316406,241274
2026-02-27 20:07:00+00:00,179.16990661621094,179.17999267578125,178.83999633789062,178.8498992919922,284133
2026-02-27 20:08:00+00:00,179.0399932861328,179.17999267578125,179.02499389648438,179.16009521484375,263297
2026-02-27 20:09:00+00:00,178.85000610351562,179.10000610351562,178.8437042236328,179.03500366210938,339915
2026-02-27 20:10:00+00:00,178.91000366210938,178.9250030517578,178.75999450683594,178.83999633789062,308981
2026-02-27 20:11:00+00:00,178.74139404296875,178.9199981689453,178.72000122070312,178.91000366210938,250342
2026-02-27 20:12:00+00:00,178.97000122070312,178.98989868164062,178.67999267578125,178.75,360745
2026-02-27 20:13:00+00:00,178.67999267578125,178.97999572753906,178.66000366210938,178.9600067138672,291880
2026-02-27 20:14:00+00:00,179.13999938964844,179.1699981689453,178.6300048828125,178.6750030517578,392716
2026-02-27 20:15:00+00:00,178.9600067138672,179.375,178.9499969482422,179.15249633789062,512011
2026-02-27 20:16:00+00:00,178.85299682617188,179.0800018310547,178.85000610351562,178.9499969482422,70154731
2026-02-27 20:17:00+00:00,178.86300659179688,178.9949951171875,178.82000732421875,178.85499572753906,0
2026-02-27 20:18:00+00:00,178.7050018310547,178.8896942138672,178.6649932861328,178.86500549316406,70474785
2026-02-27 20:19:00+00:00,178.78500366210938,178.8249969482422,178.64999389648438,178.70010375976562,0
2026-02-27 20:20:00+00:00,178.80999755859375,178.92990112304688,178.72999572753906,178.7899932861328,262202
2026-02-27 20:21:00+00:00,178.80299377441406,178.9149932861328,178.7899932861328,178.80499267578125,204664
2026-02-27 20:22:00+00:00,179.03500366210938,179.07000732421875,178.77999877929688,178.8000030517578,284340
2026-02-27 20:23:00+00:00,179.19500732421875,179.1999969482422,179.02000427246094,179.0449981689453,317692
2026-02-27 20:24:00+00:00,178.99000549316406,179.2198944091797,178.97500610351562,179.1999969482422,275885
2026-02-27 20:25:00+00:00,179.10699462890625,179.14999389648438,178.89999389648438,178.97999572753906,327957
2026-02-27 20:26:00+00:00,178.88999938964844,179.11000061035156,178.88999938964844,179.11000061035156,281972
2026-02-27 20:27:00+00:00,179.0850067138672,179.10000610351562,178.88499450683594,178.89500427246094,72024614
2026-02-27 20:28:00+00:00,178.93499755859375,179.09010314941406,178.9199981689453,179.0850067138672,0
2026-02-27 20:29:00+00:00,178.89999389648438,178.9499969482422,178.8249969482422,178.93499755859375,298886
2026-02-27 20:30:00+00:00,178.7899932861328,178.98500061035156,178.77999877929688,178.88999938964844,317965
2026-02-27 20:31:00+00:00,178.61000061035156,178.8000030517578,178.57000732421875,178.7899932861328,380310
2026-02-27 20:32:00+00:00,178.5449981689453,178.625,178.53500366210938,178.610107421875,333792
2026-02-27 20:33:00+00:00,178.4600067138672,178.60000610351562,178.39999389648438,178.5449981689453,373213
2026-02-27 20:34:00+00:00,178.3000030517578,178.4600067138672,178.25,178.45010375976562,367914
2026-02-27 20:35:00+00:00,178.27000427246094,178.42999267578125,178.19000244140625,178.30999755859375,409593
2026-02-27 20:36:00+00:00,178.31500244140625,178.35499572753906,178.1636962890625,178.25999450683594,394302
2026-02-27 20:37:00+00:00,178.1649932861328,178.46499633789062,178.16000366210938,178.3249969482422,426853
2026-02-27 20:38:00+00:00,178.10000610351562,178.1999969482422,178.05999755859375,178.16000366210938,390189
2026-02-27 20:39:00+00:00,178.15499877929688,178.2050018310547,178.05999755859375,178.0850067138672,397742
2026-02-27 20:40:00+00:00,178.1750030517578,178.33999633789062,178.10000610351562,178.16000366210938,353271
2026-02-27 20:41:00+00:00,178.16000366210938,178.22000122070312,178.0749969482422,178.1699981689453,75118177
2026-02-27 20:42:00+00:00,178.09500122070312,178.1699981689453,178.00999450683594,178.16990661621094,0
2026-02-27 20:43:00+00:00,178.33990478515625,178.3699951171875,178.09500122070312,178.10499572753906,523315
2026-02-27 20:44:00+00:00,178.15499877929688,178.4499969482422,178.1199951171875,178.3350067138672,474851
2026-02-27 20:45:00+00:00,178.15499877929688,178.25999450683594,178.1300048828125,178.14500427246094,361876
2026-02-27 20:46:00+00:00,178.0500030517578,178.16000366210938,177.9499969482422,178.14999389648438,1125422
2026-02-27 20:47:00+00:00,177.86500549316406,178.07000732421875,177.82000732421875,178.0399932861328,901228
2026-02-27 20:48:00+00:00,178.07000732421875,178.10499572753906,177.72500610351562,177.86000061035156,732817
2026-02-27 20:49:00+00:00,178.13999938964844,178.2198944091797,177.94500732421875,178.07000732421875,563299
2026-02-27 20:50:00+00:00,177.33999633789062,178.14999389648438,177.19500732421875,178.14999389648438,1615753
2026-02-27 20:51:00+00:00,177.5500030517578,177.63999938964844,177.2050018310547,177.33999633789062,81687105
2026-02-27 20:52:00+00:00,177.29989624023438,177.57000732421875,177.19500732421875,177.53500366210938,0
2026-02-27 20:53:00+00:00,177.3350067138672,177.49000549316406,177.10000610351562,177.27999877929688,1071952
2026-02-27 20:54:00+00:00,177.8249969482422,177.94000244140625,177.3350067138672,177.3350067138672,1038417
2026-02-27 20:55:00+00:00,176.82000732421875,177.8699951171875,176.8000030517578,177.81500244140625,1619067
2026-02-27 20:56:00+00:00,176.86000061035156,176.9550018310547,176.6750030517578,176.82000732421875,1577873
2026-02-27 20:57:00+00:00,176.97500610351562,177.05999755859375,176.6199951171875,176.86000061035156,86729935
2026-02-27 20:58:00+00:00,176.69009399414062,176.99339294433594,176.55999755859375,176.97000122070312,0
2026-02-27 20:59:00+00:00,177.16000366210938,177.60000610351562,176.3800048828125,176.6999969482422,4114401
2026-03-02 14:30:00+00:00,176.36000061035156,176.63999938964844,174.63999938964844,174.8000030517578,8963891
2026-03-02 14:31:00+00:00,177.7169952392578,177.91000366210938,176.375,176.375,1364558
2026-03-02 14:32:00+00:00,178.25999450683594,178.3199005126953,177.25,177.69000244140625,1011303
2026-03-02 14:33:00+00:00,178.77999877929688,178.97000122070312,178.1300048828125,178.2528076171875,1119588
2026-03-02 14:34:00+00:00,179.0399932861328,179.27000427246094,178.5,178.78990173339844,997685
2026-03-02 14:35:00+00:00,179.16900634765625,179.21719360351562,178.5500030517578,179.0500946044922,854155
2026-03-02 14:36:00+00:00,179.67999267578125,179.75,179.00999450683594,179.14999389648438,1161435
2026-03-02 14:37:00+00:00,179.52000427246094,179.89999389648438,179.4801025390625,179.67999267578125,1194406
2026-03-02 14:38:00+00:00,179.58419799804688,179.75,179.19000244140625,179.52999877929688,908045
2026-03-02 14:39:00+00:00,179.0919952392578,179.72999572753906,178.93499755859375,179.6199951171875,796154
2026-03-02 14:40:00+00:00,178.9799041748047,179.55039978027344,178.80999755859375,179.08999633789062,769364
2026-03-02 14:41:00+00:00,179.47369384765625,179.63999938964844,178.94000244140625,178.97999572753906,721418
2026-03-02 14:42:00+00:00,179.74000549316406,179.97000122070312,179.45889282226562,179.47000122070312,932475
2026-03-02 14:43:00+00:00,179.67999267578125,180.02999877929688,179.2100067138672,179.72000122070312,836696
2026-03-02 14:44:00+00:00,179.5800018310547,180.0699005126953,179.52999877929688,179.67999267578125,830656
2026-03-02 14:45:00+00:00,179.60000610351562,179.97999572753906,179.22999572753906,179.5800018310547,574454
2026-03-02 14:46:00+00:00,179.4600067138672,179.7899932861328,179.30999755859375,179.59010314941406,576597
2026-03-02 14:47:00+00:00,179.37359619140625,179.58999633789062,179.1300048828125,179.46499633789062,620398
2026-03-02 14:48:00+00:00,179.69000244140625,179.88999938964844,179.35000610351562,179.3800048828125,14431518
2026-03-02 14:49:00+00:00,180.0402069091797,180.14999389648438,179.62249755859375,179.718505859375,0
2026-03-02 14:50:00+00:00,179.58999633789062,180.10400390625,179.49000549316406,180.0301055908203,657285
2026-03-02 14:51:00+00:00,179.5500030517578,179.7949981689453,179.39999389648438,179.5800018310547,544566
2026-03-02 14:52:00+00:00,179.11000061035156,179.6300048828125,179.05999755859375,179.52740478515625,701673
2026-03-02 14:53:00+00:00,178.93499755859375,179.35000610351562,178.92999267578125,179.1199951171875,573048
2026-03-02 14:54:00+00:00,179.49920654296875,179.5800018310547,178.90159606933594,178.94000244140625,559873
2026-03-02 14:55:00+00:00,179.64779663085938,179.75,179.41000366210938,179.50999450683594,15836900
2026-03-02 14:56:00+00:00,179.61500549316406,179.71499633789062,179.3300018310547,179.6300048828125,0
2026-03-02 14:57:00+00:00,179.36000061035156,179.85000610351562,179.3300018310547,179.6107940673828,492607
2026-03-02 14:58:00+00:00,179.72999572753906,179.83999633789062,179.27999877929688,179.36990356445312,403146
2026-03-02 14:59:00+00:00,179.6999969482422,179.7899932861328,179.52999877929688,179.72999572753906,309506
2026-03-02 15:00:00+00:00,179.0500030517578,179.78990173339844,179.0500030517578,179.69000244140625,469744
2026-03-02 15:01:00+00:00,179.8000030517578,179.80999755859375,179.05999755859375,179.05999755859375,428323
2026-03-02 15:02:00+00:00,179.8000030517578,179.99000549316406,179.75999450683594,179.80999755859375,472460
2026-03-02 15:03:00+00:00,179.89010620117188,179.97500610351562,179.625,179.8000030517578,376972
2026-03-02 15:04:00+00:00,179.9600067138672,180.02000427246094,179.6649932861328,179.9093017578125,479540
2026-03-02 15:05:00+00:00,180.13999938964844,180.1999969482422,179.86000061035156,179.97999572753906,17430768
2026-03-02 15:06:00+00:00,180.35009765625,180.5399932861328,180.11000061035156,180.13119506835938,0
2026-03-02 15:07:00+00:00,180.37010192871094,180.5,180.19000244140625,180.3699951171875,461216
2026-03-02 15:08:00+00:00,180.30499267578125,180.44000244140625,180.1300048828125,180.36000061035156,474405
2026-03-02 15:09:00+00:00,180.40890502929688,180.62950134277344,180.13999938964844,180.30999755859375,632476
2026-03-02 15:10:00+00:00,180.57009887695312,180.63999938964844,180.3271026611328,180.38999938964844,401907
2026-03-02 15:11:00+00:00,180.72000122070312,180.78990173339844,180.3800048828125,180.5800018310547,594660
2026-03-02 15:12:00+00:00,180.57000732421875,180.77000427246094,180.5500030517578,180.7100067138672,18748247
2026-03-02 15:13:00+00:00,180.73500061035156,180.97000122070312,180.5229034423828,180.5800018310547,0
2026-03-02 15:14:00+00:00,180.68850708007812,180.85989379882812,180.61000061035156,180.73500061035156,352667
2026-03-02 15:15:00+00:00,180.64999389648438,180.75999450683594,180.4600067138672,180.69000244140625,436274
2026-03-02 15:16:00+00:00,180.8551025390625,180.91990661621094,180.61000061035156,180.64500427246094,452067
2026-03-02 15:17:00+00:00,180.88999938964844,181.1199951171875,180.83999633789062,180.83999633789062,19957275
2026-03-02 15:18:00+00:00,180.82000732421875,181.10499572753906,180.82000732421875,180.89999389648438,0
2026-03-02 15:19:00+00:00,180.99000549316406,181.14999389648438,180.7449951171875,180.8000030517578,20274827
2026-03-02 15:20:00+00:00,181.02000427246094,181.17999267578125,180.86500549316406,180.9949951171875,621562
2026-03-02 15:21:00+00:00,180.63999938964844,181.05999755859375,180.55499267578125,181.02000427246094,0
2026-03-02 15:22:00+00:00,180.33999633789062,180.97000122070312,180.30499267578125,180.63999938964844,525633
2026-03-02 15:23:00+00:00,181.07000732421875,181.13999938964844,180.32339477539062,180.34500122070312,565308
2026-03-02 15:24:00+00:00,181.22000122070312,181.2899932861328,180.91000366210938,181.05999755859375,529296
2026-03-02 15:25:00+00:00,181.15989685058594,181.3800048828125,181.07000732421875,181.24000549316406,482543
2026-03-02 15:26:00+00:00,181.0399932861328,181.24000549316406,180.97000122070312,181.17999267578125,341296
2026-03-02 15:27:00+00:00,180.76499938964844,181.0850067138672,180.7635040283203,181.03990173339844,337063
2026-03-02 15:28:00+00:00,180.47999572753906,180.78500366210938,180.3800048828125,180.77000427246094,373797
2026-03-02 15:29:00+00:00,180.5,180.52000427246094,180.27000427246094,180.47000122070312,378082
2026-03-02 15:30:00+00:00,180.6802978515625,180.8699951171875,180.46400451660156,180.49000549316406,410952
2026-03-02 15:31:00+00:00,180.3199005126953,180.72000122070312,180.22999572753906,180.6800994873047,371257
2026-03-02 15:32:00+00:00,180.0800018310547,180.3300018310547,180.00999450683594,180.30499267578125,405583
2026-03-02 15:33:00+00:00,180.11000061035156,180.1699981689453,180.00999450683594,180.07989501953125,259565
2026-03-02 15:34:00+00:00,180.57000732421875,180.7299041748047,180.11000061035156,180.11000061035156,417297
2026-03-02 15:35:00+00:00,180.30999755859375,180.60499572753906,180.1699981689453,180.60009765625,355396
2026-03-02 15:36:00+00:00,180.42990112304688,180.4499969482422,180.0850067138672,180.30999755859375,22797008
2026-03-02 15:37:00+00:00,180.61000061035156,180.7100067138672,180.33999633789062,180.43499755859375,0
2026-03-02 15:38:00+00:00,180.6999969482422,180.88999938964844,180.5850067138672,180.63499450683594,23163326
2026-03-02 15:39:00+00:00,180.6855010986328,180.83999633789062,180.5800018310547,180.6999969482422,0
2026-03-02 15:40:00+00:00,180.81649780273438,180.85000610351562,180.47000122070312,180.66000366210938,321572
2026-03-02 15:41:00+00:00,181.0906982421875,181.1199951171875,180.7899932861328,180.80999755859375,740326
2026-03-02 15:42:00+00:00,181.19000244140625,181.3551025390625,181.02999877929688,181.10000610351562,24119986
2026-03-02 15:43:00+00:00,181.1284942626953,181.31500244140625,181.11500549316406,181.1999969482422,0
2026-03-02 15:44:00+00:00,181.10910034179688,181.1999053955078,181.00999450683594,181.1199951171875,352874
2026-03-02 15:45:00+00:00,181.13499450683594,181.2550048828125,180.98500061035156,181.10000610351562,320972
2026-03-02 15:46:00+00:00,181.10499572753906,181.17999267578125,181.02000427246094,181.1403045654297,235688
2026-03-02 15:47:00+00:00,181.13999938964844,181.3300018310547,181.09500122070312,181.11000061035156,212428
2026-03-02 15:48:00+00:00,181.09500122070312,181.22000122070312,181.0749969482422,181.139892578125,254788
2026-03-02 15:49:00+00:00,181.11000061035156,181.13999938964844,180.9949951171875,181.10049438476562,223510
2026-03-02 15:50:00+00:00,181.1750030517578,181.3300018310547,181.0926055908203,181.1199951171875,323680
2026-03-02 15:51:00+00:00,180.86500549316406,181.1750030517578,180.82980346679688,181.1750030517578,344077
2026-03-02 15:52:00+00:00,180.7100067138672,180.94000244140625,180.7050018310547,180.86500549316406,205963
2026-03-02 15:53:00+00:00,180.69000244140625,180.7449951171875,180.5800018310547,180.72000122070312,274289
2026-03-02 15:54:00+00:00,180.6300048828125,180.7799072265625,180.3800048828125,180.7050018310547,352932
2026-03-02 15:55:00+00:00,180.80990600585938,180.83999633789062,180.58200073242188,180.6262969970703,25653436
2026-03-02 15:56:00+00:00,180.97500610351562,181.0,180.7899932861328,180.8000030517578,0
2026-03-02 15:57:00+00:00,181.00999450683594,181.0500030517578,180.91000366210938,180.9801025390625,264587
2026-03-02 15:58:00+00:00,180.97500610351562,181.14999389648438,180.91000366210938,181.00999450683594,25975330
2026-03-02 15:59:00+00:00,180.67250061035156,180.99549865722656,180.52499389648438,180.97500610351562,0
2026-03-02 16:00:00+00:00,180.3800048828125,180.6999969482422,180.35000610351562,180.67999267578125,356416
2026-03-02 16:01:00+00:00,180.25999450683594,180.40939331054688,180.22999572753906,180.3699951171875,331143
2026-03-02 16:02:00+00:00,180.19000244140625,180.32000732421875,180.11000061035156,180.25999450683594,256210
2026-03-02 16:03:00+00:00,180.1385040283203,180.3350067138672,180.125,180.19000244140625,234721
2026-03-02 16:04:00+00:00,180.3300018310547,180.4199981689453,180.1199951171875,180.13999938964844,270748
2026-03-02 16:05:00+00:00,180.61289978027344,180.64999389648438,180.2899932861328,180.3406982421875,291860
2026-03-02 16:06:00+00:00,180.48989868164062,180.7198944091797,180.42999267578125,180.61990356445312,309519
2026-03-02 16:07:00+00:00,180.68499755859375,180.75,180.4550018310547,180.48500061035156,240562
2026-03-02 16:08:00+00:00,180.9550018310547,180.97999572753906,180.6199951171875,180.68499755859375,251033
2026-03-02 16:09:00+00:00,181.0800018310547,181.1199951171875,180.9550018310547,180.9550018310547,263672
2026-03-02 16:10:00+00:00,180.89999389648438,181.07339477539062,180.8699951171875,181.06500244140625,247759
2026-03-02 16:11:00+00:00,181.07000732421875,181.1699981689453,180.87010192871094,180.9199981689453,304774
2026-03-02 16:12:00+00:00,181.13510131835938,181.1699981689453,180.97999572753906,181.06500244140625,306666
2026-03-02 16:13:00+00:00,181.14999389648438,181.2198944091797,181.0,181.1199951171875,27912293
2026-03-02 16:14:00+00:00,181.11000061035156,181.1999969482422,181.03289794921875,181.15499877929688,317793
2026-03-02 16:15:00+00:00,181.02999877929688,181.1699981689453,180.99009704589844,181.11500549316406,0
2026-03-02 16:16:00+00:00,180.97000122070312,181.08999633789062,180.83999633789062,181.0399932861328,28211057
2026-03-02 16:17:00+00:00,181.2449951171875,181.27999877929688,180.97999572753906,180.97999572753906,0
2026-03-02 16:18:00+00:00,181.66000366210938,181.72000122070312,181.2429962158203,181.2449951171875,566098
2026-03-02 16:19:00+00:00,181.4600067138672,181.677001953125,181.41000366210938,181.66009521484375,28885773
2026-03-02 16:20:00+00:00,181.33009338378906,181.52200317382812,181.3000030517578,181.44000244140625,415761
2026-03-02 16:21:00+00:00,181.1999053955078,181.41000366210938,181.11500549316406,181.35000610351562,0
2026-03-02 16:22:00+00:00,181.5050048828125,181.51499938964844,181.206298828125,181.206298828125,320883
2026-03-02 16:23:00+00:00,181.61500549316406,181.7165985107422,181.46499633789062,181.5050048828125,404132
2026-03-02 16:24:00+00:00,181.53500366210938,181.80999755859375,181.4250030517578,181.6199951171875,346988
2026-03-02 16:25:00+00:00,181.30059814453125,181.56500244140625,181.27000427246094,181.5,300571
2026-03-02 16:26:00+00:00,181.0850067138672,181.35000610351562,181.0500030517578,181.30999755859375,29871588
2026-03-02 16:27:00+00:00,180.7100067138672,181.1699981689453,180.65499877929688,181.0850067138672,0
2026-03-02 16:28:00+00:00,180.82000732421875,180.92999267578125,180.67999267578125,180.7449951171875,439041
2026-03-02 16:29:00+00:00,180.9199981689453,180.9499969482422,180.72999572753906,180.80999755859375,30331570
2026-03-02 16:30:00+00:00,181.05499267578125,181.2209930419922,180.88999938964844,180.93499755859375,0
2026-03-02 16:31:00+00:00,180.9600067138672,181.05999755859375,180.86000061035156,181.0498046875,213680
2026-03-02 16:32:00+00:00,180.97000122070312,181.0800018310547,180.8800048828125,180.95989990234375,30535952
2026-03-02 16:33:00+00:00,180.91000366210938,180.99000549316406,180.83999633789062,180.97000122070312,268705
2026-03-02 16:34:00+00:00,181.2550048828125,181.3199005126953,180.85000610351562,180.9149932861328,0
2026-03-02 16:35:00+00:00,181.47000122070312,181.47500610351562,181.1199951171875,181.2653045654297,231102
2026-03-02 16:36:00+00:00,181.53500366210938,181.61990356445312,181.44500732421875,181.4530029296875,250932
2026-03-02 16:37:00+00:00,181.6300048828125,181.6999969482422,181.50999450683594,181.5572967529297,279344
2026-03-02 16:38:00+00:00,181.8249969482422,181.86500549316406,181.5800018310547,181.63499450683594,225484
2026-03-02 16:39:00+00:00,181.8800048828125,181.92999267578125,181.75,181.82000732421875,316528
2026-03-02 16:40:00+00:00,181.94000244140625,182.0399932861328,181.875,181.8800048828125,439713
2026-03-02 16:41:00+00:00,182.37069702148438,182.4199981689453,181.93499755859375,181.94000244140625,460543
2026-03-02 16:42:00+00:00,182.19000244140625,182.3800048828125,182.1699981689453,182.375,448275
2026-03-02 16:43:00+00:00,182.375,182.38999938964844,182.1199951171875,182.19000244140625,304853
2026-03-02 16:44:00+00:00,182.62469482421875,182.68499755859375,182.36000061035156,182.3699951171875,482730
2026-03-02 16:45:00+00:00,182.7949981689453,182.82000732421875,182.60000610351562,182.63499450683594,392623
2026-03-02 16:46:00+00:00,182.88999938964844,182.97000122070312,182.72999572753906,182.77999877929688,405635
2026-03-02 16:47:00+00:00,183.13699340820312,183.1750030517578,182.8300018310547,182.88380432128906,551450
2026-03-02 16:48:00+00:00,183.0050048828125,183.1750030517578,182.9199981689453,183.13999938964844,33308581
2026-03-02 16:49:00+00:00,182.96499633789062,183.10000610351562,182.82000732421875,183.0050048828125,0
2026-03-02 16:50:00+00:00,182.76499938964844,183.02000427246094,182.7100067138672,182.99000549316406,33607879
2026-03-02 16:51:00+00:00,182.7550048828125,182.7949981689453,182.61000061035156,182.75999450683594,497300
2026-03-02 16:52:00+00:00,182.7449951171875,182.94000244140625,182.55999755859375,182.7550048828125,0
2026-03-02 16:53:00+00:00,182.65499877929688,182.8249969482422,182.55999755859375,182.75999450683594,33933254
2026-03-02 16:54:00+00:00,182.70989990234375,182.72999572753906,182.5500030517578,182.64999389648438,0
2026-03-02 16:55:00+00:00,182.9250030517578,183.0,182.5800018310547,182.7050018310547,364112
2026-03-02 16:56:00+00:00,182.70089721679688,182.93499755859375,182.6699981689453,182.9250030517578,34230166
2026-03-02 16:57:00+00:00,182.69500732421875,182.86000061035156,182.6800994873047,182.706298828125,0
2026-03-02 16:58:00+00:00,182.71499633789062,182.77999877929688,182.6199951171875,182.69000244140625,207953
2026-03-02 16:59:00+00:00,182.6529998779297,182.7100067138672,182.64999389648438,182.7100067138672,34425699
2026-03-02 17:00:00+00:00,182.5850067138672,182.5850067138672,182.56500244140625,182.56500244140625,0
2026-03-02 17:01:00+00:00,182.34750366210938,182.5500030517578,182.32000732421875,182.47999572753906,34599044
2026-03-02 17:02:00+00:00,182.27999877929688,182.38999938964844,182.27999877929688,182.34010314941406,0
2026-03-02 17:03:00+00:00,182.31700134277344,182.32000732421875,182.25999450683594,182.27499389648438,198205
2026-03-02 17:04:00+00:00,182.35000610351562,182.38999938964844,182.27999877929688,182.35000610351562,128805
2026-03-02 17:05:00+00:00,182.28500366210938,182.3800048828125,182.25,182.33799743652344,193359
2026-03-02 17:06:00+00:00,182.27000427246094,182.39999389648438,182.22999572753906,182.2902069091797,263224
2026-03-02 17:07:00+00:00,182.2899932861328,182.3699951171875,182.22500610351562,182.27749633789062,250495
2026-03-02 17:08:00+00:00,182.30999755859375,182.47999572753906,182.27999877929688,182.29100036621094,289221
2026-03-02 17:09:00+00:00,182.4550018310547,182.5,182.1699981689453,182.3000030517578,259451
2026-03-02 17:10:00+00:00,182.35000610351562,182.5399932861328,182.22000122070312,182.4499969482422,207912
2026-03-02 17:11:00+00:00,182.35000610351562,182.36500549316406,182.2805938720703,182.35000610351562,181154
2026-03-02 17:12:00+00:00,182.27000427246094,182.32000732421875,182.17999267578125,182.32000732421875,142037
2026-03-02 17:13:00+00:00,182.42999267578125,182.4676055908203,182.17999267578125,182.27000427246094,144140
2026-03-02 17:14:00+00:00,182.47999572753906,182.5399932861328,182.37899780273438,182.4199981689453,35520969
2026-03-02 17:15:00+00:00,182.7696990966797,182.78500366210938,182.4801025390625,182.49000549316406,0
2026-03-02 17:16:00+00:00,182.82000732421875,182.83999633789062,182.7100067138672,182.77000427246094,253953
2026-03-02 17:17:00+00:00,182.95399475097656,183.0,182.75999450683594,182.8249969482422,273626
2026-03-02 17:18:00+00:00,182.89990234375,183.2100067138672,182.88999938964844,182.9600067138672,326167
2026-03-02 17:19:00+00:00,182.91000366210938,182.97000122070312,182.8300018310547,182.90499877929688,174954
2026-03-02 17:20:00+00:00,183.0800018310547,183.0800018310547,182.89999389648438,182.9250030517578,202071
2026-03-02 17:21:00+00:00,183.26629638671875,183.27999877929688,183.04299926757812,183.07000732421875,313819
2026-03-02 17:22:00+00:00,183.36500549316406,183.3699951171875,183.2100067138672,183.26499938964844,303675
2026-03-02 17:23:00+00:00,183.34500122070312,183.4199981689453,183.33990478515625,183.36500549316406,248777
2026-03-02 17:24:00+00:00,183.30499267578125,183.4600067138672,183.2899932861328,183.35000610351562,272673
2026-03-02 17:25:00+00:00,183.23500061035156,183.33700561523438,183.16000366210938,183.30499267578125,257903
2026-03-02 17:26:00+00:00,183.13499450683594,183.2449951171875,183.0749969482422,183.23500061035156,235501
2026-03-02 17:27:00+00:00,183.11500549316406,183.17909240722656,183.08999633789062,183.13999938964844,137527
2026-03-02 17:28:00+00:00,183.21499633789062,183.22500610351562,183.05999755859375,183.11500549316406,206268
2026-03-02 17:29:00+00:00,183.05999755859375,183.27999877929688,183.0500030517578,183.22000122070312,195305
2026-03-02 17:30:00+00:00,182.88999938964844,183.05599975585938,182.75999450683594,183.05499267578125,438435
2026-03-02 17:31:00+00:00,182.8249969482422,182.92990112304688,182.72000122070312,182.90769958496094,215025
2026-03-02 17:32:00+00:00,182.6999053955078,182.88999938964844,182.66000366210938,182.8249969482422,163777
2026-03-02 17:33:00+00:00,182.6750030517578,182.6934051513672,182.61000061035156,182.69000244140625,200099
2026-03-02 17:34:00+00:00,182.56500244140625,182.6999969482422,182.50999450683594,182.66000366210938,37376434
2026-03-02 17:35:00+00:00,182.4600067138672,182.6199951171875,182.4199981689453,182.57000732421875,0
2026-03-02 17:36:00+00:00,182.66990661621094,182.66990661621094,182.39999389648438,182.4550018310547,269795
2026-03-02 17:37:00+00:00,182.4700927734375,182.67999267578125,182.47000122070312,182.6699981689453,37701548
2026-03-02 17:38:00+00:00,182.39500427246094,182.5762939453125,182.3699951171875,182.47500610351562,0
2026-03-02 17:39:00+00:00,182.3730010986328,182.42999267578125,182.27000427246094,182.39010620117188,210575
2026-03-02 17:40:00+00:00,182.26499938964844,182.39999389648438,182.25999450683594,182.3730010986328,145864
2026-03-02 17:41:00+00:00,182.48899841308594,182.5800018310547,182.25999450683594,182.27000427246094,292770
2026-03-02 17:42:00+00:00,182.49000549316406,182.57000732421875,182.42999267578125,182.4998016357422,195732
2026-03-02 17:43:00+00:00,182.47000122070312,182.5399932861328,182.44000244140625,182.49000549316406,159202
2026-03-02 17:44:00+00:00,182.48500061035156,182.57000732421875,182.4199981689453,182.47999572753906,155065
2026-03-02 17:45:00+00:00,182.47999572753906,182.52999877929688,182.39999389648438,182.50999450683594,139549
2026-03-02 17:46:00+00:00,182.55999755859375,182.6300048828125,182.48500061035156,182.48500061035156,217193
2026-03-02 17:47:00+00:00,182.5399932861328,182.67999267578125,182.52000427246094,182.55499267578125,199090
2026-03-02 17:48:00+00:00,182.49989318847656,182.5800018310547,182.44000244140625,182.5301055908203,202142
2026-03-02 17:49:00+00:00,182.73500061035156,182.77000427246094,182.49000549316406,182.5,275012
2026-03-02 17:50:00+00:00,182.5449981689453,182.77000427246094,182.44000244140625,182.7301025390625,287628
2026-03-02 17:51:00+00:00,182.7449951171875,182.81959533691406,182.51499938964844,182.52999877929688,38889588
2026-03-02 17:52:00+00:00,182.8249969482422,182.83999633789062,182.7100067138672,182.74000549316406,0
2026-03-02 17:53:00+00:00,182.7449951171875,182.83999633789062,182.69500732421875,182.8249969482422,165112
2026-03-02 17:54:00+00:00,182.65969848632812,182.7899932861328,182.5800018310547,182.75,183984
2026-03-02 17:55:00+00:00,182.6497039794922,182.8000030517578,182.60000610351562,182.66000366210938,198450
2026-03-02 17:56:00+00:00,182.531005859375,182.6800994873047,182.50999450683594,182.66090393066406,160565
2026-03-02 17:57:00+00:00,182.6199951171875,182.64010620117188,182.52499389648438,182.53500366210938,103054
2026-03-02 17:58:00+00:00,182.72000122070312,182.74000549316406,182.625,182.63999938964844,128086
2026-03-02 17:59:00+00:00,182.7050018310547,182.80990600585938,182.6999969482422,182.72999572753906,132652
2026-03-02 18:00:00+00:00,182.73500061035156,182.8000030517578,182.6999969482422,182.72000122070312,136677
2026-03-02 18:01:00+00:00,182.6999969482422,182.75,182.63999938964844,182.7449951171875,130637
2026-03-02 18:02:00+00:00,182.6750030517578,182.75660705566406,182.6699981689453,182.70550537109375,85448
2026-03-02 18:03:00+00:00,182.72000122070312,182.72000122070312,182.60000610351562,182.6649932861328,99704
2026-03-02 18:04:00+00:00,182.83999633789062,182.83999633789062,182.6300048828125,182.71499633789062,131768
2026-03-02 18:05:00+00:00,182.75990295410156,182.94000244140625,182.75010681152344,182.85000610351562,39456233
2026-03-02 18:06:00+00:00,182.78500366210938,182.81500244140625,182.69000244140625,182.7550048828125,0
2026-03-02 18:07:00+00:00,182.82899475097656,182.87989807128906,182.77499389648438,182.78289794921875,105241
2026-03-02 18:08:00+00:00,182.78500366210938,182.8249969482422,182.6999969482422,182.8249969482422,120214
2026-03-02 18:09:00+00:00,182.6750030517578,182.80999755859375,182.66000366210938,182.78199768066406,106967
2026-03-02 18:10:00+00:00,182.50999450683594,182.6699981689453,182.47999572753906,182.6649932861328,173282
2026-03-02 18:11:00+00:00,182.52999877929688,182.55999755859375,182.41000366210938,182.50999450683594,169609
2026-03-02 18:12:00+00:00,182.53709411621094,182.60000610351562,182.4600067138672,182.5449981689453,39787380
2026-03-02 18:13:00+00:00,182.60000610351562,182.64999389648438,182.52000427246094,182.52999877929688,0
2026-03-02 18:14:00+00:00,182.57000732421875,182.639892578125,182.55499267578125,182.60000610351562,82331
2026-03-02 18:15:00+00:00,182.52000427246094,182.59500122070312,182.4600067138672,182.57000732421875,107999
2026-03-02 18:16:00+00:00,182.5644989013672,182.60000610351562,182.50999450683594,182.52499389648438,80701
2026-03-02 18:17:00+00:00,182.7050018310547,182.72999572753906,182.57000732421875,182.57000732421875,39950819
2026-03-02 18:18:00+00:00,182.78509521484375,182.83999633789062,182.64999389648438,182.6999969482422,0
2026-03-02 18:19:00+00:00,182.7050018310547,182.7949981689453,182.66029357910156,182.7899932861328,97546
2026-03-02 18:20:00+00:00,182.65020751953125,182.7899932861328,182.6300048828125,182.7010040283203,121048
2026-03-02 18:21:00+00:00,182.63999938964844,182.72000122070312,182.6199951171875,182.65499877929688,72183
2026-03-02 18:22:00+00:00,182.5299072265625,182.6479949951172,182.46499633789062,182.64500427246094,177815
2026-03-02 18:23:00+00:00,182.4300994873047,182.5500030517578,182.41000366210938,182.5258026123047,136111
2026-03-02 18:24:00+00:00,182.4136962890625,182.50999450683594,182.39999389648438,182.42999267578125,137945
2026-03-02 18:25:00+00:00,182.26339721679688,182.4199981689453,182.2100067138672,182.41969299316406,229966
2026-03-02 18:26:00+00:00,182.46499633789062,182.46499633789062,182.2100067138672,182.26499938964844,170254
2026-03-02 18:27:00+00:00,182.47500610351562,182.5670928955078,182.42999267578125,182.47000122070312,40488086
2026-03-02 18:28:00+00:00,182.55499267578125,182.56500244140625,182.42999267578125,182.47999572753906,0
2026-03-02 18:29:00+00:00,182.44509887695312,182.5699005126953,182.41009521484375,182.55999755859375,87359
2026-03-02 18:30:00+00:00,182.25999450683594,182.47999572753906,182.22000122070312,182.4499969482422,40567698
2026-03-02 18:31:00+00:00,182.22999572753906,182.32000732421875,182.17999267578125,182.2707977294922,0
2026-03-02 18:32:00+00:00,182.42630004882812,182.4600067138672,182.19000244140625,182.24000549316406,40867168
2026-03-02 18:33:00+00:00,182.3585968017578,182.46969604492188,182.30999755859375,182.4250030517578,190524
2026-03-02 18:34:00+00:00,182.2747039794922,182.37989807128906,182.1999969482422,182.35499572753906,179712
2026-03-02 18:35:00+00:00,182.2301025390625,182.2772979736328,182.14999389648438,182.26499938964844,0
2026-03-02 18:36:00+00:00,182.53500366210938,182.5500030517578,182.22000122070312,182.22999572753906,341560
2026-03-02 18:37:00+00:00,182.33999633789062,182.55499267578125,182.32009887695312,182.53799438476562,195392
2026-03-02 18:38:00+00:00,182.22000122070312,182.3498992919922,182.13999938964844,182.3498992919922,168047
2026-03-02 18:39:00+00:00,182.19500732421875,182.3000030517578,182.11000061035156,182.23989868164062,132317
2026-03-02 18:40:00+00:00,182.27499389648438,182.3000030517578,182.1699981689453,182.1999969482422,170657
2026-03-02 18:41:00+00:00,182.2949981689453,182.3574981689453,182.21499633789062,182.27000427246094,41376524
2026-03-02 18:42:00+00:00,182.3699951171875,182.3800048828125,182.25999450683594,182.2899932861328,0
2026-03-02 18:43:00+00:00,182.5399932861328,182.58990478515625,182.3450927734375,182.3800048828125,262565
2026-03-02 18:44:00+00:00,182.43499755859375,182.52999877929688,182.41000366210938,182.52999877929688,178867
2026-03-02 18:45:00+00:00,182.39999389648438,182.44000244140625,182.3249969482422,182.43499755859375,144460
2026-03-02 18:46:00+00:00,182.2449951171875,182.4250030517578,182.22999572753906,182.39999389648438,172291
2026-03-02 18:47:00+00:00,182.1699981689453,182.27000427246094,182.10000610351562,182.24749755859375,356242
2026-03-02 18:48:00+00:00,182.3300018310547,182.35000610351562,182.13999938964844,182.1699981689453,190787
2026-03-02 18:49:00+00:00,182.2899932861328,182.3699951171875,182.23500061035156,182.3249969482422,161537
2026-03-02 18:50:00+00:00,182.28269958496094,182.3350067138672,182.24000549316406,182.2949981689453,138836
2026-03-02 18:51:00+00:00,182.1750030517578,182.30999755859375,182.13499450683594,182.2899932861328,155961
2026-03-02 18:52:00+00:00,182.22000122070312,182.24000549316406,182.1199951171875,182.1793975830078,129711
2026-03-02 18:53:00+00:00,182.34500122070312,182.41000366210938,182.2100067138672,182.22000122070312,424476
2026-03-02 18:54:00+00:00,182.25999450683594,182.3498992919922,182.24000549316406,182.3441925048828,96637
2026-03-02 18:55:00+00:00,182.16000366210938,182.32000732421875,182.125,182.26499938964844,42331448
2026-03-02 18:56:00+00:00,182.2050018310547,182.27999877929688,182.1529998779297,182.15989685058594,0
2026-03-02 18:57:00+00:00,182.1649932861328,182.22000122070312,182.12010192871094,182.2100067138672,116636
2026-03-02 18:58:00+00:00,182.10000610351562,182.19000244140625,182.0601043701172,182.1750030517578,168292
2026-03-02 18:59:00+00:00,182.06500244140625,182.17999267578125,182.04400634765625,182.08999633789062,148240
2026-03-02 19:00:00+00:00,182.06500244140625,182.13099670410156,182.0,182.07000732421875,203641
2026-03-02 19:01:00+00:00,182.03500366210938,182.1699981689453,181.97999572753906,182.07000732421875,217077
2026-03-02 19:02:00+00:00,182.10000610351562,182.1300048828125,181.9499969482422,182.0200958251953,168207
2026-03-02 19:03:00+00:00,182.1300048828125,182.16000366210938,182.00999450683594,182.08999633789062,148163
2026-03-02 19:04:00+00:00,182.13499450683594,182.22999572753906,182.11500549316406,182.12379455566406,120362
2026-03-02 19:05:00+00:00,182.10000610351562,182.16000366210938,182.07000732421875,182.1300048828125,98364
2026-03-02 19:06:00+00:00,182.11709594726562,182.19000244140625,182.05999755859375,182.10000610351562,118020
2026-03-02 19:07:00+00:00,182.14500427246094,182.26820373535156,182.0500030517578,182.11500549316406,207843
2026-03-02 19:08:00+00:00,182.15699768066406,182.24000549316406,182.11000061035156,182.14999389648438,43328267
2026-03-02 19:09:00+00:00,182.44000244140625,182.47000122070312,182.08999633789062,182.15499877929688,0
2026-03-02 19:10:00+00:00,182.33070373535156,182.4698944091797,182.32000732421875,182.4250030517578,144560
2026-03-02 19:11:00+00:00,182.69500732421875,182.6999969482422,182.27000427246094,182.3300018310547,287369
2026-03-02 19:12:00+00:00,182.67999267578125,182.7100067138672,182.60000610351562,182.6999969482422,223187
2026-03-02 19:13:00+00:00,182.55499267578125,182.68499755859375,182.55499267578125,182.68499755859375,154690
2026-03-02 19:14:00+00:00,182.6199951171875,182.7100067138672,182.47999572753906,182.5500030517578,181801
2026-03-02 19:15:00+00:00,182.6999969482422,182.80799865722656,182.6208953857422,182.62989807128906,218978
2026-03-02 19:16:00+00:00,182.80499267578125,182.8300018310547,182.69000244140625,182.7050018310547,226072
2026-03-02 19:17:00+00:00,182.77499389648438,182.8699951171875,182.75,182.8249969482422,150065
2026-03-02 19:18:00+00:00,182.78500366210938,182.7899932861328,182.7100067138672,182.77940368652344,134011
2026-03-02 19:19:00+00:00,182.71499633789062,182.7949981689453,182.61000061035156,182.77999877929688,204139
2026-03-02 19:20:00+00:00,182.82000732421875,182.85000610351562,182.6699981689453,182.7100067138672,158245
2026-03-02 19:21:00+00:00,182.8300018310547,182.91000366210938,182.78500366210938,182.82000732421875,193124
2026-03-02 19:22:00+00:00,182.71969604492188,182.8300018310547,182.69000244140625,182.8249969482422,153559
2026-03-02 19:23:00+00:00,182.63009643554688,182.72000122070312,182.5399932861328,182.7100067138672,208254
2026-03-02 19:24:00+00:00,182.5850067138672,182.639892578125,182.5500030517578,182.639892578125,135218
2026-03-02 19:25:00+00:00,182.4250030517578,182.66000366210938,182.40499877929688,182.58009338378906,225511
2026-03-02 19:26:00+00:00,182.48500061035156,182.48699951171875,182.3800048828125,182.4250030517578,148076
2026-03-02 19:27:00+00:00,182.69500732421875,182.72000122070312,182.4600067138672,182.5,45035395
2026-03-02 19:28:00+00:00,182.6750030517578,182.72000122070312,182.58999633789062,182.69500732421875,0
2026-03-02 19:29:00+00:00,182.64500427246094,182.69000244140625,182.5800018310547,182.6699981689453,45051330
2026-03-02 19:30:00+00:00,182.64500427246094,182.72000122070312,182.55999755859375,182.64500427246094,0
2026-03-02 19:31:00+00:00,182.49000549316406,182.68499755859375,182.47999572753906,182.6300048828125,154946
2026-03-02 19:32:00+00:00,182.49000549316406,182.625,182.44500732421875,182.4949951171875,142994
2026-03-02 19:33:00+00:00,182.5749969482422,182.6199951171875,182.47000122070312,182.49000549316406,92690
2026-03-02 19:34:00+00:00,182.55999755859375,182.69500732421875,182.5500030517578,182.56500244140625,160547
2026-03-02 19:35:00+00:00,182.5198974609375,182.55999755859375,182.47000122070312,182.5500030517578,121234
2026-03-02 19:36:00+00:00,182.47970581054688,182.58999633789062,182.4600067138672,182.50999450683594,145920
2026-03-02 19:37:00+00:00,182.68499755859375,182.7100067138672,182.47900390625,182.47900390625,150655
2026-03-02 19:38:00+00:00,182.7270050048828,182.74000549316406,182.6699981689453,182.68850708007812,126348
2026-03-02 19:39:00+00:00,182.6199951171875,182.77000427246094,182.61000061035156,182.72500610351562,125626
2026-03-02 19:40:00+00:00,182.69500732421875,182.74000549316406,182.62289428710938,182.62289428710938,107530
2026-03-02 19:41:00+00:00,182.875,182.8800048828125,182.6750030517578,182.69000244140625,140024
2026-03-02 19:42:00+00:00,182.84500122070312,182.89999389648438,182.80999755859375,182.875,131459
2026-03-02 19:43:00+00:00,182.68499755859375,182.85499572753906,182.67999267578125,182.85000610351562,152311
2026-03-02 19:44:00+00:00,182.65499877929688,182.75999450683594,182.61500549316406,182.68499755859375,120909
2026-03-02 19:45:00+00:00,182.68499755859375,182.74000549316406,182.65499877929688,182.65499877929688,112857
2026-03-02 19:46:00+00:00,182.68719482421875,182.7550048828125,182.6300048828125,182.6898956298828,110501
2026-03-02 19:47:00+00:00,182.77499389648438,182.82009887695312,182.66000366210938,182.6750030517578,140497
2026-03-02 19:48:00+00:00,182.7949981689453,182.8498992919922,182.75999450683594,182.77999877929688,154241
2026-03-02 19:49:00+00:00,182.8697052001953,182.8699951171875,182.7100067138672,182.793701171875,160875
2026-03-02 19:50:00+00:00,182.78500366210938,182.8800048828125,182.67999267578125,182.86500549316406,161875
2026-03-02 19:51:00+00:00,182.87010192871094,182.9499969482422,182.7899932861328,182.7949981689453,194789
2026-03-02 19:52:00+00:00,182.9199981689453,182.9600067138672,182.875,182.875,204596
2026-03-02 19:53:00+00:00,182.9149932861328,182.92999267578125,182.82000732421875,182.9149932861328,154392
2026-03-02 19:54:00+00:00,183.01499938964844,183.0500030517578,182.88999938964844,182.88999938964844,278936
2026-03-02 19:55:00+00:00,182.9600067138672,183.02000427246094,182.92100524902344,183.02000427246094,162439
2026-03-02 19:56:00+00:00,182.9423065185547,182.96730041503906,182.875,182.96730041503906,133411
2026-03-02 19:57:00+00:00,182.87289428710938,182.97999572753906,182.85000610351562,182.94500732421875,127427
2026-03-02 19:58:00+00:00,182.81500244140625,182.8970947265625,182.8000030517578,182.875,146813
2026-03-02 19:59:00+00:00,182.8072967529297,182.83709716796875,182.73500061035156,182.81500244140625,122411
2026-03-02 20:00:00+00:00,182.4949951171875,182.8350067138672,182.4600067138672,182.8072967529297,264959
2026-03-02 20:01:00+00:00,182.5605926513672,182.6199951171875,182.47000122070312,182.4949951171875,166687
2026-03-02 20:02:00+00:00,182.52000427246094,182.55999755859375,182.46499633789062,182.55999755859375,81825
2026-03-02 20:03:00+00:00,182.625,182.63999938964844,182.53500366210938,182.55999755859375,47074417
2026-03-02 20:04:00+00:00,182.72900390625,182.77000427246094,182.5800018310547,182.62010192871094,287331
2026-03-02 20:05:00+00:00,182.7899932861328,182.85000610351562,182.6750030517578,182.73500061035156,229009
2026-03-02 20:06:00+00:00,182.5500946044922,182.83999633789062,182.33999633789062,182.79010009765625,541655
2026-03-02 20:07:00+00:00,182.19000244140625,182.57000732421875,182.16000366210938,182.57000732421875,446873
2026-03-02 20:08:00+00:00,181.97500610351562,182.24000549316406,181.9199981689453,182.1649932861328,473642
2026-03-02 20:09:00+00:00,182.0399932861328,182.16000366210938,181.89999389648438,181.9600067138672,505214
2026-03-02 20:10:00+00:00,181.94000244140625,182.0500030517578,181.82000732421875,182.0399932861328,518083
2026-03-02 20:11:00+00:00,181.91000366210938,181.9600067138672,181.72000122070312,181.9199981689453,462552
2026-03-02 20:12:00+00:00,181.81500244140625,181.94000244140625,181.64500427246094,181.9199981689453,350027
2026-03-02 20:13:00+00:00,181.93499755859375,181.97000122070312,181.7100067138672,181.8300018310547,396489
2026-03-02 20:14:00+00:00,181.8300018310547,182.0301055908203,181.74000549316406,181.94500732421875,385864
2026-03-02 20:15:00+00:00,181.72000122070312,181.85000610351562,181.66009521484375,181.80999755859375,467591
2026-03-02 20:16:00+00:00,182.10499572753906,182.2698974609375,181.7209930419922,181.7209930419922,562919
2026-03-02 20:17:00+00:00,182.25,182.33990478515625,182.07000732421875,182.125,302728
2026-03-02 20:18:00+00:00,182.46499633789062,182.50999450683594,182.23500061035156,182.2550048828125,406789
2026-03-02 20:19:00+00:00,182.3699951171875,182.5399932861328,182.21499633789062,182.47000122070312,368315
2026-03-02 20:20:00+00:00,182.44000244140625,182.5399932861328,182.1300048828125,182.3800048828125,455497
2026-03-02 20:21:00+00:00,182.31370544433594,182.4499969482422,182.30999755859375,182.44000244140625,275228
2026-03-02 20:22:00+00:00,182.2445068359375,182.4499969482422,182.24000549316406,182.3300018310547,275924
2026-03-02 20:23:00+00:00,182.38999938964844,182.38999938964844,182.14999389648438,182.2449951171875,240113
2026-03-02 20:24:00+00:00,182.27499389648438,182.44000244140625,182.27000427246094,182.39500427246094,226158
2026-03-02 20:25:00+00:00,182.32000732421875,182.3800048828125,182.23350524902344,182.2550048828125,225932
2026-03-02 20:26:00+00:00,182.14500427246094,182.36990356445312,182.12989807128906,182.31500244140625,218806
2026-03-02 20:27:00+00:00,182.05999755859375,182.16990661621094,182.0399932861328,182.16000366210938,252953
2026-03-02 20:28:00+00:00,182.2700958251953,182.39999389648438,182.0399932861328,182.05999755859375,262278
2026-03-02 20:29:00+00:00,182.14999389648438,182.32760620117188,182.12030029296875,182.27999877929688,227468
2026-03-02 20:30:00+00:00,182.19000244140625,182.28500366210938,182.13499450683594,182.1699981689453,225632
2026-03-02 20:31:00+00:00,182.1699981689453,182.24000549316406,182.03500366210938,182.2050018310547,260398
2026-03-02 20:32:00+00:00,182.30499267578125,182.36000061035156,182.16000366210938,182.19000244140625,236904
2026-03-02 20:33:00+00:00,182.3491973876953,182.39999389648438,182.24000549316406,182.3000030517578,247663
2026-03-02 20:34:00+00:00,182.38999938964844,182.43499755859375,182.32000732421875,182.33999633789062,279816
2026-03-02 20:35:00+00:00,182.05999755859375,182.41709899902344,182.0399932861328,182.41000366210938,350287
2026-03-02 20:36:00+00:00,182.0500030517578,182.16990661621094,181.99000549316406,182.05999755859375,360532
2026-03-02 20:37:00+00:00,182.13499450683594,182.2899932861328,182.05999755859375,182.05999755859375,278687
2026-03-02 20:38:00+00:00,182.33999633789062,182.36500549316406,182.12010192871094,182.1300048828125,322857
2026-03-02 20:39:00+00:00,182.33999633789062,182.39999389648438,182.27999877929688,182.36000061035156,326222
2026-03-02 20:40:00+00:00,182.1999969482422,182.41000366210938,182.16000366210938,182.3350067138672,291378
2026-03-02 20:41:00+00:00,182.02999877929688,182.25,182.01499938964844,182.18499755859375,318640
2026-03-02 20:42:00+00:00,182.1999969482422,182.24000549316406,182.02859497070312,182.03990173339844,293315
2026-03-02 20:43:00+00:00,182.13999938964844,182.2100067138672,182.05999755859375,182.20010375976562,225365
2026-03-02 20:44:00+00:00,182.22999572753906,182.25,182.06500244140625,182.13999938964844,263438
2026-03-02 20:45:00+00:00,182.16000366210938,182.27499389648438,182.05999755859375,182.22000122070312,314071
2026-03-02 20:46:00+00:00,182.30270385742188,182.47999572753906,182.1699981689453,182.1699981689453,469897
2026-03-02 20:47:00+00:00,182.30999755859375,182.4355010986328,182.26710510253906,182.30499267578125,377234
2026-03-02 20:48:00+00:00,182.2100067138672,182.41000366210938,182.19000244140625,182.3029022216797,479012
2026-03-02 20:49:00+00:00,182.27499389648438,182.31979370117188,182.17999267578125,182.2050018310547,287314
2026-03-02 20:50:00+00:00,182.26809692382812,182.4499969482422,182.05999755859375,182.2899932861328,575995
2026-03-02 20:51:00+00:00,182.3800048828125,182.4199981689453,182.14999389648438,182.27499389648438,412938
2026-03-02 20:52:00+00:00,182.47999572753906,182.52000427246094,182.3350067138672,182.3800048828125,384735
2026-03-02 20:53:00+00:00,182.3300018310547,182.51710510253906,182.3300018310547,182.47999572753906,424043
2026-03-02 20:54:00+00:00,182.8249969482422,182.8300018310547,182.3000030517578,182.3249969482422,869399
2026-03-02 20:55:00+00:00,182.59500122070312,182.82989501953125,182.52999877929688,182.8000030517578,867644
2026-03-02 20:56:00+00:00,182.52000427246094,182.6699981689453,182.41000366210938,182.60000610351562,1003959
2026-03-02 20:57:00+00:00,182.68499755859375,182.77000427246094,182.4949951171875,182.51499938964844,815070
2026-03-02 20:58:00+00:00,182.56500244140625,182.75050354003906,182.55999755859375,182.69000244140625,1096027
2026-03-02 20:59:00+00:00,182.35000610351562,182.64999389648438,182.35000610351562,182.57000732421875,3177955
2026-03-03 14:30:00+00:00,179.77999877929688,179.7855987548828,178.4774932861328,178.4774932861328,11182205
2026-03-03 14:31:00+00:00,178.83999633789062,180.52999877929688,178.66000366210938,179.7700958251953,1711563
2026-03-03 14:32:00+00:00,178.2843017578125,179.32000732421875,178.14999389648438,178.89999389648438,1270856
2026-03-03 14:33:00+00:00,178.80580139160156,178.8800048828125,178.25,178.27749633789062,924488
2026-03-03 14:34:00+00:00,178.07000732421875,178.82000732421875,177.99000549316406,178.81700134277344,1200981
2026-03-03 14:35:00+00:00,178.48500061035156,178.7050018310547,178.0399932861328,178.05499267578125,1136309
2026-03-03 14:36:00+00:00,178.8350067138672,179.3000030517578,178.3800048828125,178.48500061035156,1282024
2026-03-03 14:37:00+00:00,179.5850067138672,179.66000366210938,178.8800048828125,178.88999938964844,822908
2026-03-03 14:38:00+00:00,179.75999450683594,180.0399932861328,179.44000244140625,179.57000732421875,1162871
2026-03-03 14:39:00+00:00,179.24000549316406,180.10000610351562,179.22999572753906,179.75990295410156,875705
2026-03-03 14:40:00+00:00,179.32000732421875,179.38999938964844,179.02000427246094,179.24009704589844,690869
2026-03-03 14:41:00+00:00,178.9405059814453,179.36000061035156,178.88999938964844,179.31260681152344,607404
2026-03-03 14:42:00+00:00,178.73500061035156,179.00999450683594,178.42999267578125,178.9600067138672,761137
2026-03-03 14:43:00+00:00,178.6699981689453,178.92999267578125,178.52999877929688,178.6999969482422,548690
2026-03-03 14:44:00+00:00,178.44500732421875,178.88999938964844,178.32000732421875,178.6699981689453,621638
2026-03-03 14:45:00+00:00,178.81939697265625,178.85629272460938,178.2449951171875,178.4199981689453,880501
2026-03-03 14:46:00+00:00,179.13999938964844,179.3249969482422,178.80999755859375,178.81500244140625,917651
2026-03-03 14:47:00+00:00,178.86500549316406,179.23500061035156,178.63499450683594,179.14500427246094,510002
2026-03-03 14:48:00+00:00,178.55999755859375,178.8800048828125,178.35609436035156,178.85000610351562,459229
2026-03-03 14:49:00+00:00,178.8699951171875,178.99000549316406,178.55999755859375,178.55999755859375,482904
2026-03-03 14:50:00+00:00,179.1051025390625,179.27000427246094,178.64999389648438,178.875,663018
2026-03-03 14:51:00+00:00,179.36990356445312,179.6699981689453,179.16000366210938,179.16000366210938,720197
2026-03-03 14:52:00+00:00,179.02499389648438,179.57000732421875,178.8800048828125,179.36000061035156,576489
2026-03-03 14:53:00+00:00,179.2949981689453,179.32000732421875,178.89999389648438,179.0198974609375,471197
2026-03-03 14:54:00+00:00,178.97509765625,179.4199981689453,178.80999755859375,179.3000030517578,487985
2026-03-03 14:55:00+00:00,178.87989807128906,179.1313018798828,178.7449951171875,179.0050048828125,482084
2026-03-03 14:56:00+00:00,178.69500732421875,178.91529846191406,178.5800018310547,178.8800048828125,415863
2026-03-03 14:57:00+00:00,179.02999877929688,179.06129455566406,178.6199951171875,178.67999267578125,485094
2026-03-03 14:58:00+00:00,178.58999633789062,179.02999877929688,178.47999572753906,179.02999877929688,529485
2026-03-03 14:59:00+00:00,178.83999633789062,178.90499877929688,178.5399932861328,178.59500122070312,427524
2026-03-03 15:00:00+00:00,179.30999755859375,179.5198974609375,178.75,178.8300018310547,796770
2026-03-03 15:01:00+00:00,178.94000244140625,179.77999877929688,178.93499755859375,179.31500244140625,599962
2026-03-03 15:02:00+00:00,178.8300018310547,179.27499389648438,178.77000427246094,178.94580078125,463755
2026-03-03 15:03:00+00:00,179.0,179.17010498046875,178.7899932861328,178.85000610351562,437631
2026-03-03 15:04:00+00:00,179.0,179.09500122070312,178.74000549316406,179.01010131835938,361458
2026-03-03 15:05:00+00:00,179.15499877929688,179.1750030517578,178.63999938964844,179.0,490188
2026-03-03 15:06:00+00:00,179.4600067138672,179.60499572753906,179.06500244140625,179.15499877929688,646552
2026-03-03 15:07:00+00:00,179.16000366210938,179.66000366210938,179.14999389648438,179.4600067138672,541894
2026-03-03 15:08:00+00:00,179.41000366210938,179.4199981689453,179.05999755859375,179.17990112304688,418209
2026-03-03 15:09:00+00:00,179.61019897460938,179.7301025390625,179.38999938964844,179.42999267578125,631080
2026-03-03 15:10:00+00:00,179.375,179.6300048828125,179.22000122070312,179.6300048828125,480649
2026-03-03 15:11:00+00:00,179.62100219726562,179.8249969482422,179.30999755859375,179.39500427246094,497065
2026-03-03 15:12:00+00:00,179.76499938964844,180.02999877929688,179.57000732421875,179.63009643554688,1156085
2026-03-03 15:13:00+00:00,179.5,179.8699951171875,179.47999572753906,179.75999450683594,512383
2026-03-03 15:14:00+00:00,179.91000366210938,179.9499969482422,179.50999450683594,179.5198974609375,452412
2026-03-03 15:15:00+00:00,179.55999755859375,180.00999450683594,179.5500946044922,179.9199981689453,464547
2026-03-03 15:16:00+00:00,179.1699981689453,179.65660095214844,179.10000610351562,179.56500244140625,529205
2026-03-03 15:17:00+00:00,179.10000610351562,179.1699981689453,178.94000244140625,179.15499877929688,460630
2026-03-03 15:18:00+00:00,178.74000549316406,179.08999633789062,178.67010498046875,179.0749969482422,538713
2026-03-03 15:19:00+00:00,178.7449951171875,178.7899932861328,178.5800018310547,178.7449951171875,521824
2026-03-03 15:20:00+00:00,178.32000732421875,178.8000946044922,178.32000732421875,178.74000549316406,626411
2026-03-03 15:21:00+00:00,178.0800018310547,178.3699951171875,178.0749969482422,178.3300018310547,633310
2026-03-03 15:22:00+00:00,177.96499633789062,178.2100067138672,177.94000244140625,178.09500122070312,780297
2026-03-03 15:23:00+00:00,178.19500732421875,178.20989990234375,177.86990356445312,177.95010375976562,775908
2026-03-03 15:24:00+00:00,178.21499633789062,178.38499450683594,178.0,178.17649841308594,706365
2026-03-03 15:25:00+00:00,177.9600067138672,178.36489868164062,177.86000061035156,178.2100067138672,588309
2026-03-03 15:26:00+00:00,178.07000732421875,178.22000122070312,177.9062957763672,177.96029663085938,601981
2026-03-03 15:27:00+00:00,178.21510314941406,178.27000427246094,177.9949951171875,178.07000732421875,607337
2026-03-03 15:28:00+00:00,177.80499267578125,178.25210571289062,177.80499267578125,178.25,540560
2026-03-03 15:29:00+00:00,177.77000427246094,177.92999267578125,177.72000122070312,177.80999755859375,540563
2026-03-03 15:30:00+00:00,178.0500030517578,178.16000366210938,177.75999450683594,177.75999450683594,634698
2026-03-03 15:31:00+00:00,178.57000732421875,178.72999572753906,178.02000427246094,178.0449981689453,778165
2026-03-03 15:32:00+00:00,178.2100067138672,178.63499450683594,178.14999389648438,178.5601043701172,549013
2026-03-03 15:33:00+00:00,178.08999633789062,178.2550048828125,178.02000427246094,178.21499633789062,448938
2026-03-03 15:34:00+00:00,177.67059326171875,178.16000366210938,177.6199951171875,178.08180236816406,656732
2026-03-03 15:35:00+00:00,177.82000732421875,177.947998046875,177.66000366210938,177.69500732421875,541263
2026-03-03 15:36:00+00:00,178.07989501953125,178.1999969482422,177.69000244140625,177.80499267578125,551678
2026-03-03 15:37:00+00:00,178.01010131835938,178.3249969482422,177.9499969482422,178.0865936279297,454908
2026-03-03 15:38:00+00:00,177.7899932861328,178.0800018310547,177.75,178.02000427246094,350265
2026-03-03 15:39:00+00:00,178.0850067138672,178.21499633789062,177.7899932861328,177.80999755859375,442060
2026-03-03 15:40:00+00:00,178.05999755859375,178.30499267578125,177.95509338378906,178.0850067138672,556838
2026-03-03 15:41:00+00:00,177.94650268554688,178.1999969482422,177.93499755859375,178.0399932861328,379025
2026-03-03 15:42:00+00:00,177.8498992919922,178.10980224609375,177.74000549316406,177.94000244140625,428123
2026-03-03 15:43:00+00:00,177.41000366210938,177.85499572753906,177.375,177.85499572753906,718843
2026-03-03 15:44:00+00:00,177.36000061035156,177.46279907226562,177.1999969482422,177.41000366210938,636174
2026-03-03 15:45:00+00:00,177.5850067138672,177.66000366210938,177.3350067138672,177.3350067138672,426343
2026-03-03 15:46:00+00:00,177.68499755859375,177.94009399414062,177.51499938964844,177.5800018310547,423080
2026-03-03 15:47:00+00:00,177.69000244140625,177.7899932861328,177.49000549316406,177.68499755859375,382714
2026-03-03 15:48:00+00:00,177.5449981689453,177.77999877929688,177.49000549316406,177.68499755859375,302897
2026-03-03 15:49:00+00:00,177.42660522460938,177.58999633789062,177.25999450683594,177.55999755859375,391517
2026-03-03 15:50:00+00:00,177.3000030517578,177.4149932861328,177.10000610351562,177.4149932861328,544642
2026-03-03 15:51:00+00:00,177.5,177.6300048828125,177.2949981689453,177.33999633789062,414232
2026-03-03 15:52:00+00:00,177.3300018310547,177.8000030517578,177.31500244140625,177.4949951171875,475901
2026-03-03 15:53:00+00:00,177.19000244140625,177.47000122070312,177.08999633789062,177.33999633789062,347605
2026-03-03 15:54:00+00:00,176.96200561523438,177.21499633789062,176.94000244140625,177.18870544433594,767923
2026-03-03 15:55:00+00:00,177.00999450683594,177.0800018310547,176.9199981689453,176.97000122070312,362895
2026-03-03 15:56:00+00:00,177.05999755859375,177.4600067138672,176.98500061035156,177.02999877929688,729206
2026-03-03 15:57:00+00:00,177.22999572753906,177.27000427246094,176.9600067138672,177.05999755859375,506571
2026-03-03 15:58:00+00:00,177.36990356445312,177.5,177.25999450683594,177.27000427246094,523815
2026-03-03 15:59:00+00:00,177.51710510253906,177.6199951171875,177.36000061035156,177.36000061035156,522379
2026-03-03 16:00:00+00:00,177.6199951171875,177.7165985107422,177.38999938964844,177.51010131835938,546075
2026-03-03 16:01:00+00:00,177.875,177.96580505371094,177.58999633789062,177.58999633789062,560810
2026-03-03 16:02:00+00:00,177.9199981689453,177.985107421875,177.74000549316406,177.88499450683594,488762
2026-03-03 16:03:00+00:00,178.44500732421875,178.4499969482422,177.8699951171875,177.91000366210938,658314
2026-03-03 16:04:00+00:00,178.90499877929688,178.9149932861328,178.3300018310547,178.44500732421875,1261865
2026-03-03 16:05:00+00:00,179.375,179.38999938964844,178.88369750976562,178.9001007080078,974069
2026-03-03 16:06:00+00:00,179.7899932861328,179.9199981689453,179.35499572753906,179.36500549316406,1261047
2026-03-03 16:07:00+00:00,179.82989501953125,179.85499572753906,179.65499877929688,179.7949981689453,628711
2026-03-03 16:08:00+00:00,179.99000549316406,180.0,179.6999969482422,179.81500244140625,939075
2026-03-03 16:09:00+00:00,179.55499267578125,180.0050048828125,179.42999267578125,179.99000549316406,754504
2026-03-03 16:10:00+00:00,179.49000549316406,179.57000732421875,179.25999450683594,179.5500030517578,550745
2026-03-03 16:11:00+00:00,179.1999969482422,179.47500610351562,179.09500122070312,179.47500610351562,533321
2026-03-03 16:12:00+00:00,179.2899932861328,179.39999389648438,179.14669799804688,179.21499633789062,346393
2026-03-03 16:13:00+00:00,179.7550048828125,179.8000030517578,179.25999450683594,179.3029022216797,552303
2026-03-03 16:14:00+00:00,179.57000732421875,179.77000427246094,179.47500610351562,179.75999450683594,435934
2026-03-03 16:15:00+00:00,179.735107421875,179.74000549316406,179.5500030517578,179.57699584960938,458388
2026-03-03 16:16:00+00:00,179.62989807128906,179.71499633789062,179.4600067138672,179.71499633789062,335043
2026-03-03 16:17:00+00:00,179.71400451660156,179.80499267578125,179.5998992919922,179.64500427246094,331999
2026-03-03 16:18:00+00:00,179.8000946044922,179.9499969482422,179.625,179.71060180664062,419607
2026-03-03 16:19:00+00:00,179.64450073242188,179.86000061035156,179.58999633789062,179.8300018310547,372590
2026-03-03 16:20:00+00:00,179.66419982910156,179.85000610351562,179.52000427246094,179.66000366210938,351347
2026-03-03 16:21:00+00:00,179.54989624023438,179.64999389648438,179.46009826660156,179.64999389648438,358687
2026-03-03 16:22:00+00:00,179.3699951171875,179.54969787597656,179.16009521484375,179.5399932861328,529364
2026-03-03 16:23:00+00:00,179.63999938964844,179.80499267578125,179.36990356445312,179.38499450683594,391671
2026-03-03 16:24:00+00:00,179.75999450683594,179.75999450683594,179.4199981689453,179.63999938964844,362514
2026-03-03 16:25:00+00:00,179.77999877929688,179.8350067138672,179.64500427246094,179.77000427246094,286713
2026-03-03 16:26:00+00:00,179.55499267578125,179.8249969482422,179.4600067138672,179.80999755859375,389612
2026-03-03 16:27:00+00:00,179.47999572753906,179.72999572753906,179.40499877929688,179.5500030517578,356191
2026-03-03 16:28:00+00:00,179.42999267578125,179.63999938964844,179.35000610351562,179.47999572753906,280779
2026-03-03 16:29:00+00:00,179.31500244140625,179.55999755859375,179.3000030517578,179.43499755859375,271758
2026-03-03 16:30:00+00:00,179.27000427246094,179.3699951171875,179.1300048828125,179.31500244140625,465603
2026-03-03 16:31:00+00:00,179.14999389648438,179.2949981689453,179.08999633789062,179.27940368652344,282027
2026-03-03 16:32:00+00:00,179.0800018310547,179.16000366210938,178.94000244140625,179.14990234375,491705
2026-03-03 16:33:00+00:00,179.19000244140625,179.24769592285156,179.0500030517578,179.11019897460938,315901
2026-03-03 16:34:00+00:00,179.47999572753906,179.55999755859375,179.2050018310547,179.2050018310547,349685
2026-03-03 16:35:00+00:00,179.58999633789062,179.6945037841797,179.48680114746094,179.49009704589844,369928
2026-03-03 16:36:00+00:00,179.63499450683594,179.7949981689453,179.53500366210938,179.60000610351562,289836
2026-03-03 16:37:00+00:00,179.53500366210938,179.67999267578125,179.4499969482422,179.6300048828125,264967
2026-03-03 16:38:00+00:00,179.43499755859375,179.5399932861328,179.25,179.53500366210938,391175
2026-03-03 16:39:00+00:00,179.48989868164062,179.51499938964844,179.34500122070312,179.4250030517578,241369
2026-03-03 16:40:00+00:00,179.4477996826172,179.48500061035156,179.3000030517578,179.47999572753906,192025
2026-03-03 16:41:00+00:00,179.35000610351562,179.5399932861328,179.33999633789062,179.4550018310547,182124
2026-03-03 16:42:00+00:00,179.35000610351562,179.44000244140625,179.110107421875,179.3300018310547,330484
2026-03-03 16:43:00+00:00,179.5756072998047,179.6300048828125,179.06500244140625,179.33200073242188,539956
2026-03-03 16:44:00+00:00,179.8300018310547,179.83999633789062,179.47500610351562,179.5800018310547,413715
2026-03-03 16:45:00+00:00,179.9949951171875,180.0,179.75,179.8300018310547,483220
2026-03-03 16:46:00+00:00,180.4199981689453,180.52999877929688,179.92999267578125,179.9949951171875,738554
2026-03-03 16:47:00+00:00,180.27560424804688,180.44000244140625,180.24000549316406,180.41000366210938,458248
2026-03-03 16:48:00+00:00,180.3350067138672,180.38150024414062,180.08999633789062,180.28500366210938,330480
2026-03-03 16:49:00+00:00,180.22999572753906,180.35000610351562,179.97999572753906,180.35000610351562,410493
2026-03-03 16:50:00+00:00,180.08399963378906,180.23500061035156,179.97000122070312,180.23500061035156,362346
2026-03-03 16:51:00+00:00,180.02999877929688,180.21929931640625,179.97999572753906,180.08999633789062,279301
2026-03-03 16:52:00+00:00,180.0800018310547,180.19000244140625,179.9499969482422,180.02940368652344,281162
2026-03-03 16:53:00+00:00,180.22999572753906,180.27000427246094,180.04010009765625,180.0800018310547,222660
2026-03-03 16:54:00+00:00,180.3520965576172,180.3551025390625,180.10000610351562,180.24000549316406,284638
2026-03-03 16:55:00+00:00,180.46090698242188,180.52000427246094,180.3300018310547,180.35499572753906,452154
2026-03-03 16:56:00+00:00,180.63999938964844,180.64999389648438,180.27499389648438,180.47500610351562,595434
2026-03-03 16:57:00+00:00,180.47000122070312,180.64999389648438,180.4550018310547,180.64999389648438,331227
2026-03-03 16:58:00+00:00,180.30979919433594,180.60000610351562,180.23500061035156,180.47500610351562,378050
2026-03-03 16:59:00+00:00,180.03500366210938,180.35000610351562,179.98500061035156,180.30999755859375,441437
2026-03-03 17:00:00+00:00,180.07000732421875,180.2449951171875,179.9398956298828,180.0500030517578,383210
2026-03-03 17:01:00+00:00,179.89999389648438,180.125,179.83999633789062,180.0800018310547,884696
2026-03-03 17:02:00+00:00,179.875,179.9199981689453,179.63999938964844,179.91000366210938,376761
2026-03-03 17:03:00+00:00,179.8249969482422,179.92999267578125,179.75999450683594,179.8800048828125,204311
2026-03-03 17:04:00+00:00,180.13999938964844,180.15499877929688,179.72000122070312,179.8385009765625,399692
2026-03-03 17:05:00+00:00,180.03500366210938,180.13999938964844,179.92999267578125,180.13999938964844,226496
2026-03-03 17:06:00+00:00,180.10499572753906,180.1300048828125,180.00010681152344,180.0500030517578,188255
2026-03-03 17:07:00+00:00,180.0500030517578,180.17999267578125,179.9499969482422,180.11500549316406,291136
2026-03-03 17:08:00+00:00,179.90499877929688,180.0749969482422,179.9001007080078,180.0500030517578,405567
2026-03-03 17:09:00+00:00,179.73629760742188,179.9600067138672,179.67999267578125,179.91000366210938,314925
2026-03-03 17:10:00+00:00,179.66990661621094,179.80999755859375,179.5800018310547,179.75999450683594,269902
2026-03-03 17:11:00+00:00,179.55999755859375,179.72999572753906,179.5,179.6750030517578,268720
2026-03-03 17:12:00+00:00,179.48989868164062,179.64500427246094,179.33999633789062,179.57000732421875,401613
2026-03-03 17:13:00+00:00,179.57000732421875,179.6999969482422,179.48500061035156,179.4871063232422,202075
2026-03-03 17:14:00+00:00,179.80499267578125,179.82000732421875,179.57000732421875,179.57000732421875,239042
2026-03-03 17:15:00+00:00,179.72000122070312,179.82919311523438,179.625,179.80999755859375,235953
2026-03-03 17:16:00+00:00,179.58990478515625,179.8350067138672,179.5500030517578,179.72500610351562,224026
2026-03-03 17:17:00+00:00,179.77999877929688,179.81500244140625,179.5800018310547,179.5800018310547,157903
2026-03-03 17:18:00+00:00,179.8699951171875,179.9499969482422,179.72000122070312,179.77000427246094,268985
2026-03-03 17:19:00+00:00,179.9199981689453,179.98989868164062,179.86000061035156,179.8769989013672,173000
2026-03-03 17:20:00+00:00,179.61500549316406,179.94500732421875,179.5,179.93499755859375,319458
2026-03-03 17:21:00+00:00,179.80999755859375,179.83999633789062,179.5399932861328,179.6269989013672,187279
2026-03-03 17:22:00+00:00,179.8699951171875,179.88999938964844,179.7050018310547,179.81500244140625,168969
2026-03-03 17:23:00+00:00,179.81500244140625,179.9600067138672,179.76370239257812,179.86000061035156,256054
2026-03-03 17:24:00+00:00,179.9499969482422,179.9499969482422,179.78500366210938,179.80999755859375,274289
2026-03-03 17:25:00+00:00,180.0800018310547,180.1199951171875,179.91000366210938,179.94000244140625,320627
2026-03-03 17:26:00+00:00,179.88499450683594,180.0800018310547,179.8000030517578,180.07989501953125,265301
2026-03-03 17:27:00+00:00,179.89999389648438,180.00999450683594,179.83999633789062,179.87010192871094,202578
2026-03-03 17:28:00+00:00,180.13999938964844,180.13999938964844,179.88999938964844,179.89999389648438,201632
2026-03-03 17:29:00+00:00,180.10499572753906,180.2198944091797,180.10000610351562,180.14500427246094,0
2026-03-03 17:30:00+00:00,179.99000549316406,180.13499450683594,179.94000244140625,180.10000610351562,271298
2026-03-03 17:31:00+00:00,179.64500427246094,180.02999877929688,179.61000061035156,179.98989868164062,316842
2026-03-03 17:32:00+00:00,179.4199981689453,179.64999389648438,179.40499877929688,179.63999938964844,314825
2026-03-03 17:33:00+00:00,179.30999755859375,179.47999572753906,179.27999877929688,179.43499755859375,256558
2026-03-03 17:34:00+00:00,179.14999389648438,179.3249969482422,179.05999755859375,179.3101043701172,307028
2026-03-03 17:35:00+00:00,179.1300048828125,179.22000122070312,179.0050048828125,179.15499877929688,350497
2026-03-03 17:36:00+00:00,179.25,179.2899932861328,178.97999572753906,179.13400268554688,381508
2026-03-03 17:37:00+00:00,179.3699951171875,179.38999938964844,179.1728973388672,179.25999450683594,332858
2026-03-03 17:38:00+00:00,179.22500610351562,179.39999389648438,179.19009399414062,179.38510131835938,195466
2026-03-03 17:39:00+00:00,179.09500122070312,179.25,179.06629943847656,179.22000122070312,189752
2026-03-03 17:40:00+00:00,179.32989501953125,179.3300018310547,179.10000610351562,179.10499572753906,280964
2026-03-03 17:41:00+00:00,179.09500122070312,179.33999633789062,179.08009338378906,179.3350067138672,225073
2026-03-03 17:42:00+00:00,179.34010314941406,179.35000610351562,179.0800018310547,179.0989990234375,189473
2026-03-03 17:43:00+00:00,179.7050018310547,179.7100067138672,179.33999633789062,179.33999633789062,340994
2026-03-03 17:44:00+00:00,179.84500122070312,179.85000610351562,179.69009399414062,179.7100067138672,261810
2026-03-03 17:45:00+00:00,179.7698974609375,179.86000061035156,179.74000549316406,179.83999633789062,222735
2026-03-03 17:46:00+00:00,179.67010498046875,179.89999389648438,179.64999389648438,179.77000427246094,302114
2026-03-03 17:47:00+00:00,179.77000427246094,179.781494140625,179.65499877929688,179.67999267578125,146899
2026-03-03 17:48:00+00:00,179.89999389648438,179.92999267578125,179.7449951171875,179.76499938964844,233596
2026-03-03 17:49:00+00:00,179.9949951171875,180.02999877929688,179.89999389648438,179.9149932861328,272131
2026-03-03 17:50:00+00:00,179.84500122070312,179.99000549316406,179.7899932861328,179.99000549316406,196696
2026-03-03 17:51:00+00:00,180.02000427246094,180.0500030517578,179.8350067138672,179.83999633789062,206733
2026-03-03 17:52:00+00:00,179.9499969482422,180.02999877929688,179.8300018310547,180.02499389648438,179263
2026-03-03 17:53:00+00:00,179.7465057373047,179.97999572753906,179.6999969482422,179.9499969482422,240272
2026-03-03 17:54:00+00:00,179.66000366210938,179.78500366210938,179.55999755859375,179.75999450683594,239285
2026-03-03 17:55:00+00:00,179.69509887695312,179.69509887695312,179.5,179.64999389648438,191271
2026-03-03 17:56:00+00:00,179.60499572753906,179.75999450683594,179.58999633789062,179.69000244140625,155787
2026-03-03 17:57:00+00:00,179.69900512695312,179.7100067138672,179.52499389648438,179.6199951171875,190866
2026-03-03 17:58:00+00:00,179.6300048828125,179.74000549316406,179.6199951171875,179.7100067138672,134988
2026-03-03 17:59:00+00:00,179.58999633789062,179.6999969482422,179.5500946044922,179.6260986328125,126573
2026-03-03 18:00:00+00:00,179.7949981689453,179.80999755859375,179.57000732421875,179.5800018310547,193016
2026-03-03 18:01:00+00:00,180.0198974609375,180.05999755859375,179.7550048828125,179.7899932861328,406242
2026-03-03 18:02:00+00:00,180.09500122070312,180.19000244140625,180.01499938964844,180.01499938964844,231892
2026-03-03 18:03:00+00:00,179.92999267578125,180.08999633789062,179.86000061035156,180.08999633789062,346180
2026-03-03 18:04:00+00:00,180.0399932861328,180.0500030517578,179.8699951171875,179.9149932861328,225714
2026-03-03 18:05:00+00:00,179.97360229492188,180.10000610351562,179.85000610351562,180.0399932861328,212650
2026-03-03 18:06:00+00:00,179.93499755859375,180.14999389648438,179.86000061035156,179.97999572753906,241198
2026-03-03 18:07:00+00:00,179.83999633789062,179.97500610351562,179.77000427246094,179.9300994873047,154002
2026-03-03 18:08:00+00:00,179.97500610351562,180.00999450683594,179.84500122070312,179.84500122070312,153257
2026-03-03 18:09:00+00:00,179.99000549316406,180.0,179.80999755859375,179.97500610351562,181305
2026-03-03 18:10:00+00:00,179.8300018310547,180.02999877929688,179.7550048828125,179.99000549316406,183903
2026-03-03 18:11:00+00:00,179.73500061035156,179.94630432128906,179.64999389648438,179.8699951171875,201564
2026-03-03 18:12:00+00:00,179.8699951171875,179.8699951171875,179.74000549316406,179.74000549316406,176863
2026-03-03 18:13:00+00:00,179.61990356445312,179.8800048828125,179.59010314941406,179.8699951171875,205763
2026-03-03 18:14:00+00:00,179.6750030517578,179.6999969482422,179.4499969482422,179.61300659179688,291516
2026-03-03 18:15:00+00:00,179.5850067138672,179.72000122070312,179.55499267578125,179.68499755859375,206878
2026-03-03 18:16:00+00:00,179.63999938964844,179.72999572753906,179.5800018310547,179.58009338378906,163660
2026-03-03 18:17:00+00:00,179.8300018310547,179.86000061035156,179.63619995117188,179.63619995117188,242776
2026-03-03 18:18:00+00:00,179.74400329589844,179.8300018310547,179.6199951171875,179.8300018310547,184060
2026-03-03 18:19:00+00:00,179.9199981689453,179.9459991455078,179.69000244140625,179.7449951171875,202160
2026-03-03 18:20:00+00:00,180.21499633789062,180.26499938964844,179.9149932861328,179.92300415039062,416030
2026-03-03 18:21:00+00:00,180.25,180.27000427246094,180.1750030517578,180.22000122070312,423696
2026-03-03 18:22:00+00:00,180.28370666503906,180.39999389648438,180.22000122070312,180.23500061035156,337610
2026-03-03 18:23:00+00:00,180.2801055908203,180.3271026611328,180.1649932861328,180.27999877929688,184945
2026-03-03 18:24:00+00:00,180.3249969482422,180.35000610351562,180.2550048828125,180.27999877929688,181794
2026-03-03 18:25:00+00:00,180.1199951171875,180.35000610351562,180.11000061035156,180.3300018310547,414049
2026-03-03 18:26:00+00:00,180.1699981689453,180.20289611816406,180.08999633789062,180.11500549316406,153852
2026-03-03 18:27:00+00:00,180.17990112304688,180.27499389648438,180.14500427246094,180.16000366210938,147987
2026-03-03 18:28:00+00:00,180.27000427246094,180.3699951171875,180.16000366210938,180.1750030517578,209841
2026-03-03 18:29:00+00:00,180.14999389648438,180.3000030517578,180.11000061035156,180.27000427246094,220607
2026-03-03 18:30:00+00:00,180.1699981689453,180.19500732421875,180.10000610351562,180.1699981689453,146592
2026-03-03 18:31:00+00:00,180.16000366210938,180.19500732421875,180.0749969482422,180.1750030517578,152856
2026-03-03 18:32:00+00:00,180.1663055419922,180.1999053955078,180.00999450683594,180.14999389648438,287904
2026-03-03 18:33:00+00:00,180.39599609375,180.42999267578125,180.09710693359375,180.18499755859375,277415
2026-03-03 18:34:00+00:00,180.3800048828125,180.49000549316406,180.35000610351562,180.39999389648438,248588
2026-03-03 18:35:00+00:00,180.38079833984375,180.50999450683594,180.24000549316406,180.3800048828125,314851
2026-03-03 18:36:00+00:00,180.52499389648438,180.52999877929688,180.22000122070312,180.38999938964844,277718
2026-03-03 18:37:00+00:00,180.5050048828125,180.5749969482422,180.4499969482422,180.5399932861328,233575
2026-03-03 18:38:00+00:00,180.52000427246094,180.58999633789062,180.38999938964844,180.5,205531
2026-03-03 18:39:00+00:00,180.57290649414062,180.5800018310547,180.43499755859375,180.50999450683594,261757
2026-03-03 18:40:00+00:00,180.67999267578125,180.6898956298828,180.5,180.57000732421875,260302
2026-03-03 18:41:00+00:00,180.74000549316406,180.8249969482422,180.61000061035156,180.6750030517578,311563
2026-03-03 18:42:00+00:00,180.8249969482422,180.8249969482422,180.66000366210938,180.74000549316406,288945
2026-03-03 18:43:00+00:00,180.81500244140625,180.89999389648438,180.6649932861328,180.8300018310547,281926
2026-03-03 18:44:00+00:00,180.57029724121094,180.82000732421875,180.47999572753906,180.82000732421875,360729
2026-03-03 18:45:00+00:00,180.3571014404297,180.60000610351562,180.3571014404297,180.60000610351562,316852
2026-03-03 18:46:00+00:00,180.39999389648438,180.4949951171875,180.32000732421875,180.3699951171875,204526
2026-03-03 18:47:00+00:00,180.3625030517578,180.47000122070312,180.3000030517578,180.41000366210938,169928
2026-03-03 18:48:00+00:00,180.3800048828125,180.39999389648438,180.22000122070312,180.36500549316406,223408
2026-03-03 18:49:00+00:00,180.5399932861328,180.55999755859375,180.25,180.3800048828125,301186
2026-03-03 18:50:00+00:00,180.69500732421875,180.6999969482422,180.47000122070312,180.55499267578125,231490
2026-03-03 18:51:00+00:00,180.7698974609375,180.80999755859375,180.6699981689453,180.69149780273438,253814
2026-03-03 18:52:00+00:00,180.7050018310547,180.77999877929688,180.5800018310547,180.74000549316406,251676
2026-03-03 18:53:00+00:00,180.49000549316406,180.71339416503906,180.4600067138672,180.7100067138672,209127
2026-03-03 18:54:00+00:00,180.52999877929688,180.61990356445312,180.44000244140625,180.5,151222
2026-03-03 18:55:00+00:00,180.33999633789062,180.52999877929688,180.33009338378906,180.52999877929688,227835
2026-03-03 18:56:00+00:00,180.53500366210938,180.5800018310547,180.32000732421875,180.3300018310547,201120
2026-03-03 18:57:00+00:00,180.60499572753906,180.63999938964844,180.48500061035156,180.5301055908203,167048
2026-03-03 18:58:00+00:00,180.59500122070312,180.64990234375,180.5399932861328,180.6051025390625,139195
2026-03-03 18:59:00+00:00,180.51499938964844,180.6470947265625,180.4600067138672,180.59500122070312,167657
2026-03-03 19:00:00+00:00,180.53500366210938,180.63369750976562,180.44000244140625,180.52000427246094,146680
2026-03-03 19:01:00+00:00,180.4949951171875,180.60629272460938,180.47999572753906,180.50010681152344,163851
2026-03-03 19:02:00+00:00,180.0449981689453,180.5,180.0399932861328,180.48500061035156,372570
2026-03-03 19:03:00+00:00,180.0749969482422,180.1999969482422,180.0399932861328,180.0406036376953,317593
2026-03-03 19:04:00+00:00,180.18499755859375,180.2449951171875,180.08999633789062,180.09500122070312,239657
2026-03-03 19:05:00+00:00,180.2100067138672,180.27999877929688,180.07000732421875,180.19000244140625,213449
2026-03-03 19:06:00+00:00,180.07000732421875,180.25,179.99899291992188,180.1999969482422,333620
2026-03-03 19:07:00+00:00,180.0050048828125,180.0800018310547,179.92999267578125,180.072998046875,264345
2026-03-03 19:08:00+00:00,179.91000366210938,180.05999755859375,179.89999389648438,180.01499938964844,172930
2026-03-03 19:09:00+00:00,179.77499389648438,179.97999572753906,179.7100067138672,179.9199981689453,325942
2026-03-03 19:10:00+00:00,179.8350067138672,179.86000061035156,179.6750030517578,179.77999877929688,217885
2026-03-03 19:11:00+00:00,179.96949768066406,179.97000122070312,179.72500610351562,179.83999633789062,200874
2026-03-03 19:12:00+00:00,179.8300018310547,179.97000122070312,179.8300018310547,179.9600067138672,148722
2026-03-03 19:13:00+00:00,179.8800048828125,179.94000244140625,179.74009704589844,179.82000732421875,169858
2026-03-03 19:14:00+00:00,180.00999450683594,180.07000732421875,179.85000610351562,179.8800048828125,205951
2026-03-03 19:15:00+00:00,180.30999755859375,180.30999755859375,179.97000122070312,180.02000427246094,235746
2026-03-03 19:16:00+00:00,180.01499938964844,180.3000030517578,179.94000244140625,180.3000030517578,215642
2026-03-03 19:17:00+00:00,180.0,180.06930541992188,179.9600067138672,180.01499938964844,189698
2026-03-03 19:18:00+00:00,179.89199829101562,180.10000610351562,179.8699951171875,180.00999450683594,159775
2026-03-03 19:19:00+00:00,179.91990661621094,179.9499969482422,179.80999755859375,179.89010620117188,183645
2026-03-03 19:20:00+00:00,180.0050048828125,180.0800018310547,179.91000366210938,179.9199981689453,207447
2026-03-03 19:21:00+00:00,179.97000122070312,180.0800018310547,179.9409942626953,180.0050048828125,160519
2026-03-03 19:22:00+00:00,180.02000427246094,180.0500030517578,179.80999755859375,179.98910522460938,189621
2026-03-03 19:23:00+00:00,179.7949981689453,180.0399932861328,179.77999877929688,180.02999877929688,205385
2026-03-03 19:24:00+00:00,179.6750030517578,179.8350067138672,179.65969848632812,179.82000732421875,227710
2026-03-03 19:25:00+00:00,179.72999572753906,179.72999572753906,179.5800018310547,179.6699981689453,225694
2026-03-03 19:26:00+00:00,179.57000732421875,179.73289489746094,179.57000732421875,179.72000122070312,179631
2026-03-03 19:27:00+00:00,179.5,179.60499572753906,179.4929962158203,179.5850067138672,197458
2026-03-03 19:28:00+00:00,179.49000549316406,179.64999389648438,179.44000244140625,179.52000427246094,268777
2026-03-03 19:29:00+00:00,179.5500030517578,179.63999938964844,179.47500610351562,179.47999572753906,227721
2026-03-03 19:30:00+00:00,179.5850067138672,179.6699981689453,179.42999267578125,179.55999755859375,258586
2026-03-03 19:31:00+00:00,179.55999755859375,179.6999969482422,179.47000122070312,179.57510375976562,237971
2026-03-03 19:32:00+00:00,179.55020141601562,179.61500549316406,179.52999877929688,179.55499267578125,275539
2026-03-03 19:33:00+00:00,179.41000366210938,179.63290405273438,179.39500427246094,179.55499267578125,221408
2026-03-03 19:34:00+00:00,179.27999877929688,179.4698944091797,179.22500610351562,179.41000366210938,237009
2026-03-03 19:35:00+00:00,179.22000122070312,179.29249572753906,179.14999389648438,179.27000427246094,239800
2026-03-03 19:36:00+00:00,179.35000610351562,179.38009643554688,179.22000122070312,179.22999572753906,1196457
2026-03-03 19:37:00+00:00,180.0800018310547,180.0800018310547,179.32000732421875,179.35499572753906,897968
2026-03-03 19:38:00+00:00,179.9199981689453,180.13499450683594,179.875,180.06500244140625,428057
2026-03-03 19:39:00+00:00,179.86000061035156,180.00999450683594,179.8000030517578,179.93499755859375,304513
2026-03-03 19:40:00+00:00,179.98500061035156,180.04629516601562,179.7700958251953,179.875,328983
2026-03-03 19:41:00+00:00,180.32000732421875,180.3509979248047,179.9499969482422,179.98500061035156,447089
2026-03-03 19:42:00+00:00,180.40989685058594,180.44000244140625,180.25999450683594,180.32000732421875,260112
2026-03-03 19:43:00+00:00,180.27999877929688,180.43499755859375,180.20010375976562,180.41009521484375,312266
2026-03-03 19:44:00+00:00,180.44000244140625,180.49000549316406,180.2700958251953,180.28720092773438,286691
2026-03-03 19:45:00+00:00,180.6300048828125,180.6999969482422,180.44320678710938,180.44320678710938,381994
2026-03-03 19:46:00+00:00,180.72500610351562,180.78919982910156,180.63999938964844,180.63999938964844,272594
2026-03-03 19:47:00+00:00,180.8000030517578,180.8699951171875,180.60000610351562,180.72000122070312,378840
2026-03-03 19:48:00+00:00,180.67230224609375,180.85009765625,180.64999389648438,180.8000030517578,294753
2026-03-03 19:49:00+00:00,180.64010620117188,180.77000427246094,180.6300048828125,180.6699981689453,301284
2026-03-03 19:50:00+00:00,180.5800018310547,180.6999969482422,180.46499633789062,180.64500427246094,329658
2026-03-03 19:51:00+00:00,180.39610290527344,180.58999633789062,180.36500549316406,180.58990478515625,265311
2026-03-03 19:52:00+00:00,180.2050018310547,180.42950439453125,180.08999633789062,180.3896942138672,279057
2026-03-03 19:53:00+00:00,179.88999938964844,180.22999572753906,179.8800048828125,180.22000122070312,313227
2026-03-03 19:54:00+00:00,180.0749969482422,180.1199951171875,179.8437042236328,179.88999938964844,275437
2026-03-03 19:55:00+00:00,180.01499938964844,180.15499877929688,179.89999389648438,180.08999633789062,216672
2026-03-03 19:56:00+00:00,179.9499969482422,180.07000732421875,179.90499877929688,180.01499938964844,167623
2026-03-03 19:57:00+00:00,180.0449981689453,180.12989807128906,179.94500732421875,179.97509765625,195697
2026-03-03 19:58:00+00:00,180.08999633789062,180.13999938964844,180.02999877929688,180.06500244140625,270211
2026-03-03 19:59:00+00:00,180.05999755859375,180.11500549316406,180.00999450683594,180.0850067138672,181810
2026-03-03 20:00:00+00:00,179.7949981689453,180.0850067138672,179.7949981689453,180.07000732421875,248947
2026-03-03 20:01:00+00:00,180.18499755859375,180.24000549316406,179.77000427246094,179.7949981689453,294450
2026-03-03 20:02:00+00:00,180.0500030517578,180.21499633789062,179.97999572753906,180.2100067138672,196065
2026-03-03 20:03:00+00:00,180.03500366210938,180.11000061035156,179.9600067138672,180.05999755859375,206002
2026-03-03 20:04:00+00:00,179.9799041748047,180.0800018310547,179.91000366210938,180.02999877929688,155230
2026-03-03 20:05:00+00:00,179.8699951171875,179.99000549316406,179.75999450683594,179.98500061035156,233873
2026-03-03 20:06:00+00:00,179.9499969482422,179.9600067138672,179.78500366210938,179.88499450683594,203383
2026-03-03 20:07:00+00:00,179.97000122070312,180.0500030517578,179.88999938964844,179.97000122070312,222315
2026-03-03 20:08:00+00:00,180.02000427246094,180.0399932861328,179.9149932861328,179.97000122070312,173708
2026-03-03 20:09:00+00:00,180.02999877929688,180.11000061035156,179.91000366210938,180.02999877929688,242827
2026-03-03 20:10:00+00:00,179.97999572753906,180.02999877929688,179.91290283203125,180.02499389648438,175771
2026-03-03 20:11:00+00:00,180.00999450683594,180.11000061035156,179.88999938964844,179.9803009033203,224588
2026-03-03 20:12:00+00:00,179.9600067138672,180.02499389648438,179.89999389648438,180.01499938964844,163210
2026-03-03 20:13:00+00:00,179.89999389648438,180.07000732421875,179.8800048828125,179.97500610351562,208831
2026-03-03 20:14:00+00:00,179.65499877929688,179.90499877929688,179.6501007080078,179.89500427246094,336326
2026-03-03 20:15:00+00:00,179.76499938964844,179.80999755859375,179.63499450683594,179.64999389648438,220383
2026-03-03 20:16:00+00:00,179.625,179.7949981689453,179.60000610351562,179.75,210898
2026-03-03 20:17:00+00:00,179.53509521484375,179.656005859375,179.52000427246094,179.6300048828125,271490
2026-03-03 20:18:00+00:00,179.64999389648438,179.67999267578125,179.5,179.5399932861328,245003
2026-03-03 20:19:00+00:00,179.72000122070312,179.72000122070312,179.5850067138672,179.65499877929688,221902
2026-03-03 20:20:00+00:00,179.97999572753906,179.9949951171875,179.7100067138672,179.7100067138672,368266
2026-03-03 20:21:00+00:00,179.93980407714844,180.0469970703125,179.93499755859375,179.9884033203125,250787
2026-03-03 20:22:00+00:00,179.83700561523438,179.99000549316406,179.7899932861328,179.9499969482422,225824
2026-03-03 20:23:00+00:00,179.80999755859375,179.88949584960938,179.8000030517578,179.8300018310547,173123
2026-03-03 20:24:00+00:00,179.91000366210938,179.94000244140625,179.75,179.8000030517578,176359
2026-03-03 20:25:00+00:00,179.72999572753906,179.92999267578125,179.63499450683594,179.91290283203125,261901
2026-03-03 20:26:00+00:00,179.85499572753906,179.88999938964844,179.69000244140625,179.72500610351562,186701
2026-03-03 20:27:00+00:00,180.06289672851562,180.07000732421875,179.80999755859375,179.85000610351562,293458
2026-03-03 20:28:00+00:00,180.02999877929688,180.19500732421875,180.0,180.05999755859375,305355
2026-03-03 20:29:00+00:00,180.2050018310547,180.23500061035156,180.0301055908203,180.0301055908203,293954
2026-03-03 20:30:00+00:00,180.3249969482422,180.4127960205078,180.1649932861328,180.1999969482422,393705
2026-03-03 20:31:00+00:00,180.31300354003906,180.42999267578125,180.3000030517578,180.3300018310547,273991
2026-03-03 20:32:00+00:00,180.3874969482422,180.39999389648438,180.17999267578125,180.30999755859375,369169
2026-03-03 20:33:00+00:00,180.24000549316406,180.44000244140625,180.222900390625,180.39010620117188,271302
2026-03-03 20:34:00+00:00,180.2449951171875,180.3000030517578,180.1699981689453,180.24000549316406,213069
2026-03-03 20:35:00+00:00,180.52499389648438,180.53289794921875,180.25,180.25,687831
2026-03-03 20:36:00+00:00,180.4600067138672,180.56500244140625,180.4550018310547,180.5299072265625,275012
2026-03-03 20:37:00+00:00,180.31500244140625,180.48500061035156,180.24459838867188,180.47000122070312,282925
2026-03-03 20:38:00+00:00,180.29010009765625,180.3300018310547,180.18499755859375,180.32000732421875,266181
2026-03-03 20:39:00+00:00,180.12989807128906,180.30499267578125,180.05999755859375,180.3000030517578,254036
2026-03-03 20:40:00+00:00,180.11500549316406,180.25999450683594,180.10000610351562,180.1300048828125,215973
2026-03-03 20:41:00+00:00,180.0500030517578,180.14999389648438,179.97000122070312,180.110107421875,305627
2026-03-03 20:42:00+00:00,180.13499450683594,180.17990112304688,180.0449981689453,180.05499267578125,270198
2026-03-03 20:43:00+00:00,180.2100067138672,180.22999572753906,180.03500366210938,180.13999938964844,254600
2026-03-03 20:44:00+00:00,180.2550048828125,180.31500244140625,180.14010620117188,180.2050018310547,372017
2026-03-03 20:45:00+00:00,180.2050018310547,180.34010314941406,180.14999389648438,180.24009704589844,323011
2026-03-03 20:46:00+00:00,180.1300048828125,180.30999755859375,180.10000610351562,180.2050018310547,227802
2026-03-03 20:47:00+00:00,180.1501007080078,180.19000244140625,179.97030639648438,180.13999938964844,348114
2026-03-03 20:48:00+00:00,180.0614013671875,180.2100067138672,180.00999450683594,180.15499877929688,226179
2026-03-03 20:49:00+00:00,180.125,180.14999389648438,180.02389526367188,180.05999755859375,236761
2026-03-03 20:50:00+00:00,180.17999267578125,180.35000610351562,180.0399932861328,180.1199951171875,617949
2026-03-03 20:51:00+00:00,180.14999389648438,180.25999450683594,180.07000732421875,180.18499755859375,421735
2026-03-03 20:52:00+00:00,179.9250030517578,180.2100067138672,179.89999389648438,180.125,574961
2026-03-03 20:53:00+00:00,180.0749969482422,180.08999633789062,179.91299438476562,179.9250030517578,423098
2026-03-03 20:54:00+00:00,180.22999572753906,180.27000427246094,180.0,180.0800018310547,545126
2026-03-03 20:55:00+00:00,180.15499877929688,180.32000732421875,180.02999877929688,180.22000122070312,595440
2026-03-03 20:56:00+00:00,180.05999755859375,180.19000244140625,180.03500366210938,180.14999389648438,403195
2026-03-03 20:57:00+00:00,180.125,180.1300048828125,180.0325927734375,180.07000732421875,448935
2026-03-03 20:58:00+00:00,180.125,180.1439971923828,180.00999450683594,180.1300048828125,574629
2026-03-03 20:59:00+00:00,180.0800018310547,180.16000366210938,179.91000366210938,180.1199951171875,1496477
2026-03-04 14:30:00+00:00,180.3249969482422,180.77999877929688,180.08999633789062,180.3699951171875,9932569
2026-03-04 14:31:00+00:00,180.4600067138672,180.77999877929688,180.05999755859375,180.31539916992188,1358042
2026-03-04 14:32:00+00:00,181.31069946289062,181.50999450683594,180.44500732421875,180.4600067138672,1491677
2026-03-04 14:33:00+00:00,181.24000549316406,181.6300048828125,180.97000122070312,181.36000061035156,1089682
2026-03-04 14:34:00+00:00,182.19000244140625,182.25,181.16000366210938,181.2050018310547,1176683
2026-03-04 14:35:00+00:00,181.7449951171875,182.3300018310547,181.64999389648438,182.18499755859375,1130772
2026-03-04 14:36:00+00:00,181.57919311523438,182.05999755859375,181.47000122070312,181.7449951171875,801956
2026-03-04 14:37:00+00:00,181.84500122070312,181.9799041748047,181.50999450683594,181.5675048828125,701785
2026-03-04 14:38:00+00:00,181.2100067138672,181.9199981689453,181.2100067138672,181.88499450683594,774699
2026-03-04 14:39:00+00:00,181.22900390625,181.57000732421875,181.1699981689453,181.22000122070312,574627
2026-03-04 14:40:00+00:00,181.0500030517578,181.2899932861328,180.92999267578125,181.24249267578125,726317
2026-03-04 14:41:00+00:00,181.0,181.281005859375,180.92999267578125,181.05499267578125,628381
2026-03-04 14:42:00+00:00,180.86500549316406,181.11000061035156,180.77999877929688,181.0,581066
2026-03-04 14:43:00+00:00,181.11000061035156,181.55990600585938,180.86000061035156,180.86000061035156,674695
2026-03-04 14:44:00+00:00,181.59010314941406,181.6300048828125,180.88999938964844,181.11500549316406,639076
2026-03-04 14:45:00+00:00,181.70010375976562,181.72999572753906,181.25,181.60000610351562,674972
2026-03-04 14:46:00+00:00,181.99000549316406,182.01499938964844,181.6300048828125,181.70370483398438,865078
2026-03-04 14:47:00+00:00,182.38999938964844,182.77000427246094,181.91000366210938,181.9600067138672,1095928
2026-03-04 14:48:00+00:00,182.69970703125,182.69970703125,182.17999267578125,182.38999938964844,689904
2026-03-04 14:49:00+00:00,182.60499572753906,182.9600067138672,182.52000427246094,182.6999969482422,795273
2026-03-04 14:50:00+00:00,182.375,182.677001953125,182.3000030517578,182.66000366210938,525990
2026-03-04 14:51:00+00:00,182.43780517578125,182.5399932861328,182.0800018310547,182.38499450683594,587193
2026-03-04 14:52:00+00:00,182.60009765625,182.74000549316406,182.22999572753906,182.41000366210938,667706
2026-03-04 14:53:00+00:00,182.418701171875,182.72000122070312,182.35009765625,182.61000061035156,533934
2026-03-04 14:54:00+00:00,181.89999389648438,182.5198974609375,181.83999633789062,182.40980529785156,755966
2026-03-04 14:55:00+00:00,181.29319763183594,182.02000427246094,181.27000427246094,181.89999389648438,705744
2026-03-04 14:56:00+00:00,181.14500427246094,181.41990661621094,181.1199951171875,181.30999755859375,588200
2026-03-04 14:57:00+00:00,181.14999389648438,181.22999572753906,181.0,181.1490936279297,637009
2026-03-04 14:58:00+00:00,180.87899780273438,181.29550170898438,180.8699951171875,181.14999389648438,642130
2026-03-04 14:59:00+00:00,180.97000122070312,181.00999450683594,180.5800018310547,180.88499450683594,904493
2026-03-04 15:00:00+00:00,181.6199951171875,181.69000244140625,180.97000122070312,181.0399932861328,1285494
2026-03-04 15:01:00+00:00,181.6300048828125,181.81979370117188,181.55999755859375,181.61500549316406,536902
2026-03-04 15:02:00+00:00,181.48989868164062,181.64999389648438,181.25999450683594,181.6300048828125,451425
2026-03-04 15:03:00+00:00,181.02000427246094,181.5399932861328,180.9600067138672,181.5,554824
2026-03-04 15:04:00+00:00,181.14999389648438,181.25999450683594,180.9499969482422,181.00999450683594,406892
2026-03-04 15:05:00+00:00,181.27499389648438,181.3000030517578,181.02499389648438,181.16000366210938,405032
2026-03-04 15:06:00+00:00,181.60989379882812,181.6699981689453,181.2200927734375,181.27999877929688,691077
2026-03-04 15:07:00+00:00,181.63499450683594,181.72000122070312,181.51499938964844,181.58999633789062,471182
2026-03-04 15:08:00+00:00,181.8802032470703,181.91940307617188,181.5800018310547,181.64500427246094,532713
2026-03-04 15:09:00+00:00,181.92999267578125,182.07000732421875,181.8699951171875,181.89010620117188,680444
2026-03-04 15:10:00+00:00,182.0500030517578,182.07000732421875,181.92999267578125,181.9532012939453,571466
2026-03-04 15:11:00+00:00,182.1750030517578,182.17999267578125,181.8699951171875,182.0399932861328,530653
2026-03-04 15:12:00+00:00,182.58999633789062,182.60000610351562,182.10000610351562,182.18499755859375,663597
2026-03-04 15:13:00+00:00,182.67999267578125,182.91000366210938,182.56500244140625,182.5800018310547,806306
2026-03-04 15:14:00+00:00,182.1988983154297,182.7899932861328,182.0449981689453,182.69000244140625,665526
2026-03-04 15:15:00+00:00,182.49789428710938,182.5399932861328,182.14999389648438,182.1750030517578,461325
2026-03-04 15:16:00+00:00,182.16000366210938,182.55990600585938,182.16000366210938,182.47999572753906,382747
2026-03-04 15:17:00+00:00,182.27000427246094,182.33999633789062,182.0,182.1649932861328,627639
2026-03-04 15:18:00+00:00,182.3343048095703,182.47000122070312,182.24119567871094,182.27000427246094,342074
2026-03-04 15:19:00+00:00,182.43499755859375,182.5,182.23910522460938,182.3249969482422,288484
2026-03-04 15:20:00+00:00,182.55999755859375,182.5800018310547,182.3000030517578,182.42999267578125,350493
2026-03-04 15:21:00+00:00,182.85000610351562,182.88009643554688,182.5399932861328,182.55990600585938,518276
2026-03-04 15:22:00+00:00,182.67999267578125,182.90499877929688,182.65379333496094,182.85499572753906,447179
2026-03-04 15:23:00+00:00,182.8000030517578,182.82000732421875,182.58999633789062,182.6898956298828,366298
2026-03-04 15:24:00+00:00,182.88999938964844,182.92999267578125,182.7100067138672,182.8090057373047,390945
2026-03-04 15:25:00+00:00,182.81649780273438,182.92999267578125,182.7722930908203,182.8896026611328,323488
2026-03-04 15:26:00+00:00,183.19000244140625,183.22000122070312,182.77000427246094,182.8166046142578,1040099
2026-03-04 15:27:00+00:00,183.27000427246094,183.35000610351562,183.1300048828125,183.19000244140625,638007
2026-03-04 15:28:00+00:00,183.33749389648438,183.38999938964844,183.25999450683594,183.27000427246094,533203
2026-03-04 15:29:00+00:00,183.47000122070312,183.5500030517578,183.33999633789062,183.35000610351562,622259
2026-03-04 15:30:00+00:00,183.46499633789062,183.63999938964844,183.41000366210938,183.47999572753906,612776
2026-03-04 15:31:00+00:00,183.36000061035156,183.60000610351562,183.2362060546875,183.4600067138672,590744
2026-03-04 15:32:00+00:00,183.32989501953125,183.4398956298828,183.2100067138672,183.35000610351562,509671
2026-03-04 15:33:00+00:00,183.0800018310547,183.33999633789062,183.00999450683594,183.3300018310547,457177
2026-03-04 15:34:00+00:00,182.94000244140625,183.2100067138672,182.89500427246094,183.0850067138672,436914
2026-03-04 15:35:00+00:00,183.02000427246094,183.0500030517578,182.82000732421875,182.94500732421875,435638
2026-03-04 15:36:00+00:00,182.62010192871094,183.0399932861328,182.60000610351562,183.02999877929688,477355
2026-03-04 15:37:00+00:00,182.7100067138672,182.75999450683594,182.5500030517578,182.6199951171875,351704
2026-03-04 15:38:00+00:00,182.625,182.9550018310547,182.5850067138672,182.72500610351562,329453
2026-03-04 15:39:00+00:00,182.4499969482422,182.63999938964844,182.4199981689453,182.62010192871094,406292
2026-03-04 15:40:00+00:00,182.47999572753906,182.639892578125,182.4199981689453,182.4698944091797,361185
2026-03-04 15:41:00+00:00,182.38729858398438,182.50999450683594,182.30999755859375,182.4949951171875,467100
2026-03-04 15:42:00+00:00,182.6501007080078,182.72000122070312,182.35499572753906,182.39500427246094,315148
2026-03-04 15:43:00+00:00,182.46499633789062,182.68499755859375,182.4600067138672,182.6466064453125,270224
2026-03-04 15:44:00+00:00,182.5800018310547,182.67100524902344,182.4600067138672,182.47999572753906,289448
2026-03-04 15:45:00+00:00,182.34910583496094,182.625,182.27000427246094,182.57000732421875,458331
2026-03-04 15:46:00+00:00,182.25469970703125,182.42999267578125,182.22000122070312,182.36000061035156,322406
2026-03-04 15:47:00+00:00,182.36000061035156,182.3800048828125,182.16000366210938,182.25010681152344,338222
2026-03-04 15:48:00+00:00,182.3350067138672,182.41000366210938,182.18499755859375,182.360107421875,308668
2026-03-04 15:49:00+00:00,182.47019958496094,182.5,182.27000427246094,182.3300018310547,321013
2026-03-04 15:50:00+00:00,182.6199951171875,182.66000366210938,182.4600067138672,182.47000122070312,443139
2026-03-04 15:51:00+00:00,182.58999633789062,182.67999267578125,182.4499969482422,182.6199951171875,354483
2026-03-04 15:52:00+00:00,182.20790100097656,182.61000061035156,182.1699981689453,182.60000610351562,359140
2026-03-04 15:53:00+00:00,182.41000366210938,182.41000366210938,182.1865997314453,182.22000122070312,236025
2026-03-04 15:54:00+00:00,182.52000427246094,182.5500030517578,182.3699951171875,182.41000366210938,376128
2026-03-04 15:55:00+00:00,182.73989868164062,182.8000030517578,182.44000244140625,182.5,492835
2026-03-04 15:56:00+00:00,182.81500244140625,182.91000366210938,182.6999969482422,182.7301025390625,438297
2026-03-04 15:57:00+00:00,182.9199981689453,182.93800354003906,182.66000366210938,182.80999755859375,325244
2026-03-04 15:58:00+00:00,183.0050048828125,183.06500244140625,182.89500427246094,182.9149932861328,483313
2026-03-04 15:59:00+00:00,182.8000946044922,183.00999450683594,182.75010681152344,182.9949951171875,288806
2026-03-04 16:00:00+00:00,182.7100067138672,182.9199981689453,182.64999389648438,182.82000732421875,313195
2026-03-04 16:01:00+00:00,182.99000549316406,183.08999633789062,182.69000244140625,182.7100067138672,333313
2026-03-04 16:02:00+00:00,183.08999633789062,183.1461944580078,182.9499969482422,182.9949951171875,378234
2026-03-04 16:03:00+00:00,183.22999572753906,183.25999450683594,183.03500366210938,183.07000732421875,349417
2026-03-04 16:04:00+00:00,183.0399932861328,183.33999633789062,183.0399932861328,183.22999572753906,339702
2026-03-04 16:05:00+00:00,182.64999389648438,183.11000061035156,182.5500030517578,183.02999877929688,477637
2026-03-04 16:06:00+00:00,182.80499267578125,182.89999389648438,182.63999938964844,182.64999389648438,326428
2026-03-04 16:07:00+00:00,182.6199951171875,182.81500244140625,182.60000610351562,182.8000030517578,328504
2026-03-04 16:08:00+00:00,182.64999389648438,182.69000244140625,182.50999450683594,182.61000061035156,290745
2026-03-04 16:09:00+00:00,182.53500366210938,182.6699981689453,182.4810028076172,182.64999389648438,287659
2026-03-04 16:10:00+00:00,182.4199981689453,182.58999633789062,182.3800048828125,182.5399932861328,311138
2026-03-04 16:11:00+00:00,182.25,182.43499755859375,182.22999572753906,182.41000366210938,388556
2026-03-04 16:12:00+00:00,182.02999877929688,182.30499267578125,182.02000427246094,182.25999450683594,439825
2026-03-04 16:13:00+00:00,181.94500732421875,182.02259826660156,181.8800048828125,182.02000427246094,593577
2026-03-04 16:14:00+00:00,181.97000122070312,182.05999755859375,181.8000030517578,181.94500732421875,440371
2026-03-04 16:15:00+00:00,181.9949951171875,182.0500030517578,181.91000366210938,181.97000122070312,337670
2026-03-04 16:16:00+00:00,182.2637939453125,182.35000610351562,182.0,182.0,426240
2026-03-04 16:17:00+00:00,182.2050018310547,182.30999755859375,182.1199951171875,182.25999450683594,280153
2026-03-04 16:18:00+00:00,182.07000732421875,182.22999572753906,181.96499633789062,182.2050018310547,347354
2026-03-04 16:19:00+00:00,182.0399932861328,182.15499877929688,181.94000244140625,182.0500946044922,270908
2026-03-04 16:20:00+00:00,182.2606964111328,182.4199981689453,182.0200958251953,182.04139709472656,390531
2026-03-04 16:21:00+00:00,182.1649932861328,182.3699951171875,182.07000732421875,182.26400756835938,248111
2026-03-04 16:22:00+00:00,182.0966033935547,182.2100067138672,182.0,182.1750030517578,294436
2026-03-04 16:23:00+00:00,182.10000610351562,182.1300048828125,181.97059631347656,182.10499572753906,322993
2026-03-04 16:24:00+00:00,182.0449981689453,182.10000610351562,181.95010375976562,182.10000610351562,322918
2026-03-04 16:25:00+00:00,182.18699645996094,182.2799072265625,181.91000366210938,182.04739379882812,432365
2026-03-04 16:26:00+00:00,182.3699951171875,182.4149932861328,182.1649932861328,182.17999267578125,311196
2026-03-04 16:27:00+00:00,182.65499877929688,182.72000122070312,182.35000610351562,182.3699951171875,366089
2026-03-04 16:28:00+00:00,182.5050048828125,182.6566925048828,182.3300018310547,182.6566925048828,289395
2026-03-04 16:29:00+00:00,182.39999389648438,182.52000427246094,182.33009338378906,182.4949951171875,240130
2026-03-04 16:30:00+00:00,182.52000427246094,182.5399932861328,182.32080078125,182.39999389648438,226374
2026-03-04 16:31:00+00:00,182.58990478515625,182.63999938964844,182.49009704589844,182.52000427246094,212096
2026-03-04 16:32:00+00:00,182.60000610351562,182.69000244140625,182.5,182.58999633789062,196022
2026-03-04 16:33:00+00:00,182.69000244140625,182.7261962890625,182.60000610351562,182.60609436035156,232551
2026-03-04 16:34:00+00:00,182.69749450683594,182.76620483398438,182.64500427246094,182.68499755859375,240461
2026-03-04 16:35:00+00:00,182.8699951171875,182.95989990234375,182.63009643554688,182.7100067138672,531272
2026-03-04 16:36:00+00:00,182.77999877929688,182.9149932861328,182.75999450683594,182.875,250793
2026-03-04 16:37:00+00:00,182.6300048828125,182.8000030517578,182.61500549316406,182.77499389648438,202233
2026-03-04 16:38:00+00:00,182.66000366210938,182.67999267578125,182.36000061035156,182.61500549316406,290225
2026-03-04 16:39:00+00:00,182.6199951171875,182.72999572753906,182.5500030517578,182.66000366210938,242798
2026-03-04 16:40:00+00:00,182.860107421875,182.88999938964844,182.57000732421875,182.6300048828125,317408
2026-03-04 16:41:00+00:00,182.97500610351562,182.97500610351562,182.82000732421875,182.85989379882812,307064
2026-03-04 16:42:00+00:00,182.9499969482422,182.97500610351562,182.85000610351562,182.96499633789062,298327
2026-03-04 16:43:00+00:00,183.02999877929688,183.14500427246094,182.9250030517578,182.93499755859375,448884
2026-03-04 16:44:00+00:00,183.02000427246094,183.08999633789062,182.9600067138672,183.0500030517578,241491
2026-03-04 16:45:00+00:00,182.99000549316406,183.05999755859375,182.88999938964844,183.02000427246094,198115
2026-03-04 16:46:00+00:00,183.0749969482422,183.10000610351562,182.9499969482422,182.99989318847656,245734
2026-03-04 16:47:00+00:00,183.0050048828125,183.1199951171875,183.0,183.0749969482422,204568
2026-03-04 16:48:00+00:00,182.94500732421875,183.01499938964844,182.80999755859375,183.00999450683594,255656
2026-03-04 16:49:00+00:00,182.85000610351562,182.9600067138672,182.81500244140625,182.9499969482422,181905
2026-03-04 16:50:00+00:00,182.78500366210938,182.8699951171875,182.75,182.85000610351562,268473
2026-03-04 16:51:00+00:00,182.83999633789062,182.86000061035156,182.6999969482422,182.78509521484375,276003
2026-03-04 16:52:00+00:00,183.0,183.0,182.76699829101562,182.83999633789062,293128
2026-03-04 16:53:00+00:00,182.9949951171875,183.05999755859375,182.94000244140625,183.0,221381
2026-03-04 16:54:00+00:00,182.9250030517578,183.0399932861328,182.9250030517578,182.9949951171875,143011
2026-03-04 16:55:00+00:00,183.00999450683594,183.02999877929688,182.8699951171875,182.92999267578125,238945
2026-03-04 16:56:00+00:00,182.72000122070312,183.02999877929688,182.72000122070312,183.02000427246094,164142
2026-03-04 16:57:00+00:00,182.75,182.7899932861328,182.66000366210938,182.72999572753906,216357
2026-03-04 16:58:00+00:00,182.74000549316406,182.80990600585938,182.6999969482422,182.7449951171875,140561
2026-03-04 16:59:00+00:00,182.6898956298828,182.74969482421875,182.6199951171875,182.74000549316406,181553
2026-03-04 17:00:00+00:00,182.7550048828125,182.75999450683594,182.61000061035156,182.6999969482422,217475
2026-03-04 17:01:00+00:00,182.77000427246094,182.84500122070312,182.7100067138672,182.7550048828125,175426
2026-03-04 17:02:00+00:00,182.7899932861328,182.7899932861328,182.72999572753906,182.75180053710938,167273
2026-03-04 17:03:00+00:00,182.90499877929688,182.9600067138672,182.78250122070312,182.7899932861328,304741
2026-03-04 17:04:00+00:00,182.8249969482422,182.9499969482422,182.7949981689453,182.90980529785156,185243
2026-03-04 17:05:00+00:00,182.8249969482422,182.9199981689453,182.8000030517578,182.8300018310547,167109
2026-03-04 17:06:00+00:00,182.9199981689453,182.92999267578125,182.8000030517578,182.82510375976562,189387
2026-03-04 17:07:00+00:00,182.91619873046875,183.1199951171875,182.89999389648438,182.9149932861328,431956
2026-03-04 17:08:00+00:00,182.91000366210938,183.00100708007812,182.84500122070312,182.9149932861328,213508
2026-03-04 17:09:00+00:00,182.80999755859375,182.93499755859375,182.77000427246094,182.90499877929688,735623
2026-03-04 17:10:00+00:00,182.875,182.91000366210938,182.71499633789062,182.80999755859375,241652
2026-03-04 17:11:00+00:00,182.86070251464844,182.9250030517578,182.77999877929688,182.8699951171875,219750
2026-03-04 17:12:00+00:00,182.77000427246094,182.8699951171875,182.7550048828125,182.85499572753906,101722
2026-03-04 17:13:00+00:00,182.7449951171875,182.82989501953125,182.72500610351562,182.76499938964844,193427
2026-03-04 17:14:00+00:00,182.6898956298828,182.75,182.64999389648438,182.74000549316406,196041
2026-03-04 17:15:00+00:00,182.5500030517578,182.69500732421875,182.5,182.6800994873047,251160
2026-03-04 17:16:00+00:00,182.6199951171875,182.63999938964844,182.47999572753906,182.54989624023438,230469
2026-03-04 17:17:00+00:00,182.61500549316406,182.61990356445312,182.52999877929688,182.61500549316406,159355
2026-03-04 17:18:00+00:00,182.52999877929688,182.61000061035156,182.47999572753906,182.61000061035156,248999
2026-03-04 17:19:00+00:00,182.53140258789062,182.55499267578125,182.47999572753906,182.53500366210938,165816
2026-03-04 17:20:00+00:00,182.5050048828125,182.61000061035156,182.47999572753906,182.5399932861328,241076
2026-03-04 17:21:00+00:00,182.48500061035156,182.58999633789062,182.48500061035156,182.50999450683594,190499
2026-03-04 17:22:00+00:00,182.47999572753906,182.52499389648438,182.41990661621094,182.47999572753906,261330
2026-03-04 17:23:00+00:00,182.52999877929688,182.59500122070312,182.47500610351562,182.47999572753906,200631
2026-03-04 17:24:00+00:00,182.65989685058594,182.65989685058594,182.5200958251953,182.52499389648438,200262
2026-03-04 17:25:00+00:00,182.63999938964844,182.7899932861328,182.60000610351562,182.63999938964844,312330
2026-03-04 17:26:00+00:00,182.55999755859375,182.6501007080078,182.4600067138672,182.6501007080078,249807
2026-03-04 17:27:00+00:00,182.4499969482422,182.55999755859375,182.44009399414062,182.55999755859375,179604
2026-03-04 17:28:00+00:00,182.58009338378906,182.65609741210938,182.44000244140625,182.4600067138672,195617
2026-03-04 17:29:00+00:00,182.48500061035156,182.60000610351562,182.47999572753906,182.5800018310547,164747
2026-03-04 17:30:00+00:00,182.47000122070312,182.56500244140625,182.4499969482422,182.49000549316406,159722
2026-03-04 17:31:00+00:00,182.40499877929688,182.47999572753906,182.36300659179688,182.47500610351562,218012
2026-03-04 17:32:00+00:00,182.2595977783203,182.4199981689453,182.19000244140625,182.40989685058594,245014
2026-03-04 17:33:00+00:00,182.47999572753906,182.52000427246094,182.22000122070312,182.2550048828125,358538
2026-03-04 17:34:00+00:00,182.50999450683594,182.6300048828125,182.4801025390625,182.48989868164062,226616
2026-03-04 17:35:00+00:00,182.5854034423828,182.6199951171875,182.51499938964844,182.52000427246094,191710
2026-03-04 17:36:00+00:00,182.74620056152344,182.7899932861328,182.5500946044922,182.58999633789062,321385
2026-03-04 17:37:00+00:00,182.60580444335938,182.77000427246094,182.57000732421875,182.75,179462
2026-03-04 17:38:00+00:00,182.6999969482422,182.6999969482422,182.52499389648438,182.59750366210938,171777
2026-03-04 17:39:00+00:00,182.8350067138672,182.86000061035156,182.69000244140625,182.7100067138672,197956
2026-03-04 17:40:00+00:00,183.10000610351562,183.11000061035156,182.83009338378906,182.83009338378906,780375
2026-03-04 17:41:00+00:00,183.15499877929688,183.2100067138672,183.05999755859375,183.10499572753906,370558
2026-03-04 17:42:00+00:00,183.02999877929688,183.1699981689453,182.99000549316406,183.16000366210938,271910
2026-03-04 17:43:00+00:00,183.01499938964844,183.04100036621094,182.86000061035156,183.02499389648438,214513
2026-03-04 17:44:00+00:00,182.8800048828125,183.06500244140625,182.8699951171875,183.01499938964844,229159
2026-03-04 17:45:00+00:00,182.97000122070312,182.9949951171875,182.84500122070312,182.8699951171875,128538
2026-03-04 17:46:00+00:00,183.12620544433594,183.13999938964844,182.93499755859375,182.97000122070312,268100
2026-03-04 17:47:00+00:00,183.1300048828125,183.17999267578125,183.0500030517578,183.1300048828125,199679
2026-03-04 17:48:00+00:00,183.08999633789062,183.1365966796875,183.0500030517578,183.13009643554688,165429
2026-03-04 17:49:00+00:00,183.10000610351562,183.1699981689453,183.0449981689453,183.08999633789062,223081
2026-03-04 17:50:00+00:00,183.14889526367188,183.1999969482422,183.08999633789062,183.11000061035156,228994
2026-03-04 17:51:00+00:00,183.1501007080078,183.1999969482422,183.0399932861328,183.13999938964844,186536
2026-03-04 17:52:00+00:00,183.11000061035156,183.24000549316406,183.06680297851562,183.16000366210938,209194
2026-03-04 17:53:00+00:00,183.3249969482422,183.34500122070312,183.08999633789062,183.10260009765625,350557
2026-03-04 17:54:00+00:00,183.20010375976562,183.36000061035156,183.1199951171875,183.3249969482422,244419
2026-03-04 17:55:00+00:00,183.17999267578125,183.27499389648438,183.14990234375,183.18499755859375,182105
2026-03-04 17:56:00+00:00,183.0402069091797,183.18499755859375,183.02000427246094,183.1802978515625,230858
2026-03-04 17:57:00+00:00,182.97000122070312,183.05999755859375,182.89999389648438,183.02999877929688,246711
2026-03-04 17:58:00+00:00,183.1300048828125,183.14010620117188,182.96499633789062,182.96499633789062,182601
2026-03-04 17:59:00+00:00,182.99000549316406,183.15499877929688,182.97000122070312,183.13160705566406,185187
2026-03-04 18:00:00+00:00,183.03500366210938,183.08999633789062,182.9600067138672,182.99000549316406,116056
2026-03-04 18:01:00+00:00,182.97999572753906,183.0500030517578,182.91000366210938,183.03030395507812,149304
2026-03-04 18:02:00+00:00,182.91000366210938,182.98489379882812,182.86000061035156,182.98489379882812,182912
2026-03-04 18:03:00+00:00,182.89300537109375,182.91000366210938,182.83999633789062,182.91000366210938,130717
2026-03-04 18:04:00+00:00,182.8699951171875,182.91000366210938,182.8300018310547,182.875,147374
2026-03-04 18:05:00+00:00,182.90499877929688,182.97999572753906,182.80499267578125,182.875,160815
2026-03-04 18:06:00+00:00,182.8800048828125,182.90899658203125,182.8350067138672,182.89990234375,116774
2026-03-04 18:07:00+00:00,183.0749969482422,183.08999633789062,182.85940551757812,182.8699951171875,262798
2026-03-04 18:08:00+00:00,183.07009887695312,183.13040161132812,182.99000549316406,183.07000732421875,168377
2026-03-04 18:09:00+00:00,182.96060180664062,183.08999633789062,182.95289611816406,183.07659912109375,140481
2026-03-04 18:10:00+00:00,182.9539031982422,182.9949951171875,182.91209411621094,182.97000122070312,131755
2026-03-04 18:11:00+00:00,182.96499633789062,182.99989318847656,182.89999389648438,182.9600067138672,138952
2026-03-04 18:12:00+00:00,183.0749969482422,183.0850067138672,182.9499969482422,182.9600067138672,112093
2026-03-04 18:13:00+00:00,183.1199951171875,183.1199951171875,183.02000427246094,183.0749969482422,134386
2026-03-04 18:14:00+00:00,182.9499969482422,183.125,182.91000366210938,183.1197967529297,146526
2026-03-04 18:15:00+00:00,182.9600067138672,183.02000427246094,182.92999267578125,182.94500732421875,137821
2026-03-04 18:16:00+00:00,183.0198974609375,183.0500030517578,182.9550018310547,182.99000549316406,161194
2026-03-04 18:17:00+00:00,182.8800048828125,183.02999877929688,182.86500549316406,183.02000427246094,193737
2026-03-04 18:18:00+00:00,182.87060546875,182.92999267578125,182.77999877929688,182.88250732421875,195020
2026-03-04 18:19:00+00:00,182.77999877929688,182.8800048828125,182.77000427246094,182.875,156683
2026-03-04 18:20:00+00:00,182.69000244140625,182.78500366210938,182.6300048828125,182.77999877929688,241085
2026-03-04 18:21:00+00:00,182.7550048828125,182.77000427246094,182.64999389648438,182.69009399414062,233543
2026-03-04 18:22:00+00:00,182.75999450683594,182.83999633789062,182.74000549316406,182.75059509277344,165117
2026-03-04 18:23:00+00:00,182.75999450683594,182.7899932861328,182.69000244140625,182.75999450683594,140779
2026-03-04 18:24:00+00:00,182.6038055419922,182.80999755859375,182.5800018310547,182.77000427246094,199132
2026-03-04 18:25:00+00:00,182.4799041748047,182.7100067138672,182.4799041748047,182.60499572753906,274341
2026-03-04 18:26:00+00:00,182.67999267578125,182.7100067138672,182.38499450683594,182.47999572753906,371403
2026-03-04 18:27:00+00:00,182.9199981689453,182.94500732421875,182.6649932861328,182.6750030517578,360402
2026-03-04 18:28:00+00:00,182.9499969482422,182.97999572753906,182.82000732421875,182.92010498046875,261569
2026-03-04 18:29:00+00:00,183.04989624023438,183.05999755859375,182.91000366210938,182.94000244140625,344208
2026-03-04 18:30:00+00:00,183.14999389648438,183.19000244140625,182.97999572753906,183.0399932861328,428876
2026-03-04 18:31:00+00:00,183.1300048828125,183.22999572753906,183.07040405273438,183.15499877929688,247182
2026-03-04 18:32:00+00:00,183.5449981689453,183.55999755859375,183.139892578125,183.139892578125,862589
2026-03-04 18:33:00+00:00,183.6199951171875,183.6300048828125,183.49000549316406,183.5449981689453,387516
2026-03-04 18:34:00+00:00,183.2698974609375,183.625,183.25,183.6199951171875,425735
2026-03-04 18:35:00+00:00,183.2899932861328,183.3000030517578,183.13999938964844,183.26499938964844,270918
2026-03-04 18:36:00+00:00,183.15989685058594,183.27999877929688,183.1199951171875,183.27999877929688,174689
2026-03-04 18:37:00+00:00,183.35000610351562,183.36000061035156,183.1199951171875,183.16000366210938,308910
2026-03-04 18:38:00+00:00,183.27000427246094,183.35000610351562,183.1199951171875,183.35000610351562,276424
2026-03-04 18:39:00+00:00,183.1750030517578,183.3300018310547,183.1699981689453,183.26499938964844,266081
2026-03-04 18:40:00+00:00,183.24000549316406,183.2550048828125,183.15499877929688,183.17999267578125,157039
2026-03-04 18:41:00+00:00,183.50999450683594,183.63999938964844,183.25,183.25,580968
2026-03-04 18:42:00+00:00,183.63800048828125,183.75999450683594,183.47999572753906,183.5050048828125,605950
2026-03-04 18:43:00+00:00,183.85000610351562,183.86000061035156,183.55499267578125,183.6199951171875,519975
2026-03-04 18:44:00+00:00,183.8249969482422,184.08999633789062,183.7100067138672,183.85000610351562,1053873
2026-03-04 18:45:00+00:00,183.75,183.9199981689453,183.66000366210938,183.82000732421875,534138
2026-03-04 18:46:00+00:00,183.56500244140625,183.75999450683594,183.52999877929688,183.7550048828125,407366
2026-03-04 18:47:00+00:00,183.76499938964844,183.85000610351562,183.5449981689453,183.55499267578125,305455
2026-03-04 18:48:00+00:00,183.81500244140625,183.91000366210938,183.69000244140625,183.77000427246094,330460
2026-03-04 18:49:00+00:00,183.91270446777344,183.97999572753906,183.64999389648438,183.81500244140625,344400
2026-03-04 18:50:00+00:00,184.2006072998047,184.22000122070312,183.84500122070312,183.91000366210938,547698
2026-03-04 18:51:00+00:00,184.4907989501953,184.55999755859375,184.1999969482422,184.2050018310547,786357
2026-03-04 18:52:00+00:00,184.4550018310547,184.52000427246094,184.27999877929688,184.5,545616
2026-03-04 18:53:00+00:00,184.5596923828125,184.61500549316406,184.38999938964844,184.4600067138672,450432
2026-03-04 18:54:00+00:00,184.35000610351562,184.55999755859375,184.3000030517578,184.5500030517578,523083
2026-03-04 18:55:00+00:00,184.39500427246094,184.42999267578125,184.30999755859375,184.35499572753906,362291
2026-03-04 18:56:00+00:00,184.35000610351562,184.51499938964844,184.31500244140625,184.44000244140625,403257
2026-03-04 18:57:00+00:00,184.2100067138672,184.3498992919922,184.1699981689453,184.3498992919922,408962
2026-03-04 18:58:00+00:00,184.30999755859375,184.4550018310547,184.19000244140625,184.1999969482422,385842
2026-03-04 18:59:00+00:00,184.52000427246094,184.5449981689453,184.3000946044922,184.3000946044922,785077
2026-03-04 19:00:00+00:00,184.44500732421875,184.57000732421875,184.3699951171875,184.52000427246094,284134
2026-03-04 19:01:00+00:00,184.63780212402344,184.6999969482422,184.3800048828125,184.4550018310547,523469
2026-03-04 19:02:00+00:00,184.61500549316406,184.6999969482422,184.5800018310547,184.63999938964844,431990
2026-03-04 19:03:00+00:00,184.57009887695312,184.6699981689453,184.56500244140625,184.61500549316406,240492
2026-03-04 19:04:00+00:00,184.4799041748047,184.60000610351562,184.46499633789062,184.5749969482422,289518
2026-03-04 19:05:00+00:00,184.2698974609375,184.55999755859375,184.25,184.46499633789062,448257
2026-03-04 19:06:00+00:00,184.13999938964844,184.28500366210938,184.1199951171875,184.27000427246094,352013
2026-03-04 19:07:00+00:00,184.16000366210938,184.1898956298828,184.0800018310547,184.139892578125,228502
2026-03-04 19:08:00+00:00,184.125,184.17999267578125,184.0800018310547,184.15499877929688,193761
2026-03-04 19:09:00+00:00,184.19009399414062,184.25999450683594,184.10000610351562,184.125,255097
2026-03-04 19:10:00+00:00,184.2550048828125,184.33999633789062,184.17999267578125,184.19940185546875,272608
2026-03-04 19:11:00+00:00,184.19500732421875,184.27000427246094,184.14500427246094,184.25790405273438,185077
2026-03-04 19:12:00+00:00,184.2301025390625,184.3000030517578,184.19000244140625,184.19009399414062,176460
2026-03-04 19:13:00+00:00,184.2100067138672,184.2949981689453,184.14999389648438,184.22999572753906,170357
2026-03-04 19:14:00+00:00,184.14999389648438,184.22000122070312,184.1300048828125,184.21009826660156,166039
2026-03-04 19:15:00+00:00,184.22059631347656,184.2799072265625,184.1300048828125,184.14500427246094,165681
2026-03-04 19:16:00+00:00,184.3699951171875,184.3699951171875,184.19000244140625,184.22999572753906,359904
2026-03-04 19:17:00+00:00,184.5850067138672,184.58999633789062,184.3350067138672,184.3699951171875,421880
2026-03-04 19:18:00+00:00,184.53500366210938,184.63999938964844,184.52999877929688,184.5850067138672,261653
2026-03-04 19:19:00+00:00,184.5800018310547,184.60000610351562,184.5,184.531005859375,250223
2026-03-04 19:20:00+00:00,184.33999633789062,184.64999389648438,184.33999633789062,184.57029724121094,420970
2026-03-04 19:21:00+00:00,184.32989501953125,184.38999938964844,184.25999450683594,184.34500122070312,237860
2026-03-04 19:22:00+00:00,184.25999450683594,184.3300018310547,184.22999572753906,184.32009887695312,189596
2026-03-04 19:23:00+00:00,184.32000732421875,184.32989501953125,184.25,184.25999450683594,163355
2026-03-04 19:24:00+00:00,184.41510009765625,184.42999267578125,184.30999755859375,184.32000732421875,175840
2026-03-04 19:25:00+00:00,184.39999389648438,184.44000244140625,184.32000732421875,184.41000366210938,227226
2026-03-04 19:26:00+00:00,184.18499755859375,184.38999938964844,184.10000610351562,184.38999938964844,272048
2026-03-04 19:27:00+00:00,184.4199981689453,184.47000122070312,184.13499450683594,184.18060302734375,322884
2026-03-04 19:28:00+00:00,184.4949951171875,184.52000427246094,184.360107421875,184.4149932861328,236370
2026-03-04 19:29:00+00:00,184.30499267578125,184.53500366210938,184.3000030517578,184.49070739746094,281314
2026-03-04 19:30:00+00:00,184.18499755859375,184.33999633789062,184.1699981689453,184.30499267578125,278192
2026-03-04 19:31:00+00:00,183.98500061035156,184.1999969482422,183.97000122070312,184.19000244140625,403862
2026-03-04 19:32:00+00:00,183.8800048828125,184.0500030517578,183.83999633789062,183.98500061035156,319222
2026-03-04 19:33:00+00:00,183.9550018310547,183.97000122070312,183.86000061035156,183.875,190230
2026-03-04 19:34:00+00:00,183.97500610351562,184.0,183.89999389648438,183.9550018310547,255929
2026-03-04 19:35:00+00:00,184.0,184.0500030517578,183.89999389648438,183.97000122070312,265570
2026-03-04 19:36:00+00:00,183.9499969482422,184.00999450683594,183.94500732421875,184.0,176902
2026-03-04 19:37:00+00:00,183.97999572753906,184.0449981689453,183.9499969482422,183.9550018310547,237012
2026-03-04 19:38:00+00:00,183.94000244140625,184.0399932861328,183.94000244140625,183.9801025390625,162094
2026-03-04 19:39:00+00:00,183.9761962890625,184.0,183.89999389648438,183.92999267578125,228690
2026-03-04 19:40:00+00:00,183.9600067138672,184.0,183.89999389648438,183.97500610351562,185985
2026-03-04 19:41:00+00:00,183.93499755859375,184.0500030517578,183.9149932861328,183.9600067138672,191386
2026-03-04 19:42:00+00:00,183.8538055419922,183.94500732421875,183.82000732421875,183.94000244140625,230646
2026-03-04 19:43:00+00:00,183.73989868164062,183.86500549316406,183.7100067138672,183.86000061035156,355334
2026-03-04 19:44:00+00:00,183.77999877929688,183.82000732421875,183.72569274902344,183.74000549316406,190586
2026-03-04 19:45:00+00:00,183.8300018310547,183.8699951171875,183.72999572753906,183.77000427246094,215462
2026-03-04 19:46:00+00:00,183.7899932861328,183.85000610351562,183.75999450683594,183.82159423828125,154136
2026-03-04 19:47:00+00:00,183.6197052001953,183.8000030517578,183.5500030517578,183.7949981689453,329317
2026-03-04 19:48:00+00:00,183.7550048828125,183.86500549316406,183.61500549316406,183.61990356445312,283208
2026-03-04 19:49:00+00:00,183.81500244140625,183.82000732421875,183.6999969482422,183.75999450683594,161764
2026-03-04 19:50:00+00:00,183.875,183.8800048828125,183.76499938964844,183.81500244140625,209608
2026-03-04 19:51:00+00:00,183.86000061035156,183.89999389648438,183.7899932861328,183.875,206681
2026-03-04 19:52:00+00:00,183.72999572753906,183.91000366210938,183.72000122070312,183.85000610351562,236587
2026-03-04 19:53:00+00:00,183.78500366210938,183.8300018310547,183.67010498046875,183.72000122070312,206379
2026-03-04 19:54:00+00:00,183.9250030517578,183.9499969482422,183.77000427246094,183.78500366210938,260907
2026-03-04 19:55:00+00:00,183.9949951171875,184.05999755859375,183.88499450683594,183.92999267578125,609636
2026-03-04 19:56:00+00:00,183.75999450683594,184.0,183.7550048828125,183.97999572753906,419979
2026-03-04 19:57:00+00:00,183.7198944091797,183.7864990234375,183.71499633789062,183.75990295410156,216787
2026-03-04 19:58:00+00:00,183.85499572753906,183.90499877929688,183.67999267578125,183.7100067138672,260833
2026-03-04 19:59:00+00:00,183.8249969482422,183.86000061035156,183.78500366210938,183.85499572753906,186608
2026-03-04 20:00:00+00:00,183.5800018310547,183.86000061035156,183.52999877929688,183.7949981689453,284851
2026-03-04 20:01:00+00:00,183.4949951171875,183.62969970703125,183.47000122070312,183.5850067138672,350104
2026-03-04 20:02:00+00:00,183.50889587402344,183.57000732421875,183.4600067138672,183.4949951171875,189003
2026-03-04 20:03:00+00:00,183.4949951171875,183.57000732421875,183.4199981689453,183.5050048828125,571635
2026-03-04 20:04:00+00:00,183.47500610351562,183.5500030517578,183.4600067138672,183.5,173275
2026-03-04 20:05:00+00:00,183.39500427246094,183.5399932861328,183.38999938964844,183.47999572753906,245858
2026-03-04 20:06:00+00:00,183.5800018310547,183.58999633789062,183.3699951171875,183.41000366210938,340068
2026-03-04 20:07:00+00:00,183.5500030517578,183.60000610351562,183.50999450683594,183.5825958251953,199680
2026-03-04 20:08:00+00:00,183.55499267578125,183.65499877929688,183.49000549316406,183.55499267578125,241024
2026-03-04 20:09:00+00:00,183.55999755859375,183.6009979248047,183.47000122070312,183.55499267578125,185684
2026-03-04 20:10:00+00:00,183.33990478515625,183.57000732421875,183.1999969482422,183.57000732421875,472727
2026-03-04 20:11:00+00:00,183.3800048828125,183.47000122070312,183.2899932861328,183.33999633789062,229284
2026-03-04 20:12:00+00:00,183.35499572753906,183.3800048828125,183.27499389648438,183.35000610351562,236977
2026-03-04 20:13:00+00:00,183.39999389648438,183.42999267578125,183.30499267578125,183.35499572753906,198242
2026-03-04 20:14:00+00:00,183.31979370117188,183.41000366210938,183.25,183.39999389648438,168668
2026-03-04 20:15:00+00:00,183.14999389648438,183.32000732421875,183.08999633789062,183.32000732421875,265925
2026-03-04 20:16:00+00:00,183.28500366210938,183.28500366210938,183.14500427246094,183.1580047607422,520750
2026-03-04 20:17:00+00:00,183.22500610351562,183.30999755859375,183.10000610351562,183.28500366210938,706880
2026-03-04 20:18:00+00:00,183.21009826660156,183.2799072265625,183.1699981689453,183.22500610351562,183823
2026-03-04 20:19:00+00:00,183.1999969482422,183.3300018310547,183.19000244140625,183.2238006591797,276206
2026-03-04 20:20:00+00:00,183.22999572753906,183.2698974609375,183.14500427246094,183.2050018310547,238074
2026-03-04 20:21:00+00:00,183.0449981689453,183.22999572753906,183.00999450683594,183.22000122070312,333567
2026-03-04 20:22:00+00:00,182.94000244140625,183.04299926757812,182.8800048828125,183.02999877929688,419638
2026-03-04 20:23:00+00:00,182.8350067138672,182.99000549316406,182.8300018310547,182.94500732421875,348539
2026-03-04 20:24:00+00:00,182.6999969482422,182.86000061035156,182.6699981689453,182.8350067138672,429907
2026-03-04 20:25:00+00:00,182.79010009765625,182.80999755859375,182.6501007080078,182.6999969482422,424228
2026-03-04 20:26:00+00:00,182.80999755859375,182.81500244140625,182.60000610351562,182.7899932861328,407329
2026-03-04 20:27:00+00:00,182.91000366210938,182.92999267578125,182.77999877929688,182.78660583496094,413032
2026-03-04 20:28:00+00:00,183.05999755859375,183.05999755859375,182.83009338378906,182.91000366210938,395763
2026-03-04 20:29:00+00:00,183.07000732421875,183.1699981689453,183.0,183.05999755859375,403626
2026-03-04 20:30:00+00:00,182.9600067138672,183.0800018310547,182.9600067138672,183.0749969482422,304112
2026-03-04 20:31:00+00:00,182.9438018798828,183.00999450683594,182.87750244140625,182.96009826660156,403013
2026-03-04 20:32:00+00:00,182.84219360351562,182.96499633789062,182.7899932861328,182.9499053955078,378610
2026-03-04 20:33:00+00:00,182.8800048828125,182.92999267578125,182.8249969482422,182.84500122070312,242497
2026-03-04 20:34:00+00:00,182.72500610351562,182.91000366210938,182.67999267578125,182.88499450683594,471519
2026-03-04 20:35:00+00:00,182.8907012939453,182.9199981689453,182.69000244140625,182.72000122070312,280613
2026-03-04 20:36:00+00:00,182.94500732421875,182.97999572753906,182.77999877929688,182.88999938964844,344934
2026-03-04 20:37:00+00:00,182.91000366210938,183.02000427246094,182.78500366210938,182.94500732421875,347167
2026-03-04 20:38:00+00:00,183.0050048828125,183.08999633789062,182.781494140625,182.88999938964844,457479
2026-03-04 20:39:00+00:00,182.9600067138672,183.05999755859375,182.9199981689453,183.0,252655
2026-03-04 20:40:00+00:00,183.1802978515625,183.2292022705078,182.89999389648438,182.9600067138672,501583
2026-03-04 20:41:00+00:00,183.0850067138672,183.30999755859375,183.05999755859375,183.18150329589844,446674
2026-03-04 20:42:00+00:00,183.1199951171875,183.1300048828125,183.02999877929688,183.0800018310547,263225
2026-03-04 20:43:00+00:00,183.05499267578125,183.14999389648438,183.02000427246094,183.11000061035156,210393
2026-03-04 20:44:00+00:00,183.0749969482422,183.14999389648438,183.05020141601562,183.05499267578125,213391
2026-03-04 20:45:00+00:00,183.1300048828125,183.14999389648438,183.00999450683594,183.07000732421875,274163
2026-03-04 20:46:00+00:00,182.88999938964844,183.12660217285156,182.88999938964844,183.125,400692
2026-03-04 20:47:00+00:00,183.1038055419922,183.2050018310547,182.89500427246094,182.89500427246094,454476
2026-03-04 20:48:00+00:00,183.11500549316406,183.2050018310547,183.07000732421875,183.08999633789062,1227972
2026-03-04 20:49:00+00:00,183.09500122070312,183.1501007080078,183.0500030517578,183.11000061035156,308383
2026-03-04 20:50:00+00:00,182.80499267578125,183.09500122070312,182.64500427246094,183.09500122070312,890108
2026-03-04 20:51:00+00:00,182.6750030517578,182.85000610351562,182.60000610351562,182.8000030517578,585694
2026-03-04 20:52:00+00:00,182.78500366210938,182.7899932861328,182.66000366210938,182.68499755859375,380354
2026-03-04 20:53:00+00:00,182.75999450683594,182.82989501953125,182.6649932861328,182.7899932861328,541960
2026-03-04 20:54:00+00:00,183.0601043701172,183.19000244140625,182.74000549316406,182.74000549316406,920129
2026-03-04 20:55:00+00:00,183.1199951171875,183.22999572753906,183.01499938964844,183.0399932861328,768253
2026-03-04 20:56:00+00:00,183.16000366210938,183.33999633789062,183.08999633789062,183.11500549316406,1121131
2026-03-04 20:57:00+00:00,183.14500427246094,183.2050018310547,183.0800018310547,183.1300048828125,1005831
2026-03-04 20:58:00+00:00,183.0749969482422,183.17999267578125,183.0749969482422,183.14999389648438,1023214
2026-03-04 20:59:00+00:00,182.91000366210938,183.1300048828125,182.89999389648438,183.0800018310547,2431657
2026-03-05 14:30:00+00:00,181.30999755859375,181.6199951171875,180.9199981689453,181.1699981689453,6160539
2026-03-05 14:31:00+00:00,181.47000122070312,181.50999450683594,180.80999755859375,181.2949981689453,986027
2026-03-05 14:32:00+00:00,181.49000549316406,181.9199981689453,181.25,181.47500610351562,941054
2026-03-05 14:33:00+00:00,181.74000549316406,181.7899932861328,181.25,181.4949951171875,818138
2026-03-05 14:34:00+00:00,181.72999572753906,181.8800048828125,181.5366973876953,181.7301025390625,612230
2026-03-05 14:35:00+00:00,181.8699951171875,182.08999633789062,181.51499938964844,181.7200927734375,979926
2026-03-05 14:36:00+00:00,182.27000427246094,182.4600067138672,181.64999389648438,181.86500549316406,1101523
2026-03-05 14:37:00+00:00,181.9499969482422,182.29010009765625,181.73989868164062,182.26010131835938,741533
2026-03-05 14:38:00+00:00,181.64500427246094,182.0800018310547,181.55999755859375,181.94979858398438,666551
2026-03-05 14:39:00+00:00,181.47000122070312,181.7100067138672,181.27499389648438,181.63999938964844,723345
2026-03-05 14:40:00+00:00,181.0800018310547,181.5,181.0500030517578,181.4593963623047,735303
2026-03-05 14:41:00+00:00,181.5500946044922,181.66000366210938,181.0,181.07009887695312,929084
2026-03-05 14:42:00+00:00,181.22000122070312,181.68359375,181.17999267578125,181.55999755859375,568668
2026-03-05 14:43:00+00:00,181.3101043701172,181.47999572753906,181.1699981689453,181.2100067138672,517669
2026-03-05 14:44:00+00:00,181.08999633789062,181.4600067138672,181.02999877929688,181.30999755859375,597992
2026-03-05 14:45:00+00:00,180.9510040283203,181.19000244140625,180.89999389648438,181.10000610351562,887109
2026-03-05 14:46:00+00:00,181.27000427246094,181.44500732421875,180.9250030517578,180.9600067138672,626229
2026-03-05 14:47:00+00:00,181.72000122070312,181.75999450683594,181.19000244140625,181.2899932861328,593556
2026-03-05 14:48:00+00:00,182.16000366210938,182.16000366210938,181.7100067138672,181.7100067138672,739459
2026-03-05 14:49:00+00:00,181.8300018310547,182.36000061035156,181.7100067138672,182.17010498046875,842863
2026-03-05 14:50:00+00:00,182.10000610351562,182.15499877929688,181.64999389648438,181.8249969482422,605479
2026-03-05 14:51:00+00:00,182.4499969482422,182.53990173339844,182.05670166015625,182.10000610351562,760897
2026-03-05 14:52:00+00:00,182.14999389648438,182.4600067138672,182.1300048828125,182.4600067138672,432020
2026-03-05 14:53:00+00:00,182.14990234375,182.22999572753906,181.97500610351562,182.1300048828125,473628
2026-03-05 14:54:00+00:00,182.25509643554688,182.27699279785156,182.0500030517578,182.13250732421875,349845
2026-03-05 14:55:00+00:00,182.139892578125,182.2899932861328,181.99000549316406,182.2303009033203,390480
2026-03-05 14:56:00+00:00,182.11000061035156,182.19000244140625,182.02999877929688,182.125,242236
2026-03-05 14:57:00+00:00,182.4199981689453,182.4600067138672,182.1199951171875,182.13499450683594,395297
2026-03-05 14:58:00+00:00,182.6199951171875,182.7899932861328,182.37010192871094,182.41769409179688,638803
2026-03-05 14:59:00+00:00,182.46249389648438,182.64999389648438,182.33999633789062,182.6199951171875,635374
2026-03-05 15:00:00+00:00,182.6999969482422,182.78500366210938,182.4425048828125,182.4600067138672,535291
2026-03-05 15:01:00+00:00,182.38619995117188,182.7209930419922,182.34210205078125,182.6999969482422,504877
2026-03-05 15:02:00+00:00,182.51499938964844,182.52999877929688,182.3000030517578,182.3925018310547,340198
2026-03-05 15:03:00+00:00,182.25509643554688,182.5399932861328,182.22000122070312,182.51499938964844,406493
2026-03-05 15:04:00+00:00,182.102294921875,182.3350067138672,182.0500030517578,182.2550048828125,427308
2026-03-05 15:05:00+00:00,181.99180603027344,182.15989685058594,181.90159606933594,182.10499572753906,442974
2026-03-05 15:06:00+00:00,182.10000610351562,182.11000061035156,181.9499969482422,182.00999450683594,294846
2026-03-05 15:07:00+00:00,181.95010375976562,182.25999450683594,181.85000610351562,182.10499572753906,487003
2026-03-05 15:08:00+00:00,181.9250030517578,182.0800018310547,181.80999755859375,181.97000122070312,405255
2026-03-05 15:09:00+00:00,182.1300048828125,182.17999267578125,181.9250030517578,181.92999267578125,352258
2026-03-05 15:10:00+00:00,182.4499969482422,182.49000549316406,182.11000061035156,182.1300048828125,652729
2026-03-05 15:11:00+00:00,182.16000366210938,182.65499877929688,182.16000366210938,182.44000244140625,627061
2026-03-05 15:12:00+00:00,182.22999572753906,182.44000244140625,182.1300048828125,182.13999938964844,533785
2026-03-05 15:13:00+00:00,182.35499572753906,182.4199981689453,182.13999938964844,182.24000549316406,368540
2026-03-05 15:14:00+00:00,182.5850067138672,182.64999389648438,182.3726043701172,182.375,522447
2026-03-05 15:15:00+00:00,182.61500549316406,182.67999267578125,182.5,182.58999633789062,454466
2026-03-05 15:16:00+00:00,182.50010681152344,182.6999969482422,182.24000549316406,182.61500549316406,493482
2026-03-05 15:17:00+00:00,182.3000030517578,182.5800018310547,182.22999572753906,182.51499938964844,348113
2026-03-05 15:18:00+00:00,182.46600341796875,182.5447998046875,182.19000244140625,182.31500244140625,458531
2026-03-05 15:19:00+00:00,182.52000427246094,182.65499877929688,182.44000244140625,182.4499969482422,509884
2026-03-05 15:20:00+00:00,182.59500122070312,182.61500549316406,182.27999877929688,182.52000427246094,377831
2026-03-05 15:21:00+00:00,182.34100341796875,182.61000061035156,182.30999755859375,182.59500122070312,348483
2026-03-05 15:22:00+00:00,182.2100067138672,182.39999389648438,182.07000732421875,182.35989379882812,530754
2026-03-05 15:23:00+00:00,182.2899932861328,182.39999389648438,182.0800018310547,182.22000122070312,369630
2026-03-05 15:24:00+00:00,182.0196990966797,182.30499267578125,182.0,182.30499267578125,372962
2026-03-05 15:25:00+00:00,181.875,182.0399932861328,181.86000061035156,182.00999450683594,464798
2026-03-05 15:26:00+00:00,181.91510009765625,182.07000732421875,181.85000610351562,181.89500427246094,383951
2026-03-05 15:27:00+00:00,181.89999389648438,182.05999755859375,181.82000732421875,181.9149932861328,456028
2026-03-05 15:28:00+00:00,181.47000122070312,181.91000366210938,181.47000122070312,181.89999389648438,657305
2026-03-05 15:29:00+00:00,181.69500732421875,181.6999969482422,181.44500732421875,181.4698944091797,367706
2026-03-05 15:30:00+00:00,181.0449981689453,181.7086944580078,180.9499969482422,181.6999969482422,870424
2026-03-05 15:31:00+00:00,180.97000122070312,181.11000061035156,180.92999267578125,181.04379272460938,514465
2026-03-05 15:32:00+00:00,181.19000244140625,181.2100067138672,180.85499572753906,180.97500610351562,586766
2026-03-05 15:33:00+00:00,181.61500549316406,181.6199951171875,181.14999389648438,181.17999267578125,556731
2026-03-05 15:34:00+00:00,181.5399932861328,181.6300048828125,181.27000427246094,181.61500549316406,412488
2026-03-05 15:35:00+00:00,181.66000366210938,181.6699981689453,181.38999938964844,181.5449981689453,335706
2026-03-05 15:36:00+00:00,181.83999633789062,182.00999450683594,181.6750030517578,181.6750030517578,614795
2026-03-05 15:37:00+00:00,181.97999572753906,182.07000732421875,181.85000610351562,181.8699951171875,466771
2026-03-05 15:38:00+00:00,182.0850067138672,182.10000610351562,181.8800048828125,181.97509765625,384009
2026-03-05 15:39:00+00:00,182.23280334472656,182.27000427246094,182.02000427246094,182.08999633789062,510157
2026-03-05 15:40:00+00:00,182.32000732421875,182.44500732421875,182.2100067138672,182.24000549316406,539209
2026-03-05 15:41:00+00:00,182.62620544433594,182.63999938964844,182.27999877929688,182.3300018310547,596111
2026-03-05 15:42:00+00:00,182.59500122070312,182.75999450683594,182.50999450683594,182.625,509570
2026-03-05 15:43:00+00:00,182.3802032470703,182.6750030517578,182.25,182.58999633789062,591777
2026-03-05 15:44:00+00:00,182.4969940185547,182.49989318847656,182.27999877929688,182.38999938964844,322847
2026-03-05 15:45:00+00:00,182.41000366210938,182.66000366210938,182.3325958251953,182.5,405281
2026-03-05 15:46:00+00:00,182.77499389648438,182.77999877929688,182.39999389648438,182.42999267578125,381011
2026-03-05 15:47:00+00:00,182.88999938964844,182.94000244140625,182.75999450683594,182.77999877929688,616741
2026-03-05 15:48:00+00:00,182.91000366210938,183.0800018310547,182.8699951171875,182.88999938964844,654904
2026-03-05 15:49:00+00:00,183.02999877929688,183.06849670410156,182.7899932861328,182.9199981689453,419371
2026-03-05 15:50:00+00:00,183.47000122070312,183.49000549316406,182.91000366210938,183.02999877929688,691516
2026-03-05 15:51:00+00:00,183.46499633789062,183.5500030517578,183.4199981689453,183.4600067138672,555870
2026-03-05 15:52:00+00:00,183.47999572753906,183.55999755859375,183.33009338378906,183.47999572753906,431208
2026-03-05 15:53:00+00:00,183.55819702148438,183.60000610351562,183.38999938964844,183.49000549316406,489142
2026-03-05 15:54:00+00:00,183.5800018310547,183.82000732421875,183.5500030517578,183.5500030517578,672685
2026-03-05 15:55:00+00:00,183.62030029296875,183.7100067138672,183.41000366210938,183.5850067138672,524768
2026-03-05 15:56:00+00:00,183.51930236816406,183.6649932861328,183.43499755859375,183.625,376464
2026-03-05 15:57:00+00:00,183.72999572753906,183.8300018310547,183.5050048828125,183.52000427246094,487375
2026-03-05 15:58:00+00:00,183.8000030517578,183.85000610351562,183.61000061035156,183.7299041748047,363885
2026-03-05 15:59:00+00:00,183.9199981689453,183.9199981689453,183.72509765625,183.80160522460938,482452
2026-03-05 16:00:00+00:00,183.91000366210938,184.0,183.82620239257812,183.88999938964844,501513
2026-03-05 16:01:00+00:00,183.8000030517578,183.97999572753906,183.54010009765625,183.91729736328125,610374
2026-03-05 16:02:00+00:00,183.94500732421875,183.9597930908203,183.67999267578125,183.82510375976562,375984
2026-03-05 16:03:00+00:00,183.875,184.0399932861328,183.82009887695312,183.94509887695312,480946
2026-03-05 16:04:00+00:00,183.63499450683594,183.94000244140625,183.63499450683594,183.8773956298828,437334
2026-03-05 16:05:00+00:00,183.8699951171875,184.05999755859375,183.6300048828125,183.6300048828125,449362
2026-03-05 16:06:00+00:00,183.69500732421875,183.8800048828125,183.63999938964844,183.8699951171875,355849
2026-03-05 16:07:00+00:00,183.35499572753906,183.72500610351562,183.3249969482422,183.6999969482422,581680
2026-03-05 16:08:00+00:00,183.47000122070312,183.5,183.21009826660156,183.35499572753906,497357
2026-03-05 16:09:00+00:00,183.2899932861328,183.52499389648438,183.2899932861328,183.47509765625,311029
2026-03-05 16:10:00+00:00,183.33070373535156,183.38999938964844,183.25999450683594,183.2899932861328,373188
2026-03-05 16:11:00+00:00,183.17999267578125,183.33990478515625,183.02000427246094,183.3300018310547,458037
2026-03-05 16:12:00+00:00,183.27000427246094,183.27000427246094,183.0500030517578,183.1649932861328,325819
2026-03-05 16:13:00+00:00,183.6199951171875,183.75,183.19000244140625,183.27000427246094,642037
2026-03-05 16:14:00+00:00,183.4499969482422,183.68499755859375,183.3300018310547,183.61000061035156,349072
2026-03-05 16:15:00+00:00,183.30999755859375,183.6199951171875,183.25,183.4499053955078,348209
2026-03-05 16:16:00+00:00,183.23500061035156,183.42999267578125,183.16000366210938,183.3300018310547,281749
2026-03-05 16:17:00+00:00,183.24000549316406,183.33009338378906,183.1750030517578,183.22999572753906,213055
2026-03-05 16:18:00+00:00,183.32000732421875,183.39999389648438,183.1024932861328,183.22999572753906,349305
2026-03-05 16:19:00+00:00,183.02999877929688,183.35000610351562,183.00999450683594,183.31500244140625,380157
2026-03-05 16:20:00+00:00,183.03500366210938,183.17999267578125,182.9250030517578,183.02499389648438,398385
2026-03-05 16:21:00+00:00,182.99000549316406,183.07000732421875,182.8699951171875,183.03500366210938,323356
2026-03-05 16:22:00+00:00,183.28990173339844,183.35000610351562,182.92999267578125,182.99000549316406,422630
2026-03-05 16:23:00+00:00,182.9499969482422,183.33990478515625,182.91000366210938,183.30999755859375,326783
2026-03-05 16:24:00+00:00,183.06500244140625,183.1737060546875,182.91000366210938,182.94500732421875,295331
2026-03-05 16:25:00+00:00,183.3249969482422,183.39999389648438,183.0,183.05999755859375,360300
2026-03-05 16:26:00+00:00,183.15499877929688,183.39840698242188,183.0500946044922,183.32139587402344,267732
2026-03-05 16:27:00+00:00,183.20989990234375,183.32000732421875,183.13999938964844,183.15899658203125,188072
2026-03-05 16:28:00+00:00,182.8800048828125,183.22000122070312,182.8249969482422,183.2050018310547,327164
2026-03-05 16:29:00+00:00,182.77999877929688,182.87989807128906,182.72000122070312,182.87989807128906,270555
2026-03-05 16:30:00+00:00,183.01010131835938,183.04100036621094,182.77000427246094,182.8000030517578,321187
2026-03-05 16:31:00+00:00,183.3000030517578,183.3000030517578,182.99000549316406,183.0115966796875,372858
2026-03-05 16:32:00+00:00,183.39999389648438,183.4600067138672,183.21009826660156,183.2949981689453,378468
2026-03-05 16:33:00+00:00,183.6699981689453,183.6699981689453,183.41009521484375,183.4250030517578,386356
2026-03-05 16:34:00+00:00,183.4105987548828,183.6699981689453,183.25990295410156,183.66000366210938,361390
2026-03-05 16:35:00+00:00,183.22999572753906,183.5449981689453,183.10499572753906,183.41619873046875,543137
2026-03-05 16:36:00+00:00,183.08839416503906,183.27000427246094,183.07000732421875,183.19000244140625,268995
2026-03-05 16:37:00+00:00,183.22500610351562,183.26499938964844,183.07000732421875,183.08999633789062,272324
2026-03-05 16:38:00+00:00,183.19500732421875,183.34689331054688,183.14999389648438,183.22000122070312,260034
2026-03-05 16:39:00+00:00,183.22000122070312,183.39999389648438,183.1199951171875,183.22000122070312,218032
2026-03-05 16:40:00+00:00,183.3498992919922,183.45089721679688,183.2050018310547,183.24000549316406,296832
2026-03-05 16:41:00+00:00,183.0198974609375,183.38499450683594,182.9499969482422,183.36000061035156,351987
2026-03-05 16:42:00+00:00,182.91009521484375,183.0998992919922,182.89500427246094,183.03619384765625,215497
2026-03-05 16:43:00+00:00,183.125,183.1595001220703,182.9149932861328,182.91619873046875,196307
2026-03-05 16:44:00+00:00,183.0399932861328,183.13999938964844,183.00010681152344,183.1199951171875,124563
2026-03-05 16:45:00+00:00,183.31500244140625,183.3538055419922,183.0399932861328,183.0500030517578,260931
2026-03-05 16:46:00+00:00,183.22000122070312,183.4250030517578,183.1999969482422,183.3249969482422,212846
2026-03-05 16:47:00+00:00,183.2899932861328,183.3800048828125,183.14999389648438,183.23989868164062,142770
2026-03-05 16:48:00+00:00,183.1199951171875,183.34500122070312,183.10989379882812,183.27999877929688,152538
2026-03-05 16:49:00+00:00,182.97850036621094,183.18499755859375,182.9550018310547,183.11000061035156,215337
2026-03-05 16:50:00+00:00,183.02499389648438,183.09500122070312,182.92970275878906,183.0,162655
2026-03-05 16:51:00+00:00,182.8800048828125,183.04510498046875,182.8800048828125,183.0449981689453,181427
2026-03-05 16:52:00+00:00,183.09500122070312,183.10000610351562,182.8800048828125,182.8800048828125,193542
2026-03-05 16:53:00+00:00,183.05999755859375,183.2198944091797,183.0,183.09500122070312,237339
2026-03-05 16:54:00+00:00,183.14450073242188,183.1699981689453,183.02749633789062,183.07000732421875,140748
2026-03-05 16:55:00+00:00,183.29989624023438,183.30999755859375,183.11000061035156,183.14500427246094,270316
2026-03-05 16:56:00+00:00,183.1999969482422,183.33999633789062,183.17999267578125,183.29510498046875,206658
2026-03-05 16:57:00+00:00,183.1873016357422,183.28970336914062,183.18380737304688,183.2050018310547,121496
2026-03-05 16:58:00+00:00,183.3302001953125,183.38999938964844,183.1199951171875,183.17999267578125,293738
2026-03-05 16:59:00+00:00,183.02000427246094,183.33999633789062,182.96499633789062,183.3350067138672,343521
2026-03-05 17:00:00+00:00,182.94000244140625,183.05999755859375,182.94000244140625,183.02000427246094,245340
2026-03-05 17:01:00+00:00,183.09500122070312,183.13499450683594,182.91000366210938,182.94200134277344,218570
2026-03-05 17:02:00+00:00,183.2050018310547,183.23989868164062,183.10000610351562,183.10499572753906,139525
2026-03-05 17:03:00+00:00,183.36000061035156,183.39999389648438,183.13499450683594,183.20849609375,215224
2026-03-05 17:04:00+00:00,183.6199951171875,183.64999389648438,183.33999633789062,183.35499572753906,345921
2026-03-05 17:05:00+00:00,183.69000244140625,183.7100067138672,183.5500030517578,183.61000061035156,269649
2026-03-05 17:06:00+00:00,183.60000610351562,183.8300018310547,183.57000732421875,183.68699645996094,302070
2026-03-05 17:07:00+00:00,183.41000366210938,183.61940002441406,183.35659790039062,183.61500549316406,274344
2026-03-05 17:08:00+00:00,183.3800048828125,183.53990173339844,183.34500122070312,183.40499877929688,186335
2026-03-05 17:09:00+00:00,183.0500030517578,183.4210968017578,183.0500030517578,183.3800048828125,242599
2026-03-05 17:10:00+00:00,182.75999450683594,183.0449981689453,182.6999969482422,183.0449981689453,345712
2026-03-05 17:11:00+00:00,182.99000549316406,183.0,182.77000427246094,182.77000427246094,262337
2026-03-05 17:12:00+00:00,182.94500732421875,183.0500030517578,182.8885040283203,183.0,347908
2026-03-05 17:13:00+00:00,182.73049926757812,182.97000122070312,182.5449981689453,182.92999267578125,462516
2026-03-05 17:14:00+00:00,182.81500244140625,182.83990478515625,182.69500732421875,182.74000549316406,202890
2026-03-05 17:15:00+00:00,182.47000122070312,182.82000732421875,182.4600067138672,182.81080627441406,330535
2026-03-05 17:16:00+00:00,182.40049743652344,182.61000061035156,182.33999633789062,182.47500610351562,433061
2026-03-05 17:17:00+00:00,182.27999877929688,182.39999389648438,182.264404296875,182.39999389648438,301250
2026-03-05 17:18:00+00:00,182.19000244140625,182.3000030517578,182.1750030517578,182.27999877929688,277115
2026-03-05 17:19:00+00:00,181.99000549316406,182.19500732421875,181.86500549316406,182.19000244140625,423087
2026-03-05 17:20:00+00:00,181.9976043701172,182.14999389648438,181.93629455566406,181.99000549316406,329584
2026-03-05 17:21:00+00:00,181.81500244140625,182.02000427246094,181.7530059814453,181.99940490722656,326915
2026-03-05 17:22:00+00:00,181.9949951171875,182.01939392089844,181.82000732421875,181.82000732421875,238098
2026-03-05 17:23:00+00:00,181.9499969482422,182.07000732421875,181.89999389648438,182.00999450683594,205155
2026-03-05 17:24:00+00:00,182.03500366210938,182.16000366210938,181.9499969482422,181.95010375976562,249598
2026-03-05 17:25:00+00:00,181.9774932861328,182.0850067138672,181.9499969482422,182.03500366210938,251112
2026-03-05 17:26:00+00:00,182.0699005126953,182.10000610351562,181.86000061035156,181.97000122070312,262686
2026-03-05 17:27:00+00:00,181.94000244140625,182.1199951171875,181.91000366210938,182.0699005126953,211853
2026-03-05 17:28:00+00:00,181.63059997558594,182.24000549316406,181.6199951171875,181.93499755859375,615572
2026-03-05 17:29:00+00:00,181.07000732421875,181.7899932861328,181.07000732421875,181.63999938964844,1413574
2026-03-05 17:30:00+00:00,180.7030029296875,181.22000122070312,180.60000610351562,181.07000732421875,1329975
2026-03-05 17:31:00+00:00,180.0449981689453,180.71499633789062,180.0,180.71499633789062,1708431
2026-03-05 17:32:00+00:00,180.0500030517578,180.13999938964844,179.72999572753906,180.0449981689453,1177907
2026-03-05 17:33:00+00:00,180.03399658203125,180.4199981689453,180.0,180.0500030517578,859967
2026-03-05 17:34:00+00:00,180.16000366210938,180.33999633789062,179.9499969482422,180.0800018310547,712583
2026-03-05 17:35:00+00:00,179.77000427246094,180.52999877929688,179.75,180.1999969482422,1066106
2026-03-05 17:36:00+00:00,179.67340087890625,179.97000122070312,179.6300048828125,179.7718048095703,922532
2026-03-05 17:37:00+00:00,180.22000122070312,180.3000030517578,179.58009338378906,179.67999267578125,1120672
2026-03-05 17:38:00+00:00,179.77000427246094,180.3000030517578,179.77000427246094,180.21499633789062,478673
2026-03-05 17:39:00+00:00,179.6300048828125,180.0,179.5,179.75999450683594,596149
2026-03-05 17:40:00+00:00,179.7550048828125,179.8699951171875,179.4600067138672,179.6199951171875,559031
2026-03-05 17:41:00+00:00,179.47000122070312,179.75999450683594,179.39999389648438,179.75999450683594,602308
2026-03-05 17:42:00+00:00,179.4499969482422,179.59500122070312,179.38999938964844,179.45750427246094,448882
2026-03-05 17:43:00+00:00,179.44500732421875,179.80999755859375,179.39999389648438,179.4550018310547,592670
2026-03-05 17:44:00+00:00,179.36000061035156,179.47000122070312,179.2050018310547,179.4499969482422,627360
2026-03-05 17:45:00+00:00,179.3000030517578,179.4600067138672,179.25999450683594,179.35000610351562,418598
2026-03-05 17:46:00+00:00,178.9949951171875,179.36749267578125,178.91290283203125,179.30499267578125,1129797
2026-03-05 17:47:00+00:00,178.83009338378906,179.0,178.7100067138672,178.97999572753906,747701
2026-03-05 17:48:00+00:00,178.55499267578125,178.97999572753906,178.31500244140625,178.83990478515625,1034146
2026-03-05 17:49:00+00:00,178.35000610351562,178.64999389648438,178.2899932861328,178.55499267578125,726230
2026-03-05 17:50:00+00:00,178.11500549316406,178.41000366210938,177.88999938964844,178.3800048828125,1108013
2026-03-05 17:51:00+00:00,178.3800048828125,178.4958953857422,178.0399932861328,178.1300048828125,869342
2026-03-05 17:52:00+00:00,178.7700958251953,178.8699951171875,178.197998046875,178.40499877929688,855614
2026-03-05 17:53:00+00:00,178.58380126953125,178.88999938964844,178.5500030517578,178.77000427246094,538795
2026-03-05 17:54:00+00:00,178.3300018310547,178.6387939453125,178.02999877929688,178.57000732421875,715623
2026-03-05 17:55:00+00:00,178.39500427246094,178.50999450683594,178.27000427246094,178.3300018310547,422862
2026-03-05 17:56:00+00:00,178.22000122070312,178.42999267578125,178.0800018310547,178.3800048828125,490763
2026-03-05 17:57:00+00:00,178.61500549316406,178.64999389648438,178.17999267578125,178.22000122070312,519094
2026-03-05 17:58:00+00:00,178.6750030517578,178.75,178.35000610351562,178.61000061035156,813940
2026-03-05 17:59:00+00:00,178.6750030517578,178.72999572753906,178.52999877929688,178.67999267578125,422051
2026-03-05 18:00:00+00:00,178.98500061035156,179.139892578125,178.64500427246094,178.6699981689453,751582
2026-03-05 18:01:00+00:00,179.02000427246094,179.0500030517578,178.66009521484375,179.0,484129
2026-03-05 18:02:00+00:00,178.74000549316406,179.1699981689453,178.7100067138672,179.01499938964844,534822
2026-03-05 18:03:00+00:00,179.09939575195312,179.10000610351562,178.75999450683594,178.75999450683594,430051
2026-03-05 18:04:00+00:00,179.1199951171875,179.19000244140625,178.97999572753906,179.09500122070312,498518
2026-03-05 18:05:00+00:00,179.19500732421875,179.25,179.02000427246094,179.11000061035156,439803
2026-03-05 18:06:00+00:00,179.2967071533203,179.3800048828125,179.1300048828125,179.19000244140625,495107
2026-03-05 18:07:00+00:00,179.80999755859375,179.82000732421875,179.27999877929688,179.2899932861328,559275
2026-03-05 18:08:00+00:00,179.69000244140625,179.91000366210938,179.52499389648438,179.81500244140625,672325
2026-03-05 18:09:00+00:00,179.72999572753906,179.7689971923828,179.43499755859375,179.68499755859375,464802
2026-03-05 18:10:00+00:00,179.8699951171875,179.8699951171875,179.5500030517578,179.7200927734375,474208
2026-03-05 18:11:00+00:00,179.5,179.88900756835938,179.4949951171875,179.8699951171875,582379
2026-03-05 18:12:00+00:00,179.62640380859375,179.67999267578125,179.32000732421875,179.52499389648438,457834
2026-03-05 18:13:00+00:00,179.7899932861328,179.79989624023438,179.49000549316406,179.6300048828125,602419
2026-03-05 18:14:00+00:00,179.8300018310547,179.9250030517578,179.7100067138672,179.77999877929688,426004
2026-03-05 18:15:00+00:00,179.9499969482422,180.1199951171875,179.82009887695312,179.84500122070312,639175
2026-03-05 18:16:00+00:00,179.9398956298828,179.97999572753906,179.77999877929688,179.9499969482422,256213
2026-03-05 18:17:00+00:00,179.75990295410156,179.97500610351562,179.72000122070312,179.92999267578125,326708
2026-03-05 18:18:00+00:00,179.46749877929688,179.9149932861328,179.4600067138672,179.7550048828125,404433
2026-03-05 18:19:00+00:00,179.125,179.48500061035156,179.02999877929688,179.46400451660156,482258
2026-03-05 18:20:00+00:00,179.22999572753906,179.30999755859375,179.1300048828125,179.1300048828125,299632
2026-03-05 18:21:00+00:00,179.2899932861328,179.32000732421875,179.08999633789062,179.2449951171875,382466
2026-03-05 18:22:00+00:00,179.58999633789062,179.67999267578125,179.25,179.2550048828125,323292
2026-03-05 18:23:00+00:00,179.50999450683594,179.61000061035156,179.3300018310547,179.58990478515625,281212
2026-03-05 18:24:00+00:00,179.52940368652344,179.55999755859375,179.375,179.4949951171875,221469
2026-03-05 18:25:00+00:00,179.19000244140625,179.63619995117188,179.1699981689453,179.5399932861328,337642
2026-03-05 18:26:00+00:00,179.02999877929688,179.19000244140625,179.0,179.1699981689453,399106
2026-03-05 18:27:00+00:00,179.0500030517578,179.11990356445312,179.0,179.0399932861328,294200
2026-03-05 18:28:00+00:00,178.88340759277344,179.13999938964844,178.86000061035156,179.0800018310547,380855
2026-03-05 18:29:00+00:00,178.87989807128906,178.97000122070312,178.77000427246094,178.8997039794922,284622
2026-03-05 18:30:00+00:00,179.11000061035156,179.22500610351562,178.8000030517578,178.8699951171875,516825
2026-03-05 18:31:00+00:00,179.30999755859375,179.33999633789062,179.0500946044922,179.11000061035156,272617
2026-03-05 18:32:00+00:00,179.1999969482422,179.3350067138672,179.05999755859375,179.30999755859375,206438
2026-03-05 18:33:00+00:00,179.32000732421875,179.41000366210938,179.11000061035156,179.1999053955078,246500
2026-03-05 18:34:00+00:00,179.375,179.47000122070312,179.24000549316406,179.35000610351562,223639
2026-03-05 18:35:00+00:00,179.55499267578125,179.69509887695312,179.375,179.375,328820
2026-03-05 18:36:00+00:00,179.21499633789062,179.5800018310547,179.19000244140625,179.5570068359375,295520
2026-03-05 18:37:00+00:00,179.3802032470703,179.40499877929688,179.2050018310547,179.2050018310547,217589
2026-03-05 18:38:00+00:00,179.74620056152344,179.77499389648438,179.39500427246094,179.39990234375,322896
2026-03-05 18:39:00+00:00,179.72999572753906,179.85499572753906,179.66000366210938,179.74989318847656,281760
2026-03-05 18:40:00+00:00,179.89999389648438,179.95989990234375,179.6300048828125,179.73500061035156,275159
2026-03-05 18:41:00+00:00,179.82960510253906,179.9250030517578,179.77000427246094,179.90499877929688,311304
2026-03-05 18:42:00+00:00,180.02330017089844,180.125,179.8249969482422,179.8249969482422,456486
2026-03-05 18:43:00+00:00,180.01499938964844,180.19000244140625,179.89999389648438,180.01010131835938,416814
2026-03-05 18:44:00+00:00,179.94000244140625,180.0800018310547,179.9250030517578,180.01499938964844,304479
2026-03-05 18:45:00+00:00,179.72999572753906,180.0,179.7100067138672,179.93499755859375,382210
2026-03-05 18:46:00+00:00,179.97500610351562,180.0,179.61000061035156,179.73800659179688,335683
2026-03-05 18:47:00+00:00,180.01010131835938,180.06500244140625,179.87249755859375,179.97000122070312,321651
2026-03-05 18:48:00+00:00,179.84500122070312,180.02999877929688,179.72000122070312,180.0133056640625,290513
2026-03-05 18:49:00+00:00,179.89500427246094,179.9199981689453,179.8199005126953,179.83999633789062,170927
2026-03-05 18:50:00+00:00,179.7904052734375,179.92999267578125,179.67999267578125,179.89999389648438,202433
2026-03-05 18:51:00+00:00,179.7501983642578,179.89999389648438,179.7100067138672,179.7899932861328,218604
2026-03-05 18:52:00+00:00,179.77999877929688,179.8083953857422,179.6999969482422,179.76499938964844,176902
2026-03-05 18:53:00+00:00,179.66200256347656,179.7899932861328,179.6300048828125,179.7899932861328,169115
2026-03-05 18:54:00+00:00,179.4810028076172,179.73500061035156,179.4199981689453,179.64999389648438,370118
2026-03-05 18:55:00+00:00,179.5500030517578,179.61000061035156,179.47000122070312,179.47999572753906,155247
2026-03-05 18:56:00+00:00,179.64999389648438,179.82000732421875,179.54379272460938,179.5500030517578,226318
2026-03-05 18:57:00+00:00,179.76539611816406,179.80499267578125,179.5399932861328,179.6300048828125,159533
2026-03-05 18:58:00+00:00,179.86000061035156,180.0399932861328,179.72999572753906,179.76499938964844,274597
2026-03-05 18:59:00+00:00,179.97500610351562,179.99000549316406,179.86000061035156,179.86500549316406,227316
2026-03-05 19:00:00+00:00,180.14939880371094,180.16000366210938,179.87229919433594,179.97000122070312,303095
2026-03-05 19:01:00+00:00,180.24899291992188,180.32000732421875,180.13999938964844,180.14849853515625,563696
2026-03-05 19:02:00+00:00,180.36000061035156,180.3957977294922,180.2050018310547,180.2449951171875,255798
2026-03-05 19:03:00+00:00,180.2100067138672,180.3800048828125,180.17999267578125,180.34500122070312,217329
2026-03-05 19:04:00+00:00,180.2949981689453,180.38999938964844,180.1199951171875,180.2100067138672,292784
2026-03-05 19:05:00+00:00,180.49000549316406,180.5,180.24000549316406,180.27000427246094,381620
2026-03-05 19:06:00+00:00,180.3699951171875,180.5399932861328,180.3699951171875,180.4700927734375,272972
2026-03-05 19:07:00+00:00,180.34500122070312,180.42999267578125,180.3000030517578,180.3699951171875,215180
2026-03-05 19:08:00+00:00,180.25999450683594,180.375,180.13999938964844,180.35000610351562,705477
2026-03-05 19:09:00+00:00,180.5800018310547,180.61000061035156,180.24000549316406,180.26499938964844,425110
2026-03-05 19:10:00+00:00,180.5399932861328,180.625,180.39999389648438,180.58999633789062,252266
2026-03-05 19:11:00+00:00,180.64500427246094,180.6990966796875,180.52000427246094,180.5301055908203,226063
2026-03-05 19:12:00+00:00,180.69500732421875,180.72999572753906,180.5,180.64500427246094,236364
2026-03-05 19:13:00+00:00,180.74000549316406,180.77000427246094,180.6199951171875,180.69000244140625,265501
2026-03-05 19:14:00+00:00,180.72999572753906,180.8000030517578,180.69000244140625,180.7449951171875,231481
2026-03-05 19:15:00+00:00,180.64500427246094,180.75,180.5449981689453,180.72999572753906,270327
2026-03-05 19:16:00+00:00,180.6750030517578,180.76499938964844,180.55499267578125,180.63999938964844,216914
2026-03-05 19:17:00+00:00,180.72000122070312,180.81500244140625,180.67999267578125,180.69000244140625,469992
2026-03-05 19:18:00+00:00,180.80099487304688,180.85000610351562,180.7100067138672,180.72500610351562,229837
2026-03-05 19:19:00+00:00,180.8300018310547,180.85000610351562,180.65499877929688,180.81500244140625,264798
2026-03-05 19:20:00+00:00,180.85000610351562,181.02000427246094,180.80499267578125,180.85000610351562,807785
2026-03-05 19:21:00+00:00,180.75999450683594,180.9199981689453,180.6699981689453,180.85000610351562,322970
2026-03-05 19:22:00+00:00,180.52999877929688,180.86000061035156,180.50999450683594,180.77499389648438,342184
2026-03-05 19:23:00+00:00,180.6573944091797,180.72999572753906,180.44009399414062,180.52000427246094,261885
2026-03-05 19:24:00+00:00,180.72999572753906,180.77999877929688,180.63999938964844,180.6699981689453,208135
2026-03-05 19:25:00+00:00,180.3000030517578,180.8300018310547,180.2899932861328,180.72999572753906,428229
2026-03-05 19:26:00+00:00,180.49000549316406,180.5800018310547,180.3000946044922,180.30999755859375,285534
2026-03-05 19:27:00+00:00,180.44500732421875,180.5449981689453,180.35000610351562,180.48500061035156,189203
2026-03-05 19:28:00+00:00,180.5050048828125,180.57989501953125,180.43499755859375,180.43499755859375,186571
2026-03-05 19:29:00+00:00,180.72999572753906,180.77999877929688,180.49000549316406,180.4965057373047,285349
2026-03-05 19:30:00+00:00,180.39500427246094,180.72999572753906,180.3699951171875,180.72999572753906,270741
2026-03-05 19:31:00+00:00,180.47000122070312,180.4799041748047,180.33999633789062,180.41000366210938,230939
2026-03-05 19:32:00+00:00,180.20989990234375,180.485107421875,180.11000061035156,180.48500061035156,399437
2026-03-05 19:33:00+00:00,180.25999450683594,180.2899932861328,180.13999938964844,180.2100067138672,297224
2026-03-05 19:34:00+00:00,180.17999267578125,180.3498992919922,180.16000366210938,180.2449951171875,203307
2026-03-05 19:35:00+00:00,180.139892578125,180.3350067138672,180.1199951171875,180.18499755859375,196268
2026-03-05 19:36:00+00:00,180.0449981689453,180.1761932373047,180.0,180.14500427246094,238263
2026-03-05 19:37:00+00:00,180.0,180.08990478515625,179.88999938964844,180.0500030517578,390135
2026-03-05 19:38:00+00:00,180.07769775390625,180.10000610351562,179.97999572753906,180.0,325168
2026-03-05 19:39:00+00:00,180.18499755859375,180.22500610351562,179.97500610351562,180.06500244140625,318190
2026-03-05 19:40:00+00:00,180.29330444335938,180.35000610351562,180.1300048828125,180.17999267578125,300306
2026-03-05 19:41:00+00:00,180.43499755859375,180.47000122070312,180.25999450683594,180.2949981689453,256704
2026-03-05 19:42:00+00:00,180.4949951171875,180.5800018310547,180.30999755859375,180.42999267578125,1209826
2026-03-05 19:43:00+00:00,180.4600067138672,180.55999755859375,180.38999938964844,180.48500061035156,209657
2026-03-05 19:44:00+00:00,180.42979431152344,180.51510620117188,180.3000030517578,180.4550018310547,222572
2026-03-05 19:45:00+00:00,180.49989318847656,180.49989318847656,180.32359313964844,180.41009521484375,196160
2026-03-05 19:46:00+00:00,180.48350524902344,180.55999755859375,180.38999938964844,180.4949951171875,247001
2026-03-05 19:47:00+00:00,180.44000244140625,180.4949951171875,180.3249969482422,180.47999572753906,184551
2026-03-05 19:48:00+00:00,180.6051025390625,180.6199951171875,180.4199981689453,180.44500732421875,203158
2026-03-05 19:49:00+00:00,180.7823028564453,180.86000061035156,180.61000061035156,180.61000061035156,301894
2026-03-05 19:50:00+00:00,180.78500366210938,180.88999938964844,180.74000549316406,180.78990173339844,244705
2026-03-05 19:51:00+00:00,180.46749877929688,180.80999755859375,180.4499969482422,180.79640197753906,367223
2026-03-05 19:52:00+00:00,180.3350067138672,180.50990295410156,180.16650390625,180.4698944091797,359935
2026-03-05 19:53:00+00:00,180.36000061035156,180.39500427246094,180.25010681152344,180.33999633789062,206785
2026-03-05 19:54:00+00:00,180.18499755859375,180.37899780273438,180.18499755859375,180.36500549316406,211968
2026-03-05 19:55:00+00:00,180.2100067138672,180.24000549316406,180.08999633789062,180.17999267578125,237304
2026-03-05 19:56:00+00:00,180.36000061035156,180.36000061035156,180.1750030517578,180.2050018310547,203688
2026-03-05 19:57:00+00:00,180.56069946289062,180.58990478515625,180.35000610351562,180.35000610351562,252400
2026-03-05 19:58:00+00:00,180.66000366210938,180.72000122070312,180.52000427246094,180.55999755859375,234967
2026-03-05 19:59:00+00:00,180.57000732421875,180.69749450683594,180.53990173339844,180.6649932861328,219659
2026-03-05 20:00:00+00:00,180.57000732421875,180.62989807128906,180.41000366210938,180.5800018310547,229723
2026-03-05 20:01:00+00:00,180.69000244140625,180.75,180.52000427246094,180.56300354003906,215039
2026-03-05 20:02:00+00:00,180.69500732421875,180.6999969482422,180.58250427246094,180.6999969482422,158684
2026-03-05 20:03:00+00:00,180.60000610351562,180.6999969482422,180.48939514160156,180.67999267578125,221309
2026-03-05 20:04:00+00:00,181.11399841308594,181.1999969482422,180.47000122070312,180.59500122070312,724848
2026-03-05 20:05:00+00:00,180.94000244140625,181.13330078125,180.86000061035156,181.10000610351562,695378
2026-03-05 20:06:00+00:00,180.92999267578125,181.01100158691406,180.67999267578125,180.9199981689453,393986
2026-03-05 20:07:00+00:00,180.88499450683594,181.08009338378906,180.8800048828125,180.9499969482422,255772
2026-03-05 20:08:00+00:00,181.39999389648438,181.41000366210938,180.88999938964844,180.9001007080078,448753
2026-03-05 20:09:00+00:00,181.49000549316406,181.5299072265625,181.33999633789062,181.41000366210938,448601
2026-03-05 20:10:00+00:00,181.75379943847656,181.77999877929688,181.4600067138672,181.5,535635
2026-03-05 20:11:00+00:00,181.68499755859375,181.8300018310547,181.64999389648438,181.75010681152344,432109
2026-03-05 20:12:00+00:00,181.57000732421875,181.8800048828125,181.57000732421875,181.67999267578125,398281
2026-03-05 20:13:00+00:00,181.63999938964844,181.74000549316406,181.5,181.57000732421875,354536
2026-03-05 20:14:00+00:00,181.6199951171875,181.74000549316406,181.5500030517578,181.63499450683594,290732
2026-03-05 20:15:00+00:00,181.6199951171875,181.83200073242188,181.61000061035156,181.6300048828125,361877
2026-03-05 20:16:00+00:00,181.84500122070312,181.8699951171875,181.5500030517578,181.63999938964844,407355
2026-03-05 20:17:00+00:00,181.8350067138672,181.92999267578125,181.75,181.84500122070312,308000
2026-03-05 20:18:00+00:00,182.07000732421875,182.07000732421875,181.8321990966797,181.83999633789062,445389
2026-03-05 20:19:00+00:00,181.92010498046875,182.14059448242188,181.89999389648438,182.07000732421875,415566
2026-03-05 20:20:00+00:00,181.83999633789062,182.06979370117188,181.77000427246094,181.9199981689453,315421
2026-03-05 20:21:00+00:00,181.92999267578125,181.9467010498047,181.82000732421875,181.85000610351562,207356
2026-03-05 20:22:00+00:00,181.9149932861328,182.02000427246094,181.7949981689453,181.9199981689453,299615
2026-03-05 20:23:00+00:00,182.11990356445312,182.13999938964844,181.88999938964844,181.91200256347656,346696
2026-03-05 20:24:00+00:00,182.13499450683594,182.18980407714844,182.02499389648438,182.11000061035156,306131
2026-03-05 20:25:00+00:00,182.2899932861328,182.38999938964844,182.13999938964844,182.14999389648438,492538
2026-03-05 20:26:00+00:00,182.1999969482422,182.3000030517578,182.14999389648438,182.2899932861328,322382
2026-03-05 20:27:00+00:00,182.17010498046875,182.27000427246094,182.0500030517578,182.1903076171875,495758
2026-03-05 20:28:00+00:00,182.0399932861328,182.25,181.99000549316406,182.1750030517578,426744
2026-03-05 20:29:00+00:00,181.875,182.0800018310547,181.85009765625,182.031494140625,374196
2026-03-05 20:30:00+00:00,181.88999938964844,181.9600067138672,181.70010375976562,181.8800048828125,437952
2026-03-05 20:31:00+00:00,182.11000061035156,182.1699981689453,181.8800048828125,181.89999389648438,1488335
2026-03-05 20:32:00+00:00,182.22999572753906,182.27000427246094,182.0989990234375,182.11500549316406,564502
2026-03-05 20:33:00+00:00,182.19000244140625,182.22999572753906,182.00999450683594,182.22509765625,327613
2026-03-05 20:34:00+00:00,182.2637939453125,182.30999755859375,182.17999267578125,182.1999969482422,312387
2026-03-05 20:35:00+00:00,182.26499938964844,182.33999633789062,182.1909942626953,182.25999450683594,299701
2026-03-05 20:36:00+00:00,182.35000610351562,182.4600067138672,182.24710083007812,182.27000427246094,840756
2026-03-05 20:37:00+00:00,182.35000610351562,182.41000366210938,182.3000030517578,182.3437957763672,291591
2026-03-05 20:38:00+00:00,182.4199981689453,182.4199981689453,182.30999755859375,182.36000061035156,264715
2026-03-05 20:39:00+00:00,182.22999572753906,182.42230224609375,182.17999267578125,182.4199981689453,394519
2026-03-05 20:40:00+00:00,182.2899932861328,182.35000610351562,182.16000366210938,182.24000549316406,309036
2026-03-05 20:41:00+00:00,182.27999877929688,182.33999633789062,182.18569946289062,182.27499389648438,264546
2026-03-05 20:42:00+00:00,182.34500122070312,182.3798065185547,182.2449951171875,182.28219604492188,465652
2026-03-05 20:43:00+00:00,182.27000427246094,182.39999389648438,182.23500061035156,182.35000610351562,387099
2026-03-05 20:44:00+00:00,182.1999969482422,182.2949981689453,182.00010681152344,182.2899932861328,447507
2026-03-05 20:45:00+00:00,182.22000122070312,182.30670166015625,182.15330505371094,182.2100067138672,552620
2026-03-05 20:46:00+00:00,182.19000244140625,182.30999755859375,182.08999633789062,182.22329711914062,280048
2026-03-05 20:47:00+00:00,182.25999450683594,182.2899932861328,182.1199951171875,182.19000244140625,342435
2026-03-05 20:48:00+00:00,182.3551025390625,182.4600067138672,182.2050018310547,182.27000427246094,400020
2026-03-05 20:49:00+00:00,182.51499938964844,182.52000427246094,182.30999755859375,182.35009765625,463320
2026-03-05 20:50:00+00:00,182.65499877929688,182.8800048828125,182.52000427246094,182.52000427246094,997917
2026-03-05 20:51:00+00:00,182.61000061035156,182.72000122070312,182.44000244140625,182.65499877929688,545804
2026-03-05 20:52:00+00:00,182.58999633789062,182.67999267578125,182.4600067138672,182.60000610351562,452880
2026-03-05 20:53:00+00:00,182.58999633789062,182.6699981689453,182.49000549316406,182.5749969482422,329607
2026-03-05 20:54:00+00:00,182.98500061035156,183.0,182.52000427246094,182.58990478515625,1031925
2026-03-05 20:55:00+00:00,182.91000366210938,183.36000061035156,182.8699951171875,183.0,2088294
2026-03-05 20:56:00+00:00,183.02000427246094,183.19000244140625,182.91000366210938,182.92999267578125,722427
2026-03-05 20:57:00+00:00,183.22000122070312,183.25,182.94500732421875,183.02499389648438,891481
2026-03-05 20:58:00+00:00,183.22000122070312,183.32000732421875,183.22000122070312,183.22999572753906,1128053
2026-03-05 20:59:00+00:00,183.3300018310547,183.4199981689453,183.1199951171875,183.22999572753906,3213227
2026-03-06 14:30:00+00:00,180.66000366210938,180.69000244140625,179.63999938964844,179.83999633789062,7333097
2026-03-06 14:31:00+00:00,180.69000244140625,181.0500030517578,180.08999633789062,180.6699981689453,1304822
2026-03-06 14:32:00+00:00,181.34230041503906,181.35000610351562,180.43099975585938,180.69000244140625,1387534
2026-03-06 14:33:00+00:00,180.94000244140625,181.44000244140625,180.89999389648438,181.33250427246094,905564
2026-03-06 14:34:00+00:00,180.9600067138672,181.17990112304688,180.6446075439453,180.94000244140625,880481
2026-03-06 14:35:00+00:00,180.33949279785156,181.0500030517578,180.11000061035156,180.96499633789062,1276721
2026-03-06 14:36:00+00:00,180.13999938964844,180.58999633789062,179.9499969482422,180.3350067138672,861500
2026-03-06 14:37:00+00:00,180.2899932861328,180.35000610351562,180.01499938964844,180.14999389648438,543109
2026-03-06 14:38:00+00:00,181.02499389648438,181.1020050048828,180.24000549316406,180.3000030517578,840850
2026-03-06 14:39:00+00:00,181.0601043701172,181.2899932861328,180.92999267578125,181.0,731563
2026-03-06 14:40:00+00:00,180.77999877929688,181.16000366210938,180.77000427246094,181.0399932861328,632280
2026-03-06 14:41:00+00:00,181.07000732421875,181.29710388183594,180.75,180.80999755859375,528837
2026-03-06 14:42:00+00:00,181.2429962158203,181.27999877929688,180.9499969482422,181.07000732421875,553292
2026-03-06 14:43:00+00:00,181.02999877929688,181.5500030517578,180.9499969482422,181.2449951171875,771791
2026-03-06 14:44:00+00:00,181.16000366210938,181.3300018310547,180.9597930908203,181.0749969482422,547834
2026-03-06 14:45:00+00:00,181.71029663085938,181.82000732421875,181.14999389648438,181.14999389648438,1289235
2026-03-06 14:46:00+00:00,181.63999938964844,181.9499969482422,181.47999572753906,181.72999572753906,731810
2026-03-06 14:47:00+00:00,181.89500427246094,181.94000244140625,181.5225067138672,181.66000366210938,748625
2026-03-06 14:48:00+00:00,181.85000610351562,181.9499969482422,181.66000366210938,181.89390563964844,576457
2026-03-06 14:49:00+00:00,181.74609375,182.13999938964844,181.6199951171875,181.8699951171875,926135
2026-03-06 14:50:00+00:00,181.75,181.99000549316406,181.55999755859375,181.74960327148438,532990
2026-03-06 14:51:00+00:00,182.22000122070312,182.33999633789062,181.8000030517578,181.8000030517578,833227
2026-03-06 14:52:00+00:00,181.89999389648438,182.24899291992188,181.8800048828125,182.24899291992188,500517
2026-03-06 14:53:00+00:00,181.9398956298828,182.17999267578125,181.89999389648438,181.89999389648438,463039
2026-03-06 14:54:00+00:00,181.8000030517578,182.0399932861328,181.77000427246094,181.94000244140625,436746
2026-03-06 14:55:00+00:00,181.52639770507812,181.8800048828125,181.47999572753906,181.8000030517578,639307
2026-03-06 14:56:00+00:00,181.52000427246094,181.60000610351562,181.25999450683594,181.5399932861328,495704
2026-03-06 14:57:00+00:00,181.4600067138672,181.61000061035156,181.3800048828125,181.51739501953125,445524
2026-03-06 14:58:00+00:00,181.3800048828125,181.60000610351562,181.30999755859375,181.47000122070312,426091
2026-03-06 14:59:00+00:00,181.8699951171875,181.9949951171875,181.23179626464844,181.41000366210938,641291
2026-03-06 15:00:00+00:00,182.17999267578125,182.52999877929688,181.8699951171875,181.88999938964844,967444
2026-03-06 15:01:00+00:00,182.13999938964844,182.4199981689453,182.0,182.22999572753906,563976
2026-03-06 15:02:00+00:00,182.53509521484375,182.57000732421875,182.13609313964844,182.13999938964844,738172
2026-03-06 15:03:00+00:00,182.35000610351562,182.5449981689453,182.27000427246094,182.52000427246094,507177
2026-03-06 15:04:00+00:00,182.51649475097656,182.5399932861328,182.1699981689453,182.3300018310547,498753
2026-03-06 15:05:00+00:00,182.39999389648438,182.55999755859375,182.07000732421875,182.5399932861328,507480
2026-03-06 15:06:00+00:00,182.50999450683594,182.756103515625,182.3000030517578,182.41000366210938,593667
2026-03-06 15:07:00+00:00,181.9250030517578,182.50999450683594,181.89999389648438,182.5,609014
2026-03-06 15:08:00+00:00,181.8975067138672,182.0399932861328,181.80999755859375,181.9550018310547,495978
2026-03-06 15:09:00+00:00,181.63499450683594,181.91990661621094,181.6300048828125,181.91000366210938,444884
2026-03-06 15:10:00+00:00,181.57000732421875,181.72000122070312,181.5,181.635498046875,490881
2026-03-06 15:11:00+00:00,181.80999755859375,181.80999755859375,181.4499969482422,181.57029724121094,480821
2026-03-06 15:12:00+00:00,181.77999877929688,182.0,181.72999572753906,181.8197021484375,523632
2026-03-06 15:13:00+00:00,182.17999267578125,182.2198944091797,181.7949981689453,181.7949981689453,430519
2026-03-06 15:14:00+00:00,182.19000244140625,182.2899932861328,181.97999572753906,182.18499755859375,519248
2026-03-06 15:15:00+00:00,182.35499572753906,182.39999389648438,182.07009887695312,182.1999969482422,500374
2026-03-06 15:16:00+00:00,182.2449951171875,182.5,182.19000244140625,182.34500122070312,538205
2026-03-06 15:17:00+00:00,182.39999389648438,182.5,182.2100067138672,182.25,456077
2026-03-06 15:18:00+00:00,182.16700744628906,182.47999572753906,182.0800018310547,182.40989685058594,356341
2026-03-06 15:19:00+00:00,182.08299255371094,182.19000244140625,182.01499938964844,182.18609619140625,273614
2026-03-06 15:20:00+00:00,181.91200256347656,182.10000610351562,181.8800048828125,182.09010314941406,311510
2026-03-06 15:21:00+00:00,182.05999755859375,182.14999389648438,181.91000366210938,181.9149932861328,452735
2026-03-06 15:22:00+00:00,181.92999267578125,182.07000732421875,181.8000030517578,182.05990600585938,284155
2026-03-06 15:23:00+00:00,181.97999572753906,182.16299438476562,181.92599487304688,181.927001953125,312289
2026-03-06 15:24:00+00:00,182.0399932861328,182.10980224609375,181.875,181.99000549316406,248523
2026-03-06 15:25:00+00:00,182.0,182.13999938964844,181.8636932373047,182.02000427246094,267169
2026-03-06 15:26:00+00:00,181.9199981689453,182.13999938964844,181.90499877929688,182.00999450683594,225492
2026-03-06 15:27:00+00:00,181.91000366210938,182.03500366210938,181.8000030517578,181.92999267578125,313032
2026-03-06 15:28:00+00:00,181.80499267578125,181.99000549316406,181.72999572753906,181.91299438476562,304521
2026-03-06 15:29:00+00:00,181.82009887695312,181.83009338378906,181.69500732421875,181.82000732421875,312615
2026-03-06 15:30:00+00:00,181.8699951171875,182.1280059814453,181.77999877929688,181.82000732421875,439433
2026-03-06 15:31:00+00:00,181.9499969482422,182.1199951171875,181.84500122070312,181.88009643554688,306903
2026-03-06 15:32:00+00:00,181.9250030517578,181.97999572753906,181.81500244140625,181.89999389648438,235490
2026-03-06 15:33:00+00:00,181.75999450683594,181.94000244140625,181.67999267578125,181.92999267578125,310333
2026-03-06 15:34:00+00:00,181.88609313964844,181.88999938964844,181.67999267578125,181.7550048828125,228668
2026-03-06 15:35:00+00:00,182.0,182.02999877929688,181.67999267578125,181.8800048828125,335098
2026-03-06 15:36:00+00:00,182.03700256347656,182.1197052001953,181.9239044189453,181.99009704589844,294533
2026-03-06 15:37:00+00:00,182.14999389648438,182.1999969482422,181.98609924316406,182.02000427246094,339154
2026-03-06 15:38:00+00:00,182.38999938964844,182.40499877929688,182.05499267578125,182.1593017578125,863293
2026-03-06 15:39:00+00:00,182.2100067138672,182.38999938964844,182.13009643554688,182.38999938964844,381290
2026-03-06 15:40:00+00:00,182.03500366210938,182.2100067138672,181.92999267578125,182.20010375976562,359569
2026-03-06 15:41:00+00:00,181.9949951171875,182.1999969482422,181.94000244140625,182.0500030517578,344712
2026-03-06 15:42:00+00:00,181.75,182.00999450683594,181.74609375,182.0050048828125,314419
2026-03-06 15:43:00+00:00,181.7100067138672,181.79510498046875,181.6199951171875,181.7449951171875,401366
2026-03-06 15:44:00+00:00,181.9250030517578,181.99000549316406,181.74000549316406,181.74000549316406,291686
2026-03-06 15:45:00+00:00,181.85000610351562,182.02000427246094,181.7899932861328,181.91000366210938,241758
2026-03-06 15:46:00+00:00,181.6909942626953,181.89390563964844,181.61000061035156,181.86500549316406,267346
2026-03-06 15:47:00+00:00,181.77999877929688,181.8199005126953,181.6699981689453,181.69000244140625,202386
2026-03-06 15:48:00+00:00,181.6300048828125,181.7899932861328,181.5800018310547,181.77999877929688,263204
2026-03-06 15:49:00+00:00,181.53990173339844,181.63999938964844,181.4199981689453,181.63999938964844,415150
2026-03-06 15:50:00+00:00,181.03500366210938,181.5500030517578,181.03219604492188,181.5449981689453,594562
2026-03-06 15:51:00+00:00,180.95010375976562,181.08999633789062,180.92999267578125,181.0305938720703,447178
2026-03-06 15:52:00+00:00,181.11500549316406,181.139892578125,180.89999389648438,180.97500610351562,349130
2026-03-06 15:53:00+00:00,181.2949981689453,181.3300018310547,181.11000061035156,181.1300048828125,460573
2026-03-06 15:54:00+00:00,181.51499938964844,181.52000427246094,181.27999877929688,181.3000946044922,410429
2026-03-06 15:55:00+00:00,182.05999755859375,182.14999389648438,181.51499938964844,181.52000427246094,594923
2026-03-06 15:56:00+00:00,182.24000549316406,182.2801055908203,182.0399932861328,182.05999755859375,450199
2026-03-06 15:57:00+00:00,181.9499969482422,182.25889587402344,181.9199981689453,182.24000549316406,325466
2026-03-06 15:58:00+00:00,182.0399932861328,182.05999755859375,181.83030700683594,181.97000122070312,296880
2026-03-06 15:59:00+00:00,181.94940185546875,182.22000122070312,181.91000366210938,182.02999877929688,288767
2026-03-06 16:00:00+00:00,182.02499389648438,182.08999633789062,181.8000030517578,181.9199981689453,393741
2026-03-06 16:01:00+00:00,182.0500946044922,182.1300048828125,182.01499938964844,182.02999877929688,227107
2026-03-06 16:02:00+00:00,181.89999389648438,182.0500030517578,181.82020568847656,182.04989624023438,242442
2026-03-06 16:03:00+00:00,181.9499053955078,181.95010375976562,181.8249969482422,181.889892578125,223565
2026-03-06 16:04:00+00:00,182.02609252929688,182.10499572753906,181.92999267578125,181.93499755859375,210918
2026-03-06 16:05:00+00:00,181.9199981689453,182.0749969482422,181.91000366210938,182.02000427246094,327197
2026-03-06 16:06:00+00:00,181.5800018310547,181.97999572753906,181.55999755859375,181.9199981689453,360780
2026-03-06 16:07:00+00:00,181.53500366210938,181.6300048828125,181.49000549316406,181.57000732421875,315404
2026-03-06 16:08:00+00:00,181.4499969482422,181.5749969482422,181.40870666503906,181.5399932861328,277039
2026-03-06 16:09:00+00:00,181.46499633789062,181.6051025390625,181.39999389648438,181.4499969482422,288229
2026-03-06 16:10:00+00:00,181.43760681152344,181.52000427246094,181.36000061035156,181.5,297604
2026-03-06 16:11:00+00:00,181.28500366210938,181.4499969482422,181.22000122070312,181.42999267578125,287138
2026-03-06 16:12:00+00:00,181.35000610351562,181.4250030517578,181.2899932861328,181.2949981689453,180145
2026-03-06 16:13:00+00:00,181.31500244140625,181.49000549316406,181.3000030517578,181.3699951171875,222875
2026-03-06 16:14:00+00:00,181.38999938964844,181.44000244140625,181.25,181.32000732421875,274010
2026-03-06 16:15:00+00:00,181.47999572753906,181.48289489746094,181.3135986328125,181.38079833984375,196378
2026-03-06 16:16:00+00:00,181.27999877929688,181.63999938964844,181.27999877929688,181.47999572753906,494152
2026-03-06 16:17:00+00:00,181.12010192871094,181.3699951171875,181.08999633789062,181.3000030517578,406009
2026-03-06 16:18:00+00:00,181.1699981689453,181.27999877929688,181.1490936279297,181.1490936279297,283777
2026-03-06 16:19:00+00:00,181.38499450683594,181.4600067138672,181.13999938964844,181.1649932861328,402492
2026-03-06 16:20:00+00:00,181.22999572753906,181.47999572753906,181.17999267578125,181.38499450683594,322883
2026-03-06 16:21:00+00:00,181.1300048828125,181.32949829101562,181.02000427246094,181.23989868164062,366569
2026-03-06 16:22:00+00:00,181.10499572753906,181.17999267578125,181.0500030517578,181.13999938964844,278409
2026-03-06 16:23:00+00:00,181.14999389648438,181.24000549316406,181.02499389648438,181.11000061035156,390645
2026-03-06 16:24:00+00:00,181.4499969482422,181.46499633789062,181.08999633789062,181.16009521484375,319580
2026-03-06 16:25:00+00:00,181.30499267578125,181.47000122070312,181.24070739746094,181.42999267578125,246670
2026-03-06 16:26:00+00:00,181.3000030517578,181.33999633789062,181.22000122070312,181.30999755859375,209150
2026-03-06 16:27:00+00:00,181.4199981689453,181.48910522460938,181.2801055908203,181.30999755859375,270339
2026-03-06 16:28:00+00:00,181.70700073242188,181.70989990234375,181.40499877929688,181.41000366210938,406804
2026-03-06 16:29:00+00:00,181.7100067138672,181.77999877929688,181.5800018310547,181.7050018310547,236355
2026-03-06 16:30:00+00:00,181.5399932861328,181.79989624023438,181.46009826660156,181.718505859375,272134
2026-03-06 16:31:00+00:00,181.62049865722656,181.67999267578125,181.4949951171875,181.5399932861328,192169
2026-03-06 16:32:00+00:00,181.69000244140625,181.75999450683594,181.60000610351562,181.625,194764
2026-03-06 16:33:00+00:00,181.4499969482422,181.70620727539062,181.42999267578125,181.7050018310547,284586
2026-03-06 16:34:00+00:00,181.30999755859375,181.46009826660156,181.22999572753906,181.4600067138672,298243
2026-03-06 16:35:00+00:00,181.36000061035156,181.50990295410156,181.2899932861328,181.2949981689453,228168
2026-03-06 16:36:00+00:00,181.547607421875,181.58999633789062,181.33999633789062,181.3800048828125,220745
2026-03-06 16:37:00+00:00,181.69009399414062,181.72000122070312,181.51010131835938,181.54010009765625,400843
2026-03-06 16:38:00+00:00,181.60000610351562,181.72999572753906,181.55999755859375,181.7050018310547,256752
2026-03-06 16:39:00+00:00,181.69000244140625,181.77999877929688,181.5845947265625,181.61000061035156,278824
2026-03-06 16:40:00+00:00,181.67999267578125,181.7449951171875,181.52499389648438,181.7100067138672,295824
2026-03-06 16:41:00+00:00,181.72000122070312,181.75,181.6291961669922,181.6739044189453,225075
2026-03-06 16:42:00+00:00,181.82000732421875,181.85000610351562,181.7050018310547,181.74000549316406,210450
2026-03-06 16:43:00+00:00,181.86000061035156,181.8699951171875,181.7301025390625,181.81500244140625,220136
2026-03-06 16:44:00+00:00,181.76499938964844,181.8686065673828,181.6999969482422,181.86000061035156,231445
2026-03-06 16:45:00+00:00,182.0449981689453,182.06500244140625,181.7449951171875,181.77000427246094,358979
2026-03-06 16:46:00+00:00,182.0,182.0850067138672,181.9499969482422,182.03500366210938,326848
2026-03-06 16:47:00+00:00,181.9102020263672,182.08999633789062,181.85000610351562,182.01499938964844,300008
2026-03-06 16:48:00+00:00,182.1072998046875,182.1199951171875,181.82000732421875,181.92990112304688,259460
2026-03-06 16:49:00+00:00,181.99899291992188,182.12100219726562,181.97000122070312,182.08999633789062,269303
2026-03-06 16:50:00+00:00,182.23500061035156,182.24989318847656,181.98500061035156,181.99000549316406,379003
2026-03-06 16:51:00+00:00,182.3350067138672,182.4571075439453,182.23770141601562,182.23770141601562,431333
2026-03-06 16:52:00+00:00,182.35000610351562,182.42019653320312,182.3000030517578,182.3350067138672,242740
2026-03-06 16:53:00+00:00,182.35000610351562,182.42999267578125,182.23019409179688,182.35000610351562,292274
2026-03-06 16:54:00+00:00,182.10499572753906,182.38999938964844,182.05999755859375,182.375,388600
2026-03-06 16:55:00+00:00,182.22999572753906,182.243896484375,181.97999572753906,182.0919952392578,296234
2026-03-06 16:56:00+00:00,182.07000732421875,182.24989318847656,181.95010375976562,182.22000122070312,309173
2026-03-06 16:57:00+00:00,182.36000061035156,182.40499877929688,182.00999450683594,182.05999755859375,337706
2026-03-06 16:58:00+00:00,182.3800048828125,182.41000366210938,182.16000366210938,182.35000610351562,251189
2026-03-06 16:59:00+00:00,182.3101043701172,182.38999938964844,182.27999877929688,182.38499450683594,189782
2026-03-06 17:00:00+00:00,182.3000030517578,182.36000061035156,182.1999969482422,182.32000732421875,200864
2026-03-06 17:01:00+00:00,182.39500427246094,182.41000366210938,182.2449951171875,182.2949981689453,285276
2026-03-06 17:02:00+00:00,182.16000366210938,182.4199981689453,182.14999389648438,182.39500427246094,239599
2026-03-06 17:03:00+00:00,182.36000061035156,182.3721923828125,182.08999633789062,182.1300048828125,230400
2026-03-06 17:04:00+00:00,182.1699981689453,182.49000549316406,182.1699981689453,182.3697052001953,969038
2026-03-06 17:05:00+00:00,182.13999938964844,182.30990600585938,182.0399932861328,182.173095703125,269137
2026-03-06 17:06:00+00:00,181.9550018310547,182.17999267578125,181.92999267578125,182.13999938964844,351336
2026-03-06 17:07:00+00:00,181.86279296875,181.99000549316406,181.8551025390625,181.9499969482422,247264
2026-03-06 17:08:00+00:00,181.72000122070312,181.97999572753906,181.7100067138672,181.8715057373047,283934
2026-03-06 17:09:00+00:00,181.77999877929688,181.8300018310547,181.66000366210938,181.7100067138672,310421
2026-03-06 17:10:00+00:00,181.8000030517578,181.9199981689453,181.75999450683594,181.7700958251953,324802
2026-03-06 17:11:00+00:00,181.64999389648438,181.88999938964844,181.63070678710938,181.81500244140625,280585
2026-03-06 17:12:00+00:00,181.59039306640625,181.71499633789062,181.58949279785156,181.65969848632812,219655
2026-03-06 17:13:00+00:00,181.5449981689453,181.7100067138672,181.5399932861328,181.5800018310547,215752
2026-03-06 17:14:00+00:00,181.6201934814453,181.63999938964844,181.5,181.55499267578125,258878
2026-03-06 17:15:00+00:00,181.55999755859375,181.6699981689453,181.5399932861328,181.625,196087
2026-03-06 17:16:00+00:00,181.4593963623047,181.5821990966797,181.3699951171875,181.5500030517578,336487
2026-03-06 17:17:00+00:00,181.5449981689453,181.6699981689453,181.4499969482422,181.4499969482422,307370
2026-03-06 17:18:00+00:00,181.625,181.77000427246094,181.52999877929688,181.5449981689453,240197
2026-03-06 17:19:00+00:00,181.67999267578125,181.69000244140625,181.5601043701172,181.63270568847656,171747
2026-03-06 17:20:00+00:00,181.5399932861328,181.70010375976562,181.52999877929688,181.67999267578125,174183
2026-03-06 17:21:00+00:00,181.5699005126953,181.60000610351562,181.49000549316406,181.58030700683594,212334
2026-03-06 17:22:00+00:00,181.80909729003906,181.91000366210938,181.58580017089844,181.58999633789062,465234
2026-03-06 17:23:00+00:00,181.5399932861328,181.85000610351562,181.53460693359375,181.82000732421875,307368
2026-03-06 17:24:00+00:00,181.3350067138672,181.55499267578125,181.3199005126953,181.55499267578125,337978
2026-03-06 17:25:00+00:00,181.19000244140625,181.43609619140625,181.1300048828125,181.33999633789062,408828
2026-03-06 17:26:00+00:00,181.0800018310547,181.2100067138672,181.04010009765625,181.16000366210938,255965
2026-03-06 17:27:00+00:00,181.1199951171875,181.14999389648438,181.02999877929688,181.07009887695312,221011
2026-03-06 17:28:00+00:00,181.23779296875,181.30999755859375,181.1199951171875,181.13999938964844,242232
2026-03-06 17:29:00+00:00,181.13999938964844,181.3300018310547,181.1300048828125,181.24000549316406,246314
2026-03-06 17:30:00+00:00,181.15499877929688,181.2100067138672,181.05999755859375,181.13999938964844,248297
2026-03-06 17:31:00+00:00,181.1300048828125,181.16000366210938,181.02499389648438,181.154296875,216063
2026-03-06 17:32:00+00:00,180.99240112304688,181.1300048828125,180.9499969482422,181.1300048828125,363984
2026-03-06 17:33:00+00:00,181.07530212402344,181.1199951171875,180.97500610351562,181.0,207188
2026-03-06 17:34:00+00:00,181.09010314941406,181.13999938964844,181.0399932861328,181.10000610351562,148837
2026-03-06 17:35:00+00:00,180.93389892578125,181.1300048828125,180.92999267578125,181.10000610351562,282897
2026-03-06 17:36:00+00:00,180.6999969482422,180.9600067138672,180.69000244140625,180.93499755859375,401459
2026-03-06 17:37:00+00:00,180.625,180.72999572753906,180.61000061035156,180.70010375976562,240803
2026-03-06 17:38:00+00:00,180.6199951171875,180.64129638671875,180.52000427246094,180.6300048828125,345225
2026-03-06 17:39:00+00:00,180.72000122070312,180.77000427246094,180.5800018310547,180.6300048828125,342262
2026-03-06 17:40:00+00:00,180.72999572753906,180.8699951171875,180.7050018310547,180.7301025390625,359266
2026-03-06 17:41:00+00:00,180.85989379882812,180.9199981689453,180.7100067138672,180.7321014404297,288746
2026-03-06 17:42:00+00:00,180.75999450683594,180.8699951171875,180.6999969482422,180.86000061035156,261307
2026-03-06 17:43:00+00:00,180.77499389648438,180.8000030517578,180.69000244140625,180.77000427246094,190421
2026-03-06 17:44:00+00:00,180.8350067138672,180.87350463867188,180.7449951171875,180.77999877929688,150857
2026-03-06 17:45:00+00:00,180.97000122070312,180.9866943359375,180.83999633789062,180.8466033935547,234432
2026-03-06 17:46:00+00:00,180.9199981689453,181.02999877929688,180.8800048828125,180.99000549316406,261275
2026-03-06 17:47:00+00:00,180.77499389648438,180.97999572753906,180.75999450683594,180.9199981689453,190067
2026-03-06 17:48:00+00:00,180.92999267578125,181.0,180.75999450683594,180.75999450683594,217754
2026-03-06 17:49:00+00:00,180.9199981689453,181.00999450683594,180.88059997558594,180.92999267578125,169119
2026-03-06 17:50:00+00:00,181.08099365234375,181.13999938964844,180.91000366210938,180.91650390625,217004
2026-03-06 17:51:00+00:00,180.94009399414062,181.10000610351562,180.94009399414062,181.08999633789062,145115
2026-03-06 17:52:00+00:00,180.85000610351562,180.9600067138672,180.77000427246094,180.9499969482422,219057
2026-03-06 17:53:00+00:00,180.89010620117188,180.9499969482422,180.81500244140625,180.85000610351562,177123
2026-03-06 17:54:00+00:00,180.8800048828125,180.92999267578125,180.8699951171875,180.88499450683594,256466
2026-03-06 17:55:00+00:00,180.860107421875,180.92999267578125,180.83999633789062,180.8802947998047,257657
2026-03-06 17:56:00+00:00,180.9499969482422,181.07000732421875,180.7801055908203,180.86000061035156,346438
2026-03-06 17:57:00+00:00,180.9149932861328,180.99949645996094,180.81500244140625,180.9676055908203,174786
2026-03-06 17:58:00+00:00,180.80990600585938,180.92999267578125,180.7899932861328,180.9199981689453,129047
2026-03-06 17:59:00+00:00,180.8249969482422,180.87100219726562,180.80130004882812,180.80130004882812,135549
2026-03-06 18:00:00+00:00,180.89999389648438,180.92999267578125,180.80999755859375,180.82000732421875,200180
2026-03-06 18:01:00+00:00,181.05999755859375,181.125,180.90499877929688,180.91000366210938,335610
2026-03-06 18:02:00+00:00,180.993896484375,181.06390380859375,180.99000549316406,181.06199645996094,119101
2026-03-06 18:03:00+00:00,180.80999755859375,181.02999877929688,180.79010009765625,181.0,265564
2026-03-06 18:04:00+00:00,180.71499633789062,180.88999938964844,180.62249755859375,180.82000732421875,291620
2026-03-06 18:05:00+00:00,180.89500427246094,180.89869689941406,180.69000244140625,180.7299041748047,222537
2026-03-06 18:06:00+00:00,180.7825927734375,180.97000122070312,180.7825927734375,180.88999938964844,190761
2026-03-06 18:07:00+00:00,180.82000732421875,180.8699951171875,180.76499938964844,180.79010009765625,100554
2026-03-06 18:08:00+00:00,180.90499877929688,180.92990112304688,180.7899932861328,180.8249969482422,120228
2026-03-06 18:09:00+00:00,180.9799041748047,181.08999633789062,180.89959716796875,180.91000366210938,255354
2026-03-06 18:10:00+00:00,180.98300170898438,181.0500030517578,180.8800048828125,180.99000549316406,196977
2026-03-06 18:11:00+00:00,181.07000732421875,181.1199951171875,180.98500061035156,181.0050048828125,268709
2026-03-06 18:12:00+00:00,181.21499633789062,181.25999450683594,181.05650329589844,181.07000732421875,272767
2026-03-06 18:13:00+00:00,181.57000732421875,181.58999633789062,181.1649932861328,181.21499633789062,419821
2026-03-06 18:14:00+00:00,181.55999755859375,181.60000610351562,181.4199981689453,181.57009887695312,366951
2026-03-06 18:15:00+00:00,181.72000122070312,181.75,181.5500030517578,181.5800018310547,354148
2026-03-06 18:16:00+00:00,181.6739044189453,181.71389770507812,181.5399932861328,181.7100067138672,242619
2026-03-06 18:17:00+00:00,181.7100067138672,181.71499633789062,181.50999450683594,181.6699981689453,307171
2026-03-06 18:18:00+00:00,181.7550048828125,181.8249969482422,181.67999267578125,181.6999969482422,306754
2026-03-06 18:19:00+00:00,181.64999389648438,181.73500061035156,181.5800018310547,181.73500061035156,215755
2026-03-06 18:20:00+00:00,181.58999633789062,181.68910217285156,181.5399932861328,181.65499877929688,179576
2026-03-06 18:21:00+00:00,181.7200927734375,181.73770141601562,181.55499267578125,181.59500122070312,197816
2026-03-06 18:22:00+00:00,181.5800018310547,181.7799072265625,181.5399932861328,181.72999572753906,232339
2026-03-06 18:23:00+00:00,181.65499877929688,181.72999572753906,181.52999877929688,181.57000732421875,240871
2026-03-06 18:24:00+00:00,181.69000244140625,181.72500610351562,181.5399932861328,181.66000366210938,220168
2026-03-06 18:25:00+00:00,181.60499572753906,181.6999969482422,181.53990173339844,181.6999969482422,200602
2026-03-06 18:26:00+00:00,181.49009704589844,181.61000061035156,181.4199981689453,181.61000061035156,272959
2026-03-06 18:27:00+00:00,181.2700958251953,181.48609924316406,181.27000427246094,181.48500061035156,221730
2026-03-06 18:28:00+00:00,181.3800048828125,181.5500030517578,181.27000427246094,181.2700958251953,212264
2026-03-06 18:29:00+00:00,181.46009826660156,181.5299072265625,181.3300018310547,181.3800048828125,182822
2026-03-06 18:30:00+00:00,181.5749969482422,181.6199951171875,181.39999389648438,181.4499969482422,225526
2026-03-06 18:31:00+00:00,181.67959594726562,181.7698974609375,181.56500244140625,181.5749969482422,258891
2026-03-06 18:32:00+00:00,181.51260375976562,181.75,181.5,181.67999267578125,280999
2026-03-06 18:33:00+00:00,181.5377960205078,181.5800018310547,181.38999938964844,181.50999450683594,207820
2026-03-06 18:34:00+00:00,181.58999633789062,181.63720703125,181.5500030517578,181.57000732421875,131322
2026-03-06 18:35:00+00:00,181.47500610351562,181.61000061035156,181.39999389648438,181.58999633789062,670039
2026-03-06 18:36:00+00:00,181.3699951171875,181.51499938964844,181.33999633789062,181.46389770507812,246032
2026-03-06 18:37:00+00:00,181.27999877929688,181.4149932861328,181.23500061035156,181.36000061035156,250709
2026-03-06 18:38:00+00:00,181.30999755859375,181.3699951171875,181.22000122070312,181.25,207855
2026-03-06 18:39:00+00:00,181.26010131835938,181.4799041748047,181.25,181.3249969482422,192726
2026-03-06 18:40:00+00:00,181.1750030517578,181.27999877929688,181.1300048828125,181.25999450683594,263072
2026-03-06 18:41:00+00:00,181.26499938964844,181.27999877929688,181.1699981689453,181.17999267578125,144637
2026-03-06 18:42:00+00:00,181.32350158691406,181.47000122070312,181.26400756835938,181.26400756835938,230615
2026-03-06 18:43:00+00:00,181.48989868164062,181.48989868164062,181.31719970703125,181.35000610351562,349856
2026-03-06 18:44:00+00:00,181.44000244140625,181.52000427246094,181.3699951171875,181.48390197753906,156252
2026-03-06 18:45:00+00:00,181.35009765625,181.48500061035156,181.27499389648438,181.4499969482422,159317
2026-03-06 18:46:00+00:00,181.23500061035156,181.38999938964844,181.21499633789062,181.36599731445312,161681
2026-03-06 18:47:00+00:00,181.1300048828125,181.26499938964844,181.11000061035156,181.23240661621094,1141551
2026-03-06 18:48:00+00:00,181.17999267578125,181.25,181.0850067138672,181.14999389648438,176055
2026-03-06 18:49:00+00:00,181.2899932861328,181.3065948486328,181.1199951171875,181.17999267578125,185865
2026-03-06 18:50:00+00:00,181.0625,181.31500244140625,181.02999877929688,181.2899932861328,256238
2026-03-06 18:51:00+00:00,180.99989318847656,181.1199951171875,180.92010498046875,181.06500244140625,228838
2026-03-06 18:52:00+00:00,181.00999450683594,181.0500030517578,180.94000244140625,180.9705047607422,184751
2026-03-06 18:53:00+00:00,180.90049743652344,181.00889587402344,180.85000610351562,181.00889587402344,191017
2026-03-06 18:54:00+00:00,180.9001007080078,180.94000244140625,180.8000030517578,180.9001007080078,221041
2026-03-06 18:55:00+00:00,180.9550018310547,180.97999572753906,180.83999633789062,180.89500427246094,156046
2026-03-06 18:56:00+00:00,180.89999389648438,180.9600067138672,180.85000610351562,180.9477996826172,108723
2026-03-06 18:57:00+00:00,180.9134979248047,181.0050048828125,180.875,180.89999389648438,165249
2026-03-06 18:58:00+00:00,180.8946075439453,180.97999572753906,180.88999938964844,180.89999389648438,140245
2026-03-06 18:59:00+00:00,180.86500549316406,180.93299865722656,180.86000061035156,180.88999938964844,136142
2026-03-06 19:00:00+00:00,180.9949951171875,181.0,180.875,180.8800048828125,166844
2026-03-06 19:01:00+00:00,180.9001007080078,181.0050048828125,180.88150024414062,180.99220275878906,140180
2026-03-06 19:02:00+00:00,180.9199981689453,180.9499969482422,180.8300018310547,180.89999389648438,130749
2026-03-06 19:03:00+00:00,180.82989501953125,180.93499755859375,180.8249969482422,180.92999267578125,133261
2026-03-06 19:04:00+00:00,180.61990356445312,180.8300018310547,180.60000610351562,180.82000732421875,387797
2026-03-06 19:05:00+00:00,180.59500122070312,180.68499755859375,180.5399932861328,180.61500549316406,210603
2026-03-06 19:06:00+00:00,180.6199951171875,180.64999389648438,180.5399932861328,180.58999633789062,191106
2026-03-06 19:07:00+00:00,180.68499755859375,180.8489990234375,180.60000610351562,180.6199951171875,245965
2026-03-06 19:08:00+00:00,180.71499633789062,180.7449951171875,180.57000732421875,180.68499755859375,170508
2026-03-06 19:09:00+00:00,180.74000549316406,180.77969360351562,180.69000244140625,180.72000122070312,137549
2026-03-06 19:10:00+00:00,180.8000030517578,180.85000610351562,180.7100067138672,180.75999450683594,158715
2026-03-06 19:11:00+00:00,180.7812042236328,180.89990234375,180.77000427246094,180.7899932861328,156496
2026-03-06 19:12:00+00:00,180.625,180.7899932861328,180.60000610351562,180.77999877929688,241753
2026-03-06 19:13:00+00:00,180.8199005126953,180.82000732421875,180.6300048828125,180.6376953125,115094
2026-03-06 19:14:00+00:00,180.90240478515625,180.9199981689453,180.7899932861328,180.80999755859375,233877
2026-03-06 19:15:00+00:00,180.75990295410156,180.90699768066406,180.69000244140625,180.89999389648438,364490
2026-03-06 19:16:00+00:00,180.64500427246094,180.81500244140625,180.61000061035156,180.7550048828125,205834
2026-03-06 19:17:00+00:00,180.52389526367188,180.67550659179688,180.49000549316406,180.64999389648438,292269
2026-03-06 19:18:00+00:00,180.3800048828125,180.5800018310547,180.26499938964844,180.52999877929688,1281150
2026-03-06 19:19:00+00:00,180.52999877929688,180.5500030517578,180.39999389648438,180.39999389648438,208653
2026-03-06 19:20:00+00:00,180.44000244140625,180.55999755859375,180.37010192871094,180.5050048828125,204691
2026-03-06 19:21:00+00:00,180.31979370117188,180.4600067138672,180.27000427246094,180.4550018310547,201248
2026-03-06 19:22:00+00:00,180.2899932861328,180.3800048828125,180.24000549316406,180.2899932861328,254672
2026-03-06 19:23:00+00:00,180.4499969482422,180.5500030517578,180.19000244140625,180.2899932861328,467655
2026-03-06 19:24:00+00:00,180.34500122070312,180.4600067138672,180.3300018310547,180.4550018310547,189292
2026-03-06 19:25:00+00:00,180.22000122070312,180.38999938964844,180.1999969482422,180.35000610351562,283691
2026-03-06 19:26:00+00:00,180.3300018310547,180.3798065185547,180.19000244140625,180.2200927734375,258366
2026-03-06 19:27:00+00:00,180.49000549316406,180.5399932861328,180.3300018310547,180.34500122070312,263974
2026-03-06 19:28:00+00:00,180.4199981689453,180.49000549316406,180.39010620117188,180.49000549316406,176855
2026-03-06 19:29:00+00:00,180.52999877929688,180.55990600585938,180.4250030517578,180.42990112304688,153991
2026-03-06 19:30:00+00:00,180.65179443359375,180.77000427246094,180.47999572753906,180.52000427246094,334595
2026-03-06 19:31:00+00:00,180.6501007080078,180.69000244140625,180.5399932861328,180.64500427246094,192150
2026-03-06 19:32:00+00:00,180.51609802246094,180.66000366210938,180.4600067138672,180.66000366210938,249431
2026-03-06 19:33:00+00:00,180.59500122070312,180.7100067138672,180.52999877929688,180.52999877929688,163757
2026-03-06 19:34:00+00:00,180.52999877929688,180.65699768066406,180.52000427246094,180.58990478515625,157600
2026-03-06 19:35:00+00:00,180.48500061035156,180.58990478515625,180.44000244140625,180.5449981689453,203747
2026-03-06 19:36:00+00:00,180.24130249023438,180.5,180.22999572753906,180.47999572753906,290062
2026-03-06 19:37:00+00:00,180.20509338378906,180.3000030517578,180.1699981689453,180.2301025390625,259089
2026-03-06 19:38:00+00:00,180.08999633789062,180.2198944091797,180.01010131835938,180.2100067138672,336811
2026-03-06 19:39:00+00:00,180.09500122070312,180.16000366210938,180.06500244140625,180.0998992919922,189971
2026-03-06 19:40:00+00:00,180.24000549316406,180.28500366210938,180.0841064453125,180.10000610351562,183310
2026-03-06 19:41:00+00:00,180.25999450683594,180.3300018310547,180.14999389648438,180.24000549316406,239807
2026-03-06 19:42:00+00:00,180.2801055908203,180.2949981689453,180.19000244140625,180.24000549316406,157086
2026-03-06 19:43:00+00:00,180.27999877929688,180.4600067138672,180.24000549316406,180.2808074951172,195090
2026-03-06 19:44:00+00:00,180.14999389648438,180.32000732421875,180.14999389648438,180.27999877929688,196972
2026-03-06 19:45:00+00:00,180.15499877929688,180.19970703125,180.07899475097656,180.13999938964844,182062
2026-03-06 19:46:00+00:00,180.16990661621094,180.18499755859375,180.0850067138672,180.16000366210938,147175
2026-03-06 19:47:00+00:00,180.0,180.1699981689453,179.9499969482422,180.16000366210938,664441
2026-03-06 19:48:00+00:00,179.9550018310547,180.06500244140625,179.92999267578125,180.01499938964844,206505
2026-03-06 19:49:00+00:00,180.00999450683594,180.0500030517578,179.9499969482422,179.9600067138672,174172
2026-03-06 19:50:00+00:00,180.0399932861328,180.0800018310547,179.97999572753906,180.00999450683594,209580
2026-03-06 19:51:00+00:00,179.9250030517578,180.0399932861328,179.91000366210938,180.0399932861328,185531
2026-03-06 19:52:00+00:00,180.1199951171875,180.1199951171875,179.88999938964844,179.93499755859375,335737
2026-03-06 19:53:00+00:00,180.0,180.16000366210938,179.97000122070312,180.10389709472656,222491
2026-03-06 19:54:00+00:00,180.1300048828125,180.1699981689453,180.00289916992188,180.02000427246094,242327
2026-03-06 19:55:00+00:00,180.1300048828125,180.19000244140625,180.0876007080078,180.13999938964844,156401
2026-03-06 19:56:00+00:00,180.0850067138672,180.2100067138672,180.05999755859375,180.139892578125,230508
2026-03-06 19:57:00+00:00,180.0399932861328,180.11000061035156,180.01499938964844,180.0800018310547,190943
2026-03-06 19:58:00+00:00,180.0301971435547,180.11500549316406,180.0,180.03990173339844,266662
2026-03-06 19:59:00+00:00,180.0500030517578,180.0800018310547,179.9949951171875,180.0399932861328,174414
2026-03-06 20:00:00+00:00,180.01499938964844,180.2100067138672,180.00999450683594,180.0500030517578,282917
2026-03-06 20:01:00+00:00,180.14390563964844,180.1699981689453,179.9499969482422,180.00999450683594,267754
2026-03-06 20:02:00+00:00,180.08009338378906,180.31739807128906,180.07000732421875,180.14999389648438,318792
2026-03-06 20:03:00+00:00,180.28500366210938,180.2899932861328,180.02999877929688,180.09500122070312,231536
2026-03-06 20:04:00+00:00,180.1970977783203,180.3000030517578,180.11000061035156,180.27999877929688,167209
2026-03-06 20:05:00+00:00,180.1300048828125,180.24000549316406,180.06500244140625,180.19000244140625,179051
2026-03-06 20:06:00+00:00,180.1475067138672,180.25,180.10499572753906,180.12600708007812,183065
2026-03-06 20:07:00+00:00,179.9250030517578,180.15989685058594,179.89999389648438,180.14999389648438,299960
2026-03-06 20:08:00+00:00,179.8000030517578,179.97999572753906,179.75,179.92990112304688,391488
2026-03-06 20:09:00+00:00,179.81500244140625,179.8800048828125,179.75,179.7949981689453,306140
2026-03-06 20:10:00+00:00,179.0050048828125,179.89999389648438,178.96499633789062,179.80499267578125,1440387
2026-03-06 20:11:00+00:00,178.80999755859375,179.10499572753906,178.74609375,179.00999450683594,913981
2026-03-06 20:12:00+00:00,178.45989990234375,178.9600067138672,178.41000366210938,178.80999755859375,985086
2026-03-06 20:13:00+00:00,178.63009643554688,178.66000366210938,178.36000061035156,178.4499969482422,992459
2026-03-06 20:14:00+00:00,178.82000732421875,178.83689880371094,178.44000244140625,178.6436004638672,723524
2026-03-06 20:15:00+00:00,178.77499389648438,178.8699951171875,178.57000732421875,178.8179931640625,606997
2026-03-06 20:16:00+00:00,179.10989379882812,179.1999969482422,178.75999450683594,178.7899932861328,649810
2026-03-06 20:17:00+00:00,179.14010620117188,179.36390686035156,179.11000061035156,179.11000061035156,610272
2026-03-06 20:18:00+00:00,179.14500427246094,179.2899932861328,178.97999572753906,179.16000366210938,595617
2026-03-06 20:19:00+00:00,178.91009521484375,179.19500732421875,178.91000366210938,179.14500427246094,405618
2026-03-06 20:20:00+00:00,178.85389709472656,178.9499969482422,178.7899932861328,178.89999389648438,433052
2026-03-06 20:21:00+00:00,178.37989807128906,178.86000061035156,178.21499633789062,178.85000610351562,747110
2026-03-06 20:22:00+00:00,178.11500549316406,178.3739013671875,178.07000732421875,178.3739013671875,680602
2026-03-06 20:23:00+00:00,178.05999755859375,178.2100067138672,178.00999450683594,178.1199951171875,594616
2026-03-06 20:24:00+00:00,177.9250030517578,178.22000122070312,177.89999389648438,178.07000732421875,1244663
2026-03-06 20:25:00+00:00,177.57000732421875,177.94000244140625,177.53500366210938,177.9250030517578,868289
2026-03-06 20:26:00+00:00,177.14999389648438,177.57000732421875,177.08999633789062,177.55999755859375,1316997
2026-03-06 20:27:00+00:00,177.10989379882812,177.23500061035156,176.97000122070312,177.1300048828125,1226161
2026-03-06 20:28:00+00:00,177.125,177.32000732421875,176.9499969482422,177.11000061035156,792971
2026-03-06 20:29:00+00:00,177.1300048828125,177.3000030517578,177.05499267578125,177.1300048828125,492215
2026-03-06 20:30:00+00:00,177.39999389648438,177.50999450683594,177.0,177.13999938964844,960421
2026-03-06 20:31:00+00:00,177.4149932861328,177.4799041748047,177.2100067138672,177.39999389648438,725326
2026-03-06 20:32:00+00:00,177.25999450683594,177.47999572753906,177.1199951171875,177.4149932861328,659668
2026-03-06 20:33:00+00:00,177.24000549316406,177.3699951171875,177.1199951171875,177.26499938964844,529327
2026-03-06 20:34:00+00:00,177.2100067138672,177.32009887695312,177.11000061035156,177.24009704589844,510677
2026-03-06 20:35:00+00:00,177.01809692382812,177.25,176.9199981689453,177.2050018310547,1208116
2026-03-06 20:36:00+00:00,176.9149932861328,177.22999572753906,176.89999389648438,177.02000427246094,881127
2026-03-06 20:37:00+00:00,177.1199951171875,177.22000122070312,176.82009887695312,176.9199981689453,965027
2026-03-06 20:38:00+00:00,177.0749969482422,177.25,177.0,177.11000061035156,460268
2026-03-06 20:39:00+00:00,177.29969787597656,177.9199981689453,177.0,177.0850067138672,1941613
2026-03-06 20:40:00+00:00,177.83250427246094,178.03500366210938,177.00010681152344,177.29010009765625,1562189
2026-03-06 20:41:00+00:00,178.05999755859375,178.10000610351562,177.48500061035156,177.8300018310547,910858
2026-03-06 20:42:00+00:00,177.91000366210938,178.0800018310547,177.6999969482422,178.0500030517578,735201
2026-03-06 20:43:00+00:00,177.98500061035156,178.0399932861328,177.76499938964844,177.89999389648438,802215
2026-03-06 20:44:00+00:00,177.75999450683594,177.98989868164062,177.6999969482422,177.98500061035156,743906
2026-03-06 20:45:00+00:00,177.7445068359375,177.875,177.60000610351562,177.72999572753906,527593
2026-03-06 20:46:00+00:00,177.9261016845703,177.97500610351562,177.6999969482422,177.71499633789062,517013
2026-03-06 20:47:00+00:00,177.9550018310547,178.09500122070312,177.8800048828125,177.9199981689453,562107
2026-03-06 20:48:00+00:00,177.97000122070312,178.0500030517578,177.7949981689453,177.95750427246094,569191
2026-03-06 20:49:00+00:00,178.0850067138672,178.19000244140625,177.94000244140625,177.97000122070312,635068
2026-03-06 20:50:00+00:00,178.13800048828125,178.37989807128906,177.8800048828125,178.07000732421875,1094660
2026-03-06 20:51:00+00:00,178.0989990234375,178.24000549316406,177.97999572753906,178.1300048828125,758921
2026-03-06 20:52:00+00:00,178.24000549316406,178.25,177.97999572753906,178.10000610351562,492786
2026-03-06 20:53:00+00:00,178.0449981689453,178.32789611816406,178.0,178.22999572753906,634080
2026-03-06 20:54:00+00:00,178.25,178.3000030517578,177.9199981689453,178.0399932861328,795431
2026-03-06 20:55:00+00:00,177.73500061035156,178.25,177.64999389648438,178.25,1099343
2026-03-06 20:56:00+00:00,177.65609741210938,177.88999938964844,177.60499572753906,177.73500061035156,718499
2026-03-06 20:57:00+00:00,177.86990356445312,177.9199981689453,177.60000610351562,177.65499877929688,836457
2026-03-06 20:58:00+00:00,177.9550018310547,178.0,177.75999450683594,177.86500549316406,893386
2026-03-06 20:59:00+00:00,177.69000244140625,177.9600067138672,177.66000366210938,177.9499969482422,2525316
