Datetime,Close,High,Low,Open,Volume
2026-02-25 14:30:00+00:00,311.5198974609375,312.1199951171875,310.8717956542969,312.1199951171875,724927
2026-02-25 14:31:00+00:00,311.19000244140625,311.6120910644531,310.8900146484375,311.3299865722656,60230
2026-02-25 14:32:00+00:00,310.1850891113281,311.25,309.8900146484375,311.25,280560
2026-02-25 14:33:00+00:00,310.0950012207031,310.6299133300781,309.6300048828125,310.04998779296875,0
2026-02-25 14:34:00+00:00,310.3399963378906,310.67999267578125,310.1000061035156,310.2149963378906,49936
2026-02-25 14:35:00+00:00,310.7934875488281,311.0299987792969,310.3900146484375,310.5,54451
2026-02-25 14:36:00+00:00,311.80999755859375,311.80999755859375,310.6499938964844,310.8800048828125,53304
2026-02-25 14:37:00+00:00,311.9200134277344,312.0,311.6300048828125,311.80999755859375,41929
2026-02-25 14:38:00+00:00,311.7799987792969,312.2300109863281,311.6099853515625,311.95001220703125,66936
2026-02-25 14:39:00+00:00,312.0,312.2300109863281,311.6700134277344,311.864990234375,375873
2026-02-25 14:40:00+00:00,312.32000732421875,312.4599914550781,311.9075012207031,311.9595947265625,64403
2026-02-25 14:41:00+00:00,312.2449951171875,312.739990234375,312.1106872558594,312.30999755859375,0
2026-02-25 14:42:00+00:00,312.2445068359375,312.44000244140625,312.090087890625,312.2659912109375,36128
2026-02-25 14:43:00+00:00,312.8900146484375,312.9299011230469,312.010009765625,312.0899963378906,34885
2026-02-25 14:44:00+00:00,312.57000732421875,312.82000732421875,312.43499755859375,312.82000732421875,44194
2026-02-25 14:45:00+00:00,312.3399963378906,312.5398864746094,312.1099853515625,312.42999267578125,26493
2026-02-25 14:46:00+00:00,312.8800048828125,312.94000244140625,312.2799987792969,312.2799987792969,19318
2026-02-25 14:47:00+00:00,312.5050048828125,312.8900146484375,312.3605041503906,312.8800048828125,25355
2026-02-25 14:48:00+00:00,313.2200012207031,313.2200012207031,312.1900939941406,312.4100036621094,41858
2026-02-25 14:49:00+00:00,313.29998779296875,313.4798889160156,313.1600036621094,313.22100830078125,19292
2026-02-25 14:50:00+00:00,313.0,313.3599853515625,312.989990234375,313.3550109863281,20533
2026-02-25 14:51:00+00:00,313.3299865722656,313.4800109863281,312.9400939941406,312.9400939941406,30486
2026-02-25 14:52:00+00:00,313.2550048828125,313.3800048828125,313.1600036621094,313.32501220703125,32160
2026-02-25 14:53:00+00:00,313.2149963378906,313.3999938964844,313.1000061035156,313.2200012207031,18236
2026-02-25 14:54:00+00:00,313.2300109863281,313.489990234375,313.2300109863281,313.3299865722656,21339
2026-02-25 14:55:00+00:00,313.6400146484375,313.6499938964844,313.1300048828125,313.2099914550781,28125
2026-02-25 14:56:00+00:00,313.260009765625,313.6300048828125,313.1200866699219,313.6300048828125,24047
2026-02-25 14:57:00+00:00,313.19000244140625,313.3900146484375,313.0199890136719,313.239990234375,23381
2026-02-25 14:58:00+00:00,313.42999267578125,313.6299133300781,313.0799865722656,313.17999267578125,21831
2026-02-25 14:59:00+00:00,312.8500061035156,313.4100036621094,312.760009765625,313.4100036621094,42276
2026-02-25 15:00:00+00:00,312.3900146484375,313.07501220703125,312.3500061035156,312.8699951171875,40757
2026-02-25 15:01:00+00:00,312.1400146484375,312.4200134277344,312.1099853515625,312.3900146484375,38111
2026-02-25 15:02:00+00:00,312.0,312.1600036621094,311.6600036621094,312.1600036621094,59366
2026-02-25 15:03:00+00:00,311.4898986816406,312.0,311.4700012207031,311.9700012207031,49696
2026-02-25 15:04:00+00:00,311.70001220703125,311.8299865722656,311.3999938964844,311.4750061035156,32610
2026-02-25 15:05:00+00:00,311.6600036621094,311.8739929199219,311.54998779296875,311.7699890136719,23919
2026-02-25 15:06:00+00:00,312.17999267578125,312.4800109863281,311.67999267578125,311.67999267578125,34648
2026-02-25 15:07:00+00:00,312.0199890136719,312.2856140136719,311.7950134277344,312.25,25018
2026-02-25 15:08:00+00:00,312.2200012207031,312.4198913574219,311.9949951171875,311.9949951171875,39381
2026-02-25 15:09:00+00:00,312.04998779296875,312.3799133300781,311.9599914550781,312.17999267578125,28144
2026-02-25 15:10:00+00:00,311.95001220703125,312.1099853515625,311.95001220703125,312.07000732421875,17091
2026-02-25 15:11:00+00:00,312.2550048828125,312.3420104980469,311.8800048828125,311.9700012207031,22246
2026-02-25 15:12:00+00:00,312.2799072265625,312.3299865722656,312.05999755859375,312.2300109863281,18181
2026-02-25 15:13:00+00:00,312.05999755859375,312.3699951171875,312.05999755859375,312.2900085449219,21524
2026-02-25 15:14:00+00:00,311.8900146484375,312.0899963378906,311.8500061035156,312.04998779296875,19973
2026-02-25 15:15:00+00:00,311.9045104980469,312.0299987792969,311.7900085449219,311.79998779296875,39689
2026-02-25 15:16:00+00:00,311.6099853515625,311.8800048828125,311.54998779296875,311.8699951171875,34361
2026-02-25 15:17:00+00:00,311.70001220703125,311.8599853515625,311.6099853515625,311.6099853515625,20891
2026-02-25 15:18:00+00:00,311.6579895019531,311.8800048828125,311.6579895019531,311.69000244140625,16155
2026-02-25 15:19:00+00:00,311.6300048828125,311.739990234375,311.54998779296875,311.6600036621094,19887
2026-02-25 15:20:00+00:00,311.78369140625,311.78961181640625,311.5899963378906,311.5899963378906,10913
2026-02-25 15:21:00+00:00,311.6600036621094,311.8500061035156,311.5400085449219,311.8500061035156,15569
2026-02-25 15:22:00+00:00,311.7950134277344,311.82000732421875,311.5899963378906,311.6199951171875,17399
2026-02-25 15:23:00+00:00,311.7499084472656,311.9549865722656,311.69000244140625,311.83319091796875,19634
2026-02-25 15:24:00+00:00,311.7799987792969,311.9100036621094,311.6199951171875,311.75,13620
2026-02-25 15:25:00+00:00,312.06500244140625,312.17999267578125,311.7349853515625,311.7601013183594,29661
2026-02-25 15:26:00+00:00,311.8699951171875,312.1000061035156,311.8299865722656,312.0799865722656,17813
2026-02-25 15:27:00+00:00,312.1091003417969,312.1449890136719,311.8299865722656,311.875,19946
2026-02-25 15:28:00+00:00,312.20001220703125,312.30499267578125,312.106201171875,312.239990234375,1086181
2026-02-25 15:29:00+00:00,312.1499938964844,312.30999755859375,312.1499938964844,312.2250061035156,0
2026-02-25 15:30:00+00:00,311.8349914550781,312.1700134277344,311.6816101074219,312.1050109863281,22341
2026-02-25 15:31:00+00:00,311.8299865722656,311.9674987792969,311.75,311.81640625,29004
2026-02-25 15:32:00+00:00,311.8900146484375,311.9100036621094,311.7300109863281,311.8299865722656,15330
2026-02-25 15:33:00+00:00,311.739990234375,311.875,311.6700134277344,311.875,14150
2026-02-25 15:34:00+00:00,311.32000732421875,311.7699890136719,311.2699890136719,311.760009765625,37412
2026-02-25 15:35:00+00:00,311.0799865722656,311.3299865722656,311.0400085449219,311.2972106933594,1172723
2026-02-25 15:36:00+00:00,310.70001220703125,311.09991455078125,310.6000061035156,311.0751037597656,0
2026-02-25 15:37:00+00:00,310.6239929199219,310.7099914550781,310.32550048828125,310.7099914550781,26100
2026-02-25 15:38:00+00:00,310.57000732421875,310.6600036621094,310.4599914550781,310.6300048828125,1208449
2026-02-25 15:39:00+00:00,310.760009765625,310.82000732421875,310.4949951171875,310.57000732421875,0
2026-02-25 15:40:00+00:00,310.6700134277344,310.82000732421875,310.6449890136719,310.7018127441406,27128
2026-02-25 15:41:00+00:00,310.489990234375,310.66900634765625,310.3599853515625,310.66900634765625,1269970
2026-02-25 15:42:00+00:00,310.75,310.7749938964844,310.4635925292969,310.4635925292969,0
2026-02-25 15:43:00+00:00,310.5249938964844,310.739990234375,310.4100036621094,310.739990234375,20061
2026-02-25 15:44:00+00:00,310.3450927734375,310.55999755859375,310.29998779296875,310.55999755859375,28437
2026-02-25 15:45:00+00:00,310.3299865722656,310.4150085449219,310.2200012207031,310.32000732421875,23588
2026-02-25 15:46:00+00:00,310.29998779296875,310.3500061035156,310.2200012207031,310.30999755859375,16314
2026-02-25 15:47:00+00:00,310.2799987792969,310.30999755859375,310.17010498046875,310.2799987792969,19167
2026-02-25 15:48:00+00:00,310.2980041503906,310.3900146484375,310.17498779296875,310.2799987792969,20525
2026-02-25 15:49:00+00:00,310.2799072265625,310.3500061035156,310.215087890625,310.3450012207031,1365818
2026-02-25 15:50:00+00:00,310.4100036621094,310.4800109863281,310.2200012207031,310.2950134277344,0
2026-02-25 15:51:00+00:00,310.3399963378906,310.4150085449219,310.2799987792969,310.3699951171875,1380155
2026-02-25 15:52:00+00:00,309.8299865722656,310.32000732421875,309.760009765625,310.32000732421875,0
2026-02-25 15:53:00+00:00,309.7900085449219,309.989990234375,309.7099914550781,309.83990478515625,50066
2026-02-25 15:54:00+00:00,309.8500061035156,309.8900146484375,309.6700134277344,309.7900085449219,35349
2026-02-25 15:55:00+00:00,309.8999938964844,309.9200134277344,309.6600036621094,309.8299865722656,1519111
2026-02-25 15:56:00+00:00,309.9501037597656,310.114990234375,309.8299865722656,309.8949890136719,0
2026-02-25 15:57:00+00:00,309.75,309.989990234375,309.69000244140625,309.9599914550781,29293
2026-02-25 15:58:00+00:00,309.7200012207031,309.82000732421875,309.6708984375,309.80999755859375,24848
2026-02-25 15:59:00+00:00,309.9599914550781,309.9800109863281,309.7200012207031,309.7300109863281,26651
2026-02-25 16:00:00+00:00,310.19000244140625,310.20001220703125,309.6759948730469,309.92999267578125,31347
2026-02-25 16:01:00+00:00,310.2651062011719,310.3800048828125,310.0899963378906,310.239990234375,41015
2026-02-25 16:02:00+00:00,310.0400085449219,310.3599853515625,310.0199890136719,310.25,19949
2026-02-25 16:03:00+00:00,310.2200012207031,310.36151123046875,310.05999755859375,310.05999755859375,36895
2026-02-25 16:04:00+00:00,310.42999267578125,310.42999267578125,310.05999755859375,310.2200012207031,20712
2026-02-25 16:05:00+00:00,310.59991455078125,310.6400146484375,310.30010986328125,310.44500732421875,34542
2026-02-25 16:06:00+00:00,310.42999267578125,310.6300048828125,310.3500061035156,310.6000061035156,45212
2026-02-25 16:07:00+00:00,310.1199951171875,310.45001220703125,310.0899963378906,310.4200134277344,29818
2026-02-25 16:08:00+00:00,309.92498779296875,310.1400146484375,309.79998779296875,310.1300048828125,39879
2026-02-25 16:09:00+00:00,309.7250061035156,309.95001220703125,309.69000244140625,309.92999267578125,50654
2026-02-25 16:10:00+00:00,309.6499938964844,309.7300109863281,309.55999755859375,309.7099914550781,38541
2026-02-25 16:11:00+00:00,309.42498779296875,309.67498779296875,309.3599853515625,309.6600036621094,40964
2026-02-25 16:12:00+00:00,309.6199951171875,309.6310119628906,309.3900146484375,309.3900146484375,28362
2026-02-25 16:13:00+00:00,309.6099853515625,309.7300109863281,309.57000732421875,309.6300048828125,47429
2026-02-25 16:14:00+00:00,309.810302734375,309.8550109863281,309.6401062011719,309.67999267578125,36435
2026-02-25 16:15:00+00:00,310.14019775390625,310.2300109863281,309.82000732421875,309.8999938964844,35977
2026-02-25 16:16:00+00:00,310.2900085449219,310.3550109863281,310.1000061035156,310.114990234375,32307
2026-02-25 16:17:00+00:00,310.4460144042969,310.4599914550781,310.1300048828125,310.260009765625,29036
2026-02-25 16:18:00+00:00,310.25,310.5299987792969,310.2099914550781,310.4649963378906,20293
2026-02-25 16:19:00+00:00,310.2101135253906,310.239990234375,310.0799865722656,310.239990234375,35019
2026-02-25 16:20:00+00:00,310.4700012207031,310.489990234375,310.1300048828125,310.2300109863281,1950942
2026-02-25 16:21:00+00:00,310.4599914550781,310.4599914550781,310.32000732421875,310.45098876953125,0
2026-02-25 16:22:00+00:00,310.42999267578125,310.5386047363281,310.3599853515625,310.44000244140625,19763
2026-02-25 16:23:00+00:00,310.17999267578125,310.45001220703125,310.17889404296875,310.45001220703125,21035
2026-02-25 16:24:00+00:00,310.3900146484375,310.55999755859375,310.1400146484375,310.1400146484375,34022
2026-02-25 16:25:00+00:00,310.3900146484375,310.489990234375,310.3399963378906,310.3800048828125,15921
2026-02-25 16:26:00+00:00,310.3500061035156,310.44500732421875,310.29998779296875,310.3900146484375,13053
2026-02-25 16:27:00+00:00,310.42498779296875,310.427001953125,310.2349853515625,310.29998779296875,19841
2026-02-25 16:28:00+00:00,310.54998779296875,310.54998779296875,310.4158020019531,310.4200134277344,29387
2026-02-25 16:29:00+00:00,310.6300048828125,310.7300109863281,310.5199890136719,310.55059814453125,48875
2026-02-25 16:30:00+00:00,310.5799865722656,310.82501220703125,310.44000244140625,310.6300048828125,39193
2026-02-25 16:31:00+00:00,310.875,310.9599914550781,310.55999755859375,310.5799865722656,35332
2026-02-25 16:32:00+00:00,310.7900085449219,310.87249755859375,310.7099914550781,310.8599853515625,2101319
2026-02-25 16:33:00+00:00,310.8999938964844,310.9700012207031,310.760009765625,310.79998779296875,0
2026-02-25 16:34:00+00:00,310.7799987792969,310.9700012207031,310.7099914550781,310.8900146484375,2131542
2026-02-25 16:35:00+00:00,310.7799987792969,310.8064880371094,310.6000061035156,310.7300109863281,0
2026-02-25 16:36:00+00:00,310.70001220703125,310.889892578125,310.70001220703125,310.760009765625,26882
2026-02-25 16:37:00+00:00,310.7900085449219,310.8599853515625,310.5899963378906,310.70001220703125,25989
2026-02-25 16:38:00+00:00,310.864990234375,310.864990234375,310.75,310.760009765625,25912
2026-02-25 16:39:00+00:00,310.8399963378906,310.9200134277344,310.80499267578125,310.8800048828125,2166320
2026-02-25 16:40:00+00:00,310.92999267578125,310.9700012207031,310.8399963378906,310.8399963378906,0
2026-02-25 16:41:00+00:00,311.25,311.25,310.95001220703125,310.9750061035156,27803
2026-02-25 16:42:00+00:00,311.2900085449219,311.32000732421875,311.17999267578125,311.2349853515625,29539
2026-02-25 16:43:00+00:00,311.29888916015625,311.39990234375,311.260009765625,311.2900085449219,32915
2026-02-25 16:44:00+00:00,311.19000244140625,311.33990478515625,311.1499938964844,311.30999755859375,25353
2026-02-25 16:45:00+00:00,311.1650085449219,311.29998779296875,311.110107421875,311.2049865722656,17507
2026-02-25 16:46:00+00:00,311.1300048828125,311.2298889160156,311.0899963378906,311.19500732421875,17200
2026-02-25 16:47:00+00:00,310.8999938964844,311.1400146484375,310.8999938964844,311.1400146484375,26870
2026-02-25 16:48:00+00:00,310.93499755859375,311.0199890136719,310.82000732421875,310.9100036621094,26253
2026-02-25 16:49:00+00:00,311.1700134277344,311.19000244140625,310.9700012207031,310.9700012207031,24229
2026-02-25 16:50:00+00:00,311.2300109863281,311.3399963378906,311.1300048828125,311.19000244140625,26051
2026-02-25 16:51:00+00:00,311.20001220703125,311.2650146484375,311.1499938964844,311.2650146484375,29895
2026-02-25 16:52:00+00:00,311.2699890136719,311.3699951171875,311.19000244140625,311.25,2318556
2026-02-25 16:53:00+00:00,311.3500061035156,311.3500061035156,311.1499938964844,311.2699890136719,0
2026-02-25 16:54:00+00:00,310.96051025390625,311.364990234375,310.95001220703125,311.3599853515625,35670
2026-02-25 16:55:00+00:00,310.95001220703125,311.17999267578125,310.95001220703125,310.9800109863281,58230
2026-02-25 16:56:00+00:00,311.1199951171875,311.2099914550781,310.8900146484375,310.9800109863281,58115
2026-02-25 16:57:00+00:00,311.0,311.1600036621094,310.9599914550781,311.0899963378906,27581
2026-02-25 16:58:00+00:00,311.1000061035156,311.1050109863281,311.0050048828125,311.0400085449219,14458
2026-02-25 16:59:00+00:00,310.9599914550781,311.1600036621094,310.95001220703125,311.0899963378906,16473
2026-02-25 17:00:00+00:00,311.114990234375,311.1650085449219,310.8299865722656,310.95001220703125,14401
2026-02-25 17:01:00+00:00,311.510009765625,311.510009765625,311.0899963378906,311.110107421875,22198
2026-02-25 17:02:00+00:00,311.5799865722656,311.6199951171875,311.5000915527344,311.510009765625,28890
2026-02-25 17:03:00+00:00,311.44000244140625,311.6650085449219,311.38018798828125,311.6000061035156,34814
2026-02-25 17:04:00+00:00,311.5400085449219,311.5400085449219,311.32000732421875,311.4549865722656,20518
2026-02-25 17:05:00+00:00,311.5906066894531,311.6099853515625,311.4599914550781,311.4700012207031,2465857
2026-02-25 17:06:00+00:00,311.56500244140625,311.5899963378906,311.47119140625,311.5714111328125,0
2026-02-25 17:07:00+00:00,311.4800109863281,311.6099853515625,311.45001220703125,311.5603942871094,12633
2026-02-25 17:08:00+00:00,311.44500732421875,311.4949951171875,311.2099914550781,311.4599914550781,42093
2026-02-25 17:09:00+00:00,311.5,311.5,311.3399963378906,311.3999938964844,21872
2026-02-25 17:10:00+00:00,311.4200134277344,311.5,311.3599853515625,311.5,12766
2026-02-25 17:11:00+00:00,311.4549865722656,311.4549865722656,311.3599853515625,311.4159851074219,10045
2026-02-25 17:12:00+00:00,311.45001220703125,311.489990234375,311.3900146484375,311.4800109863281,28629
2026-02-25 17:13:00+00:00,311.4800109863281,311.55499267578125,311.4100036621094,311.44000244140625,29683
2026-02-25 17:14:00+00:00,311.45001220703125,311.5,311.4049987792969,311.4849853515625,18835
2026-02-25 17:15:00+00:00,311.54998779296875,311.5799865722656,311.4150085449219,311.45001220703125,9334
2026-02-25 17:16:00+00:00,311.510009765625,311.5899963378906,311.4800109863281,311.5299987792969,12216
2026-02-25 17:17:00+00:00,311.32000732421875,311.489990234375,311.2099914550781,311.489990234375,23474
2026-02-25 17:18:00+00:00,311.4200134277344,311.44000244140625,311.2699890136719,311.32000732421875,9462
2026-02-25 17:19:00+00:00,311.3901062011719,311.489990234375,311.3500061035156,311.43011474609375,12825
2026-02-25 17:20:00+00:00,311.2099914550781,311.32000732421875,311.1700134277344,311.32000732421875,9768
2026-02-25 17:21:00+00:00,310.9949951171875,311.2149963378906,310.9599914550781,311.2149963378906,15394
2026-02-25 17:22:00+00:00,311.0899963378906,311.1600036621094,310.9700012207031,311.0,13374
2026-02-25 17:23:00+00:00,311.1600036621094,311.1650085449219,311.0799865722656,311.0799865722656,11788
2026-02-25 17:24:00+00:00,311.20001220703125,311.21990966796875,311.0400085449219,311.1499938964844,12104
2026-02-25 17:25:00+00:00,311.1099853515625,311.19000244140625,311.05999755859375,311.19000244140625,10008
2026-02-25 17:26:00+00:00,311.0799865722656,311.1000061035156,310.9800109863281,311.1000061035156,17657
2026-02-25 17:27:00+00:00,310.85479736328125,311.0799865722656,310.8500061035156,311.0799865722656,14714
2026-02-25 17:28:00+00:00,310.82000732421875,310.94000244140625,310.79998779296875,310.8550109863281,13967
2026-02-25 17:29:00+00:00,310.69000244140625,310.7900085449219,310.6549987792969,310.7699890136719,10698
2026-02-25 17:30:00+00:00,310.57501220703125,310.7300109863281,310.55999755859375,310.7300109863281,19071
2026-02-25 17:31:00+00:00,310.5899963378906,310.6449890136719,310.5450134277344,310.5896911621094,14831
2026-02-25 17:32:00+00:00,310.489990234375,310.6199951171875,310.4599914550781,310.6199951171875,17783
2026-02-25 17:33:00+00:00,310.464111328125,310.5400085449219,310.3900146484375,310.5400085449219,14760
2026-02-25 17:34:00+00:00,310.6099853515625,310.6400146484375,310.44000244140625,310.4700012207031,19146
2026-02-25 17:35:00+00:00,310.6199951171875,310.7099914550781,310.56500244140625,310.6050109863281,16926
2026-02-25 17:36:00+00:00,310.3550109863281,310.6199951171875,310.32000732421875,310.6199951171875,22760
2026-02-25 17:37:00+00:00,310.3999938964844,310.510009765625,310.3526916503906,310.3699951171875,17012
2026-02-25 17:38:00+00:00,310.4150085449219,310.5,310.30999755859375,310.3900146484375,27791
2026-02-25 17:39:00+00:00,310.385009765625,310.4049987792969,310.32000732421875,310.4049987792969,14490
2026-02-25 17:40:00+00:00,310.20001220703125,310.3999938964844,310.17999267578125,310.3900146484375,13889
2026-02-25 17:41:00+00:00,310.2200012207031,310.2449951171875,310.0799865722656,310.20001220703125,43017
2026-02-25 17:42:00+00:00,310.1449890136719,310.2273864746094,310.1300048828125,310.2049865722656,21781
2026-02-25 17:43:00+00:00,310.29998779296875,310.3299865722656,310.1549987792969,310.1600036621094,18362
2026-02-25 17:44:00+00:00,310.2699890136719,310.2699890136719,310.1300048828125,310.2601013183594,14432
2026-02-25 17:45:00+00:00,310.4100036621094,310.4526062011719,310.29998779296875,310.30999755859375,15048
2026-02-25 17:46:00+00:00,310.760009765625,310.79998779296875,310.3599853515625,310.4100036621094,23363
2026-02-25 17:47:00+00:00,310.81500244140625,310.8900146484375,310.69000244140625,310.75,40136
2026-02-25 17:48:00+00:00,310.510009765625,310.8900146484375,310.5,310.8699951171875,22928
2026-02-25 17:49:00+00:00,310.57000732421875,310.57000732421875,310.4100036621094,310.5,13345
2026-02-25 17:50:00+00:00,310.5190124511719,310.68109130859375,310.5190124511719,310.5899963378906,11160
2026-02-25 17:51:00+00:00,310.2998962402344,310.7099914550781,310.17999267578125,310.5799865722656,23971
2026-02-25 17:52:00+00:00,310.3349914550781,310.3699951171875,310.2200012207031,310.2200012207031,13081
2026-02-25 17:53:00+00:00,310.2651062011719,310.4150085449219,310.2300109863281,310.3999938964844,20512
2026-02-25 17:54:00+00:00,310.20001220703125,310.2699890136719,310.1099853515625,310.25,16731
2026-02-25 17:55:00+00:00,310.1300048828125,310.2200012207031,310.0400085449219,310.2200012207031,20084
2026-02-25 17:56:00+00:00,310.340087890625,310.340087890625,310.1300048828125,310.1549987792969,16355
2026-02-25 17:57:00+00:00,310.4649963378906,310.5050048828125,310.3399963378906,310.340087890625,11458
2026-02-25 17:58:00+00:00,310.510009765625,310.70001220703125,310.4620056152344,310.4620056152344,30470
2026-02-25 17:59:00+00:00,310.5199890136719,310.6099853515625,310.45001220703125,310.52099609375,25780
2026-02-25 18:00:00+00:00,310.6199951171875,310.6499938964844,310.5400085449219,310.5400085449219,11667
2026-02-25 18:01:00+00:00,310.8399963378906,310.8399963378906,310.6000061035156,310.6072082519531,14175
2026-02-25 18:02:00+00:00,310.7900085449219,310.8500061035156,310.7550048828125,310.8399963378906,16192
2026-02-25 18:03:00+00:00,310.9501037597656,310.9700012207031,310.7900085449219,310.7900085449219,2936965
2026-02-25 18:04:00+00:00,310.79998779296875,310.9700012207031,310.75,310.9599914550781,0
2026-02-25 18:05:00+00:00,310.7300109863281,310.8399963378906,310.7200012207031,310.82000732421875,14461
2026-02-25 18:06:00+00:00,310.52520751953125,310.75,310.4700012207031,310.75,16272
2026-02-25 18:07:00+00:00,310.7099914550781,310.739990234375,310.5299987792969,310.5299987792969,2968746
2026-02-25 18:08:00+00:00,310.57501220703125,310.7200012207031,310.56988525390625,310.7200012207031,0
2026-02-25 18:09:00+00:00,310.67999267578125,310.69000244140625,310.54998779296875,310.57501220703125,12712
2026-02-25 18:10:00+00:00,310.677001953125,310.70001220703125,310.6400146484375,310.6549987792969,12181
2026-02-25 18:11:00+00:00,310.67498779296875,310.7900085449219,310.6199951171875,310.6700134277344,16207
2026-02-25 18:12:00+00:00,310.4949951171875,310.6700134277344,310.4700012207031,310.6700134277344,12395
2026-02-25 18:13:00+00:00,310.3800048828125,310.4800109863281,310.3599853515625,310.4599914550781,18045
2026-02-25 18:14:00+00:00,310.3299865722656,310.3999938964844,310.30999755859375,310.3999938964844,14999
2026-02-25 18:15:00+00:00,310.43499755859375,310.4393005371094,310.2900085449219,310.29998779296875,12164
2026-02-25 18:16:00+00:00,310.4800109863281,310.5,310.3699951171875,310.44000244140625,10450
2026-02-25 18:17:00+00:00,310.3900146484375,310.4800109863281,310.3599853515625,310.4599914550781,7648
2026-02-25 18:18:00+00:00,310.4623107910156,310.489990234375,310.3699951171875,310.4100036621094,9609
2026-02-25 18:19:00+00:00,310.4901123046875,310.5400085449219,310.45001220703125,310.4599914550781,7144
2026-02-25 18:20:00+00:00,310.55999755859375,310.5799865722656,310.5199890136719,310.5299987792969,13623
2026-02-25 18:21:00+00:00,310.5,310.5799865722656,310.4800109863281,310.54998779296875,14483
2026-02-25 18:22:00+00:00,310.64581298828125,310.6499938964844,310.489990234375,310.4978942871094,19412
2026-02-25 18:23:00+00:00,310.6300048828125,310.6700134277344,310.5801086425781,310.6099853515625,10176
2026-02-25 18:24:00+00:00,310.4599914550781,310.6300048828125,310.44000244140625,310.61370849609375,17010
2026-02-25 18:25:00+00:00,310.4100036621094,310.5199890136719,310.4100036621094,310.4599914550781,11640
2026-02-25 18:26:00+00:00,310.40008544921875,310.42999267578125,310.3399963378906,310.42999267578125,13709
2026-02-25 18:27:00+00:00,310.42999267578125,310.4599914550781,310.4049987792969,310.4200134277344,8626
2026-02-25 18:28:00+00:00,310.4200134277344,310.43499755859375,310.3900146484375,310.4200134277344,10976
2026-02-25 18:29:00+00:00,310.385009765625,310.4700012207031,310.3599853515625,310.4200134277344,13220
2026-02-25 18:30:00+00:00,310.3900146484375,310.42999267578125,310.3599853515625,310.4100036621094,13286
2026-02-25 18:31:00+00:00,310.30999755859375,310.3949890136719,310.29998779296875,310.3500061035156,10668
2026-02-25 18:32:00+00:00,310.30999755859375,310.3359069824219,310.29998779296875,310.32000732421875,11419
2026-02-25 18:33:00+00:00,310.30999755859375,310.3399963378906,310.2699890136719,310.2900085449219,10454
2026-02-25 18:34:00+00:00,310.38299560546875,310.400390625,310.29998779296875,310.29998779296875,11459
2026-02-25 18:35:00+00:00,310.3299865722656,310.3999938964844,310.3299865722656,310.3900146484375,11466
2026-02-25 18:36:00+00:00,310.33990478515625,310.33990478515625,310.239990234375,310.32000732421875,17574
2026-02-25 18:37:00+00:00,310.3800048828125,310.3999938964844,310.30999755859375,310.3599853515625,11474
2026-02-25 18:38:00+00:00,310.3500061035156,310.3999938964844,310.3349914550781,310.3800048828125,9785
2026-02-25 18:39:00+00:00,310.32000732421875,310.32501220703125,310.2900085449219,310.32000732421875,15053
2026-02-25 18:40:00+00:00,310.3999938964844,310.4400939941406,310.32000732421875,310.32000732421875,14572
2026-02-25 18:41:00+00:00,310.4501037597656,310.4599914550781,310.3599853515625,310.3800048828125,12599
2026-02-25 18:42:00+00:00,310.3865051269531,310.4649963378906,310.3800048828125,310.4649963378906,11053
2026-02-25 18:43:00+00:00,310.2701110839844,310.3949890136719,310.260009765625,310.3949890136719,3168944
2026-02-25 18:44:00+00:00,310.4100036621094,310.42999267578125,310.2688903808594,310.2688903808594,0
2026-02-25 18:45:00+00:00,310.44000244140625,310.44000244140625,310.3399963378906,310.4200134277344,13633
2026-02-25 18:46:00+00:00,310.3399963378906,310.45001220703125,310.3399963378906,310.44000244140625,3183887
2026-02-25 18:47:00+00:00,310.4200134277344,310.4200134277344,310.340087890625,310.340087890625,0
2026-02-25 18:48:00+00:00,310.43548583984375,310.4898986816406,310.42999267578125,310.4599914550781,12589
2026-02-25 18:49:00+00:00,310.45001220703125,310.45989990234375,310.3901062011719,310.4100036621094,13337
2026-02-25 18:50:00+00:00,310.4440002441406,310.510009765625,310.43011474609375,310.4436950683594,11280
2026-02-25 18:51:00+00:00,310.5553894042969,310.55999755859375,310.4287109375,310.42999267578125,7492
2026-02-25 18:52:00+00:00,310.4800109863281,310.57000732421875,310.4800109863281,310.55999755859375,11895
2026-02-25 18:53:00+00:00,310.5400085449219,310.55999755859375,310.5,310.5,11754
2026-02-25 18:54:00+00:00,310.5,310.5350036621094,310.42999267578125,310.5350036621094,12975
2026-02-25 18:55:00+00:00,310.510009765625,310.5299987792969,310.4700012207031,310.5299987792969,11306
2026-02-25 18:56:00+00:00,310.4901123046875,310.56060791015625,310.489990234375,310.5299987792969,9827
2026-02-25 18:57:00+00:00,310.5400085449219,310.5400085449219,310.4798889160156,310.5,6214
2026-02-25 18:58:00+00:00,310.572998046875,310.6000061035156,310.53070068359375,310.53070068359375,8677
2026-02-25 18:59:00+00:00,310.6700134277344,310.69000244140625,310.5801086425781,310.5899963378906,11929
2026-02-25 19:00:00+00:00,310.489990234375,310.70001220703125,310.4800109863281,310.6700134277344,32570
2026-02-25 19:01:00+00:00,310.4800109863281,310.510986328125,310.3999938964844,310.4949951171875,15340
2026-02-25 19:02:00+00:00,310.54998779296875,310.6400146484375,310.5,310.5,16974
2026-02-25 19:03:00+00:00,310.610107421875,310.6600036621094,310.5199890136719,310.5299987792969,12041
2026-02-25 19:04:00+00:00,310.5799865722656,310.614990234375,310.55999755859375,310.6099853515625,10790
2026-02-25 19:05:00+00:00,310.5899963378906,310.614990234375,310.4849853515625,310.55999755859375,13476
2026-02-25 19:06:00+00:00,310.7099914550781,310.7449951171875,310.6050109863281,310.6099853515625,22241
2026-02-25 19:07:00+00:00,310.6700134277344,310.7900085449219,310.6499938964844,310.7099914550781,27150
2026-02-25 19:08:00+00:00,310.7799987792969,310.82000732421875,310.6700134277344,310.6700134277344,26296
2026-02-25 19:09:00+00:00,310.70001220703125,310.7698974609375,310.67010498046875,310.760009765625,35645
2026-02-25 19:10:00+00:00,310.7699890136719,310.8599853515625,310.70001220703125,310.70001220703125,3413593
2026-02-25 19:11:00+00:00,310.7449951171875,310.80999755859375,310.69000244140625,310.7749938964844,0
2026-02-25 19:12:00+00:00,310.739990234375,310.80999755859375,310.7349853515625,310.7409973144531,13863
2026-02-25 19:13:00+00:00,310.7099914550781,310.7699890136719,310.70001220703125,310.75,10734
2026-02-25 19:14:00+00:00,310.739990234375,310.7900085449219,310.65008544921875,310.7200012207031,16281
2026-02-25 19:15:00+00:00,310.7449951171875,310.8110046386719,310.7099914550781,310.7300109863281,15406
2026-02-25 19:16:00+00:00,310.739990234375,310.75,310.6400146484375,310.7449951171875,12045
2026-02-25 19:17:00+00:00,310.7300109863281,310.7950134277344,310.67999267578125,310.70001220703125,26218
2026-02-25 19:18:00+00:00,310.93499755859375,310.9800109863281,310.7300109863281,310.7300109863281,29125
2026-02-25 19:19:00+00:00,310.8550109863281,310.9800109863281,310.7699890136719,310.95001220703125,18966
2026-02-25 19:20:00+00:00,310.7799987792969,310.8599853515625,310.7799987792969,310.8599853515625,15705
2026-02-25 19:21:00+00:00,310.8174133300781,310.83099365234375,310.760009765625,310.7850036621094,11131
2026-02-25 19:22:00+00:00,310.7300109863281,310.82000732421875,310.7099914550781,310.80999755859375,9364
2026-02-25 19:23:00+00:00,310.82708740234375,310.8299865722656,310.7200012207031,310.7300109863281,8254
2026-02-25 19:24:00+00:00,311.0,311.0,310.8500061035156,310.8500061035156,17830
2026-02-25 19:25:00+00:00,311.1000061035156,311.10009765625,310.93011474609375,310.99029541015625,14451
2026-02-25 19:26:00+00:00,311.2099914550781,311.25,311.0799865722656,311.1000061035156,30313
2026-02-25 19:27:00+00:00,311.1400146484375,311.2200012207031,311.1300048828125,311.21929931640625,15361
2026-02-25 19:28:00+00:00,311.4100036621094,311.44500732421875,311.20001220703125,311.20001220703125,20321
2026-02-25 19:29:00+00:00,311.0718078613281,311.4100036621094,311.06500244140625,311.4100036621094,20756
2026-02-25 19:30:00+00:00,310.9599914550781,311.07000732421875,310.8699951171875,311.07000732421875,21006
2026-02-25 19:31:00+00:00,311.05999755859375,311.0799865722656,310.94000244140625,310.95001220703125,17840
2026-02-25 19:32:00+00:00,310.9508972167969,311.1000061035156,310.94000244140625,311.0249938964844,15838
2026-02-25 19:33:00+00:00,310.8100891113281,310.9549865722656,310.80999755859375,310.9549865722656,14598
2026-02-25 19:34:00+00:00,310.8599853515625,310.9200134277344,310.7799987792969,310.79998779296875,10244
2026-02-25 19:35:00+00:00,310.67999267578125,310.8599853515625,310.6700134277344,310.8299865722656,12673
2026-02-25 19:36:00+00:00,310.7099914550781,310.7398986816406,310.6499938964844,310.6700134277344,10309
2026-02-25 19:37:00+00:00,310.8599853515625,310.864990234375,310.7349853515625,310.739990234375,16558
2026-02-25 19:38:00+00:00,310.8999938964844,310.8999938964844,310.7503967285156,310.82000732421875,14094
2026-02-25 19:39:00+00:00,310.8999938964844,310.9200134277344,310.8500061035156,310.8999938964844,13367
2026-02-25 19:40:00+00:00,310.9798889160156,310.9909973144531,310.8500061035156,310.89990234375,17333
2026-02-25 19:41:00+00:00,310.8500061035156,310.9700012207031,310.8299865722656,310.9700012207031,15769
2026-02-25 19:42:00+00:00,310.9200134277344,311.0350036621094,310.860107421875,310.8800048828125,15453
2026-02-25 19:43:00+00:00,311.04998779296875,311.07000732421875,310.9100036621094,310.9200134277344,21587
2026-02-25 19:44:00+00:00,310.8500061035156,311.1000061035156,310.81500244140625,311.0400085449219,19273
2026-02-25 19:45:00+00:00,310.7699890136719,310.8536071777344,310.67999267578125,310.81500244140625,14955
2026-02-25 19:46:00+00:00,310.94500732421875,310.94500732421875,310.8102111816406,310.8102111816406,17449
2026-02-25 19:47:00+00:00,310.9549865722656,311.0,310.92999267578125,310.9599914550781,8319
2026-02-25 19:48:00+00:00,311.0799865722656,311.0899963378906,310.9700012207031,310.9700012207031,12714
2026-02-25 19:49:00+00:00,311.1099853515625,311.1300048828125,311.07000732421875,311.1000061035156,11357
2026-02-25 19:50:00+00:00,311.19000244140625,311.2398986816406,311.1199951171875,311.1199951171875,12726
2026-02-25 19:51:00+00:00,311.1199951171875,311.1600036621094,311.0350036621094,311.1600036621094,20502
2026-02-25 19:52:00+00:00,310.9507141113281,311.1199951171875,310.9507141113281,311.1199951171875,12086
2026-02-25 19:53:00+00:00,311.0989990234375,311.1099853515625,310.9649963378906,310.9649963378906,11907
2026-02-25 19:54:00+00:00,311.19000244140625,311.2149963378906,311.0899963378906,311.090087890625,14784
2026-02-25 19:55:00+00:00,311.2850036621094,311.2850036621094,311.1499938964844,311.1700134277344,11405
2026-02-25 19:56:00+00:00,311.2699890136719,311.32000732421875,311.24969482421875,311.25,17103
2026-02-25 19:57:00+00:00,311.2699890136719,311.2850036621094,311.19000244140625,311.2850036621094,19518
2026-02-25 19:58:00+00:00,311.4100036621094,311.4100036621094,311.25,311.260009765625,3899106
2026-02-25 19:59:00+00:00,311.2850036621094,311.4200134277344,311.2699890136719,311.4100036621094,0
2026-02-25 20:00:00+00:00,311.2349853515625,311.2900085449219,311.2300109863281,311.2699890136719,29855
2026-02-25 20:01:00+00:00,311.1499938964844,311.25,311.1300048828125,311.25,3919243
2026-02-25 20:02:00+00:00,311.2099914550781,311.239990234375,311.1499938964844,311.1600036621094,0
2026-02-25 20:03:00+00:00,311.2699890136719,311.2699890136719,311.1199951171875,311.1600036621094,15642
2026-02-25 20:04:00+00:00,311.2900085449219,311.2900085449219,311.19000244140625,311.2550048828125,16431
2026-02-25 20:05:00+00:00,311.489990234375,311.5,311.2601013183594,311.2601013183594,29355
2026-02-25 20:06:00+00:00,311.5,311.54998779296875,311.4200134277344,311.5,27031
2026-02-25 20:07:00+00:00,311.75,311.75,311.4800109863281,311.510009765625,24275
2026-02-25 20:08:00+00:00,311.739990234375,311.79998779296875,311.6400146484375,311.760009765625,36150
2026-02-25 20:09:00+00:00,311.7200012207031,311.8800048828125,311.70001220703125,311.7699890136719,38005
2026-02-25 20:10:00+00:00,311.7799987792969,311.80999755859375,311.7200012207031,311.75,34726
2026-02-25 20:11:00+00:00,311.74371337890625,311.75,311.6300048828125,311.75,24540
2026-02-25 20:12:00+00:00,311.69000244140625,311.75,311.6499938964844,311.739990234375,18508
2026-02-25 20:13:00+00:00,311.8970031738281,311.9100036621094,311.6000061035156,311.67999267578125,27003
2026-02-25 20:14:00+00:00,312.03009033203125,312.0799865722656,311.8999938964844,311.9049987792969,46537
2026-02-25 20:15:00+00:00,312.0299987792969,312.1099853515625,312.0,312.0400085449219,40193
2026-02-25 20:16:00+00:00,312.1300048828125,312.1300048828125,311.9700012207031,312.0199890136719,24470
2026-02-25 20:17:00+00:00,312.15008544921875,312.25,312.0899963378906,312.1300048828125,30043
2026-02-25 20:18:00+00:00,312.1000061035156,312.1449890136719,312.010009765625,312.1449890136719,22047
2026-02-25 20:19:00+00:00,312.0350036621094,312.1199951171875,311.9849853515625,312.0450134277344,28292
2026-02-25 20:20:00+00:00,311.75,312.0400085449219,311.75,312.0199890136719,56086
2026-02-25 20:21:00+00:00,311.7300109863281,311.760009765625,311.55999755859375,311.75,35236
2026-02-25 20:22:00+00:00,311.6199951171875,311.7300109863281,311.5899963378906,311.7099914550781,22366
2026-02-25 20:23:00+00:00,311.79998779296875,311.8349914550781,311.5299987792969,311.610107421875,31186
2026-02-25 20:24:00+00:00,311.7799987792969,311.8450012207031,311.74249267578125,311.80999755859375,20992
2026-02-25 20:25:00+00:00,311.864990234375,311.8800048828125,311.75,311.7900085449219,20217
2026-02-25 20:26:00+00:00,311.989990234375,312.0299987792969,311.8299865722656,311.8699951171875,25070
2026-02-25 20:27:00+00:00,312.04901123046875,312.07501220703125,312.0,312.0,17305
2026-02-25 20:28:00+00:00,312.385009765625,312.3999938964844,312.07000732421875,312.0799865722656,37021
2026-02-25 20:29:00+00:00,312.3599853515625,312.4599914550781,312.3599853515625,312.3699951171875,19829
2026-02-25 20:30:00+00:00,312.4100036621094,312.42999267578125,312.239990234375,312.3399963378906,28581
2026-02-25 20:31:00+00:00,312.1700134277344,312.42999267578125,312.1509094238281,312.42999267578125,24026
2026-02-25 20:32:00+00:00,312.30010986328125,312.3598937988281,312.1600036621094,312.1700134277344,22026
2026-02-25 20:33:00+00:00,312.07000732421875,312.30999755859375,312.04998779296875,312.29998779296875,17307
2026-02-25 20:34:00+00:00,311.8700866699219,312.07000732421875,311.8599853515625,312.07000732421875,16064
2026-02-25 20:35:00+00:00,311.80999755859375,311.8949890136719,311.75,311.8949890136719,29096
2026-02-25 20:36:00+00:00,311.7850036621094,311.8299865722656,311.7099914550781,311.82000732421875,14995
2026-02-25 20:37:00+00:00,311.7900085449219,311.8550109863281,311.7799987792969,311.7810974121094,9937
2026-02-25 20:38:00+00:00,311.94000244140625,311.94000244140625,311.79998779296875,311.82000732421875,14250
2026-02-25 20:39:00+00:00,311.95001220703125,311.95928955078125,311.885009765625,311.9100036621094,22840
2026-02-25 20:40:00+00:00,311.885009765625,311.92999267578125,311.8013916015625,311.92999267578125,15316
2026-02-25 20:41:00+00:00,312.0589904785156,312.0849914550781,311.8599853515625,311.8699951171875,22911
2026-02-25 20:42:00+00:00,312.0350036621094,312.0826110839844,312.010009765625,312.04998779296875,60784
2026-02-25 20:43:00+00:00,312.1199951171875,312.1600036621094,312.05999755859375,312.07000732421875,14248
2026-02-25 20:44:00+00:00,312.19000244140625,312.19000244140625,312.0799865722656,312.1000061035156,16382
2026-02-25 20:45:00+00:00,312.368896484375,312.3699951171875,312.1400146484375,312.17999267578125,24906
2026-02-25 20:46:00+00:00,312.6400146484375,312.6400146484375,312.3800048828125,312.4049987792969,31667
2026-02-25 20:47:00+00:00,312.9100036621094,312.9200134277344,312.5899963378906,312.6300048828125,4469959
2026-02-25 20:48:00+00:00,312.82000732421875,313.05499267578125,312.7799987792969,312.8900146484375,0
2026-02-25 20:49:00+00:00,312.510009765625,312.80999755859375,312.4530029296875,312.79998779296875,29599
2026-02-25 20:50:00+00:00,312.8699951171875,312.9798889160156,312.0,312.54998779296875,84183
2026-02-25 20:51:00+00:00,312.8800048828125,313.1000061035156,312.7699890136719,312.8699951171875,44360
2026-02-25 20:52:00+00:00,312.7799987792969,313.0199890136719,312.7300109863281,312.885009765625,33231
2026-02-25 20:53:00+00:00,312.92999267578125,312.9599914550781,312.7300109863281,312.79998779296875,27528
2026-02-25 20:54:00+00:00,312.7699890136719,312.94000244140625,312.6600036621094,312.94000244140625,41425
2026-02-25 20:55:00+00:00,312.6600036621094,312.80999755859375,312.4200134277344,312.7300109863281,64309
2026-02-25 20:56:00+00:00,312.8299865722656,312.8599853515625,312.6499938964844,312.6700134277344,48056
2026-02-25 20:57:00+00:00,313.19000244140625,313.2300109863281,312.79998779296875,312.8299865722656,74611
2026-02-25 20:58:00+00:00,313.0,313.19000244140625,312.92999267578125,313.19000244140625,85530
2026-02-25 20:59:00+00:00,313.0400085449219,313.1000061035156,312.8500061035156,313.0199890136719,251880
2026-02-26 14:30:00+00:00,309.25,313.0,308.8999938964844,312.9200134277344,668484
2026-02-26 14:31:00+00:00,309.510498046875,309.8800048828125,308.79998779296875,309.260009765625,65441
2026-02-26 14:32:00+00:00,309.0472106933594,309.8900146484375,308.92999267578125,309.57000732421875,77238
2026-02-26 14:33:00+00:00,308.989990234375,309.2749938964844,308.8550109863281,309.04998779296875,71331
2026-02-26 14:34:00+00:00,309.8599853515625,309.8699951171875,308.95001220703125,308.9599914550781,62677
2026-02-26 14:35:00+00:00,309.7099914550781,310.20001220703125,309.5299987792969,309.75,67066
2026-02-26 14:36:00+00:00,308.5201110839844,309.6449890136719,308.4100036621094,309.6199951171875,551939
2026-02-26 14:37:00+00:00,308.3399963378906,308.67999267578125,307.7799987792969,308.5400085449219,0
2026-02-26 14:38:00+00:00,308.2699890136719,308.7900085449219,307.9100036621094,308.3299865722656,86923
2026-02-26 14:39:00+00:00,308.19000244140625,308.56500244140625,308.0899963378906,308.29998779296875,54298
2026-02-26 14:40:00+00:00,307.5400085449219,308.25,307.3503112792969,308.19000244140625,763757
2026-02-26 14:41:00+00:00,308.2200012207031,308.239990234375,307.260009765625,307.55999755859375,0
2026-02-26 14:42:00+00:00,308.25,308.6199951171875,307.95111083984375,308.260009765625,80514
2026-02-26 14:43:00+00:00,307.5799865722656,308.30999755859375,307.3800048828125,308.239990234375,68331
2026-02-26 14:44:00+00:00,308.4700012207031,308.5050048828125,307.3900146484375,307.57000732421875,74645
2026-02-26 14:45:00+00:00,308.1499938964844,308.42999267578125,307.8599853515625,308.42999267578125,71833
2026-02-26 14:46:00+00:00,308.3599853515625,308.6099853515625,307.95001220703125,308.1600036621094,86314
2026-02-26 14:47:00+00:00,307.8500061035156,308.32000732421875,307.4007873535156,308.32000732421875,86730
2026-02-26 14:48:00+00:00,307.3999938964844,307.8800048828125,307.2699890136719,307.8699951171875,56941
2026-02-26 14:49:00+00:00,307.55999755859375,307.6600036621094,307.1600036621094,307.375,42472
2026-02-26 14:50:00+00:00,307.6099853515625,307.95001220703125,307.489990234375,307.5199890136719,39285
2026-02-26 14:51:00+00:00,307.1099853515625,307.6099853515625,307.04150390625,307.6050109863281,39542
2026-02-26 14:52:00+00:00,306.9700012207031,307.2799072265625,306.8599853515625,307.1499938964844,55479
2026-02-26 14:53:00+00:00,307.2099914550781,307.2799072265625,306.8900146484375,307.0,23887
2026-02-26 14:54:00+00:00,307.0718078613281,307.19000244140625,306.9599914550781,307.0899963378906,1202612
2026-02-26 14:55:00+00:00,307.3299865722656,307.6199951171875,307.04998779296875,307.07080078125,57663
2026-02-26 14:56:00+00:00,306.9800109863281,307.4200134277344,306.8299865722656,307.3299865722656,0
2026-02-26 14:57:00+00:00,306.64849853515625,306.9549865722656,306.635009765625,306.95001220703125,51191
2026-02-26 14:58:00+00:00,306.55999755859375,306.6650085449219,306.260009765625,306.6650085449219,1346823
2026-02-26 14:59:00+00:00,306.44000244140625,306.61138916015625,306.2200927734375,306.55999755859375,0
2026-02-26 15:00:00+00:00,306.2099914550781,306.67999267578125,306.0899963378906,306.4599914550781,42605
2026-02-26 15:01:00+00:00,305.7900085449219,306.239990234375,305.4302062988281,306.18499755859375,81896
2026-02-26 15:02:00+00:00,305.681884765625,305.9100036621094,305.44000244140625,305.8299865722656,48735
2026-02-26 15:03:00+00:00,305.71990966796875,306.1700134277344,305.6499938964844,305.67999267578125,1466244
2026-02-26 15:04:00+00:00,305.840087890625,306.07000732421875,305.62750244140625,305.7550048828125,0
2026-02-26 15:05:00+00:00,305.7300109863281,305.9599914550781,305.5199890136719,305.8598937988281,35704
2026-02-26 15:06:00+00:00,306.17498779296875,306.19989013671875,305.6499938964844,305.67999267578125,37975
2026-02-26 15:07:00+00:00,305.9400939941406,306.135009765625,305.7900085449219,306.05999755859375,34031
2026-02-26 15:08:00+00:00,306.2900085449219,306.30999755859375,305.9200134277344,305.9599914550781,56662
2026-02-26 15:09:00+00:00,306.489990234375,306.6875,306.17999267578125,306.32000732421875,55069
2026-02-26 15:10:00+00:00,306.69000244140625,306.760009765625,306.3399963378906,306.4849853515625,51856
2026-02-26 15:11:00+00:00,306.42718505859375,306.7900085449219,306.3500061035156,306.7200012207031,42408
2026-02-26 15:12:00+00:00,305.7550048828125,306.4100036621094,305.69000244140625,306.3999938964844,60765
2026-02-26 15:13:00+00:00,305.5050048828125,305.75,305.43499755859375,305.75,57133
2026-02-26 15:14:00+00:00,305.2958068847656,305.4200134277344,305.2300109863281,305.3999938964844,38392
2026-02-26 15:15:00+00:00,305.1698913574219,305.2900085449219,304.8900146484375,305.2900085449219,1816776
2026-02-26 15:16:00+00:00,304.6000061035156,305.20001220703125,304.5600891113281,305.1099853515625,0
2026-02-26 15:17:00+00:00,304.6300048828125,304.9849853515625,304.5899963378906,304.6400146484375,42757
2026-02-26 15:18:00+00:00,304.1700134277344,304.6650085449219,304.0799865722656,304.6400146484375,51533
2026-02-26 15:19:00+00:00,303.82000732421875,304.1700134277344,303.67999267578125,304.0799865722656,56139
2026-02-26 15:20:00+00:00,303.7200012207031,304.1449890136719,303.5600891113281,303.8299865722656,54839
2026-02-26 15:21:00+00:00,303.6199951171875,303.8399963378906,303.5509948730469,303.7300109863281,34686
2026-02-26 15:22:00+00:00,303.2699890136719,303.67999267578125,303.25,303.67999267578125,40954
2026-02-26 15:23:00+00:00,303.20001220703125,303.3500061035156,302.9309997558594,303.3500061035156,57767
2026-02-26 15:24:00+00:00,302.9375,303.17999267578125,302.69000244140625,303.1099853515625,38942
2026-02-26 15:25:00+00:00,302.9049987792969,303.25,302.7900085449219,302.9599914550781,38186
2026-02-26 15:26:00+00:00,303.3299865722656,303.5,302.92999267578125,302.92999267578125,42018
2026-02-26 15:27:00+00:00,302.8699951171875,303.3599853515625,302.8312072753906,303.3599853515625,42778
2026-02-26 15:28:00+00:00,302.7401123046875,303.0570068359375,302.4100036621094,302.92999267578125,51502
2026-02-26 15:29:00+00:00,303.3399963378906,303.4100036621094,302.7250061035156,302.7900085449219,32892
2026-02-26 15:30:00+00:00,302.8399963378906,303.385009765625,302.7601013183594,303.2591857910156,59758
2026-02-26 15:31:00+00:00,303.02801513671875,303.1499938964844,302.7900085449219,302.8299865722656,65979
2026-02-26 15:32:00+00:00,302.8599853515625,303.1499938964844,302.79998779296875,302.989990234375,2250648
2026-02-26 15:33:00+00:00,303.1499938964844,303.2200012207031,302.8399963378906,302.8599853515625,0
2026-02-26 15:34:00+00:00,302.80999755859375,303.1199951171875,302.6050109863281,303.1050109863281,2349765
2026-02-26 15:35:00+00:00,302.67999267578125,302.9399108886719,302.57000732421875,302.79998779296875,0
2026-02-26 15:36:00+00:00,303.2200012207031,303.30999755859375,302.5899963378906,302.6650085449219,62314
2026-02-26 15:37:00+00:00,303.1000061035156,303.30999755859375,302.9849853515625,303.19000244140625,66678
2026-02-26 15:38:00+00:00,303.6050109863281,303.6675109863281,303.1300048828125,303.1300048828125,61858
2026-02-26 15:39:00+00:00,303.8800048828125,303.9200134277344,303.4800109863281,303.5899963378906,81494
2026-02-26 15:40:00+00:00,303.989990234375,304.2449951171875,303.6675109863281,303.8399963378906,51383
2026-02-26 15:41:00+00:00,304.1700134277344,304.2699890136719,303.79998779296875,303.92999267578125,79309
2026-02-26 15:42:00+00:00,303.8299865722656,304.2900085449219,303.6600036621094,304.1600036621094,67508
2026-02-26 15:43:00+00:00,304.2900085449219,304.44000244140625,303.80999755859375,303.8290100097656,50834
2026-02-26 15:44:00+00:00,304.0899963378906,304.25,303.8999938964844,304.2300109863281,50444
2026-02-26 15:45:00+00:00,304.42999267578125,304.44000244140625,304.0400085449219,304.0400085449219,69991
2026-02-26 15:46:00+00:00,303.7799987792969,304.5400085449219,303.7699890136719,304.38800048828125,65229
2026-02-26 15:47:00+00:00,303.8800048828125,303.8900146484375,303.6199951171875,303.79998779296875,28439
2026-02-26 15:48:00+00:00,304.114990234375,304.2300109863281,303.8699951171875,303.9100036621094,32663
2026-02-26 15:49:00+00:00,304.05999755859375,304.260009765625,303.8500061035156,304.07501220703125,33605
2026-02-26 15:50:00+00:00,303.7799987792969,304.0799865722656,303.5299987792969,304.0400085449219,42050
2026-02-26 15:51:00+00:00,303.7535095214844,303.94000244140625,303.6600036621094,303.79998779296875,31571
2026-02-26 15:52:00+00:00,304.1700134277344,304.2699890136719,303.75,303.7900085449219,45872
2026-02-26 15:53:00+00:00,304.3299865722656,304.3800048828125,304.05999755859375,304.1700134277344,35022
2026-02-26 15:54:00+00:00,304.4700012207031,304.5400085449219,304.1700134277344,304.3241882324219,38009
2026-02-26 15:55:00+00:00,304.1300048828125,304.57000732421875,304.0400085449219,304.4700012207031,42972
2026-02-26 15:56:00+00:00,304.0799865722656,304.260009765625,303.8900146484375,304.20001220703125,3081370
2026-02-26 15:57:00+00:00,304.6600036621094,304.69000244140625,304.0199890136719,304.06500244140625,0
2026-02-26 15:58:00+00:00,304.5400085449219,304.8599853515625,304.5199890136719,304.6600036621094,41111
2026-02-26 15:59:00+00:00,304.3599853515625,304.6000061035156,304.2200012207031,304.5400085449219,41537
2026-02-26 16:00:00+00:00,304.6600036621094,304.7900085449219,304.36151123046875,304.39849853515625,27162
2026-02-26 16:01:00+00:00,304.3900146484375,304.739990234375,304.3500061035156,304.6700134277344,38125
2026-02-26 16:02:00+00:00,304.7200012207031,304.7200012207031,304.25,304.42999267578125,43120
2026-02-26 16:03:00+00:00,304.9049987792969,304.989990234375,304.6199951171875,304.7300109863281,3302298
2026-02-26 16:04:00+00:00,305.1499938964844,305.19000244140625,304.760009765625,304.9200134277344,79148
2026-02-26 16:05:00+00:00,305.1600036621094,305.30999755859375,305.1099853515625,305.1400146484375,0
2026-02-26 16:06:00+00:00,305.17999267578125,305.2300109863281,304.8299865722656,305.1499938964844,32811
2026-02-26 16:07:00+00:00,305.1400146484375,305.25,305.0350036621094,305.1499938964844,3375686
2026-02-26 16:08:00+00:00,305.1099853515625,305.19000244140625,305.0150146484375,305.1199951171875,0
2026-02-26 16:09:00+00:00,305.2300109863281,305.32000732421875,305.0199890136719,305.1199951171875,31307
2026-02-26 16:10:00+00:00,305.19000244140625,305.2099914550781,305.0,305.1099853515625,24066
2026-02-26 16:11:00+00:00,305.2049865722656,305.3599853515625,305.20001220703125,305.239990234375,24590
2026-02-26 16:12:00+00:00,305.2900085449219,305.44000244140625,305.19500732421875,305.260009765625,40146
2026-02-26 16:13:00+00:00,305.2749938964844,305.2900085449219,305.1400146484375,305.260009765625,14262
2026-02-26 16:14:00+00:00,305.5,305.5,305.19000244140625,305.29998779296875,3471202
2026-02-26 16:15:00+00:00,305.6700134277344,305.82000732421875,305.510009765625,305.5299987792969,0
2026-02-26 16:16:00+00:00,305.70989990234375,305.75,305.57000732421875,305.6401062011719,20573
2026-02-26 16:17:00+00:00,305.6000061035156,305.6299133300781,305.45001220703125,305.62298583984375,24634
2026-02-26 16:18:00+00:00,305.3399963378906,305.5400085449219,305.30499267578125,305.5199890136719,15029
2026-02-26 16:19:00+00:00,305.2900085449219,305.3399963378906,305.20001220703125,305.30999755859375,3543557
2026-02-26 16:20:00+00:00,305.4700012207031,305.510009765625,305.2799987792969,305.2950134277344,23485
2026-02-26 16:21:00+00:00,305.8399963378906,305.8900146484375,305.510009765625,305.5299987792969,0
2026-02-26 16:22:00+00:00,306.3900146484375,306.3900146484375,305.8428955078125,305.8428955078125,3614130
2026-02-26 16:23:00+00:00,306.2882995605469,306.5098876953125,306.2300109863281,306.364990234375,35041
2026-02-26 16:24:00+00:00,306.45001220703125,306.5397033691406,306.19000244140625,306.25,31821
2026-02-26 16:25:00+00:00,306.8999938964844,306.95001220703125,306.4100036621094,306.45001220703125,0
2026-02-26 16:26:00+00:00,307.0199890136719,307.139892578125,306.9200134277344,306.9200134277344,3661731
2026-02-26 16:27:00+00:00,307.2200012207031,307.2200012207031,306.94000244140625,307.0249938964844,38822
2026-02-26 16:28:00+00:00,307.2200012207031,307.2301025390625,307.05999755859375,307.2301025390625,0
2026-02-26 16:29:00+00:00,307.1000061035156,307.2300109863281,307.0799865722656,307.19000244140625,3700249
2026-02-26 16:30:00+00:00,307.0799865722656,307.189208984375,307.0,307.0899963378906,0
2026-02-26 16:31:00+00:00,306.9700012207031,307.10400390625,306.8349914550781,307.04998779296875,28887
2026-02-26 16:32:00+00:00,307.25,307.29998779296875,306.8599853515625,306.8999938964844,18223
2026-02-26 16:33:00+00:00,307.25,307.4800109863281,307.1903991699219,307.25,21072
2026-02-26 16:34:00+00:00,307.6300048828125,307.70001220703125,307.1400146484375,307.1499938964844,3767606
2026-02-26 16:35:00+00:00,307.54119873046875,307.6600036621094,307.42999267578125,307.6600036621094,52069
2026-02-26 16:36:00+00:00,306.9849853515625,307.5050048828125,306.9849853515625,307.5050048828125,0
2026-02-26 16:37:00+00:00,306.6600036621094,307.0044860839844,306.6099853515625,307.0044860839844,42622
2026-02-26 16:38:00+00:00,306.489990234375,306.69000244140625,306.364990234375,306.69000244140625,3821758
2026-02-26 16:39:00+00:00,306.4800109863281,306.5950012207031,306.42999267578125,306.5151062011719,25387
2026-02-26 16:40:00+00:00,306.1499938964844,306.4599914550781,306.04998779296875,306.4599914550781,0
2026-02-26 16:41:00+00:00,306.3599853515625,306.57000732421875,306.19989013671875,306.19989013671875,27469
2026-02-26 16:42:00+00:00,306.3900146484375,306.4800109863281,306.19000244140625,306.3699035644531,13690
2026-02-26 16:43:00+00:00,306.1099853515625,306.3599853515625,306.0423889160156,306.3500061035156,17505
2026-02-26 16:44:00+00:00,305.94000244140625,306.1700134277344,305.8699951171875,306.1400146484375,30630
2026-02-26 16:45:00+00:00,305.760009765625,305.94000244140625,305.6300964355469,305.94000244140625,25395
2026-02-26 16:46:00+00:00,305.7900085449219,305.8699951171875,305.5950012207031,305.7799987792969,3943928
2026-02-26 16:47:00+00:00,305.8599853515625,306.07000732421875,305.75,305.7699890136719,0
2026-02-26 16:48:00+00:00,306.3999938964844,306.44000244140625,305.8599853515625,305.8599853515625,3949107
2026-02-26 16:49:00+00:00,306.3999938964844,306.45001220703125,306.3190002441406,306.4200134277344,0
2026-02-26 16:50:00+00:00,306.4031066894531,306.6000061035156,306.3301086425781,306.4012145996094,3973997
2026-02-26 16:51:00+00:00,306.2200012207031,306.5199890136719,306.2200012207031,306.3699951171875,0
2026-02-26 16:52:00+00:00,306.07000732421875,306.3099060058594,306.0199890136719,306.2200012207031,28049
2026-02-26 16:53:00+00:00,305.739990234375,306.06451416015625,305.69000244140625,306.05499267578125,10676
2026-02-26 16:54:00+00:00,305.4200134277344,305.7799987792969,305.4049987792969,305.7799987792969,28360
2026-02-26 16:55:00+00:00,305.1099853515625,305.45001220703125,305.04998779296875,305.414794921875,17338
2026-02-26 16:56:00+00:00,305.239990234375,305.2799987792969,305.0,305.1000061035156,18251
2026-02-26 16:57:00+00:00,305.2699890136719,305.4200134277344,305.16119384765625,305.2850036621094,8620
2026-02-26 16:58:00+00:00,305.2099914550781,305.3999938964844,305.1600036621094,305.1600036621094,10423
2026-02-26 16:59:00+00:00,305.44000244140625,305.5199890136719,305.29998779296875,305.29998779296875,21358
2026-02-26 17:00:00+00:00,306.1700134277344,306.17999267578125,305.5,305.510009765625,17945
2026-02-26 17:01:00+00:00,306.07000732421875,306.2598876953125,306.06500244140625,306.1600036621094,13630
2026-02-26 17:02:00+00:00,306.1199951171875,306.20001220703125,305.9750061035156,306.0299987792969,8835
2026-02-26 17:03:00+00:00,306.1499938964844,306.260009765625,306.07501220703125,306.07501220703125,4118650
2026-02-26 17:04:00+00:00,306.260009765625,306.30999755859375,306.1499938964844,306.1499938964844,21986
2026-02-26 17:05:00+00:00,306.2699890136719,306.37298583984375,306.1700134277344,306.2799987792969,0
2026-02-26 17:06:00+00:00,306.2900085449219,306.3599853515625,306.239990234375,306.260009765625,9010
2026-02-26 17:07:00+00:00,306.5450134277344,306.54998779296875,306.30999755859375,306.30999755859375,11385
2026-02-26 17:08:00+00:00,306.375,306.6300048828125,306.375,306.4800109863281,11888
2026-02-26 17:09:00+00:00,306.260009765625,306.4599914550781,306.2099914550781,306.3550109863281,12466
2026-02-26 17:10:00+00:00,306.3988037109375,306.4599914550781,306.2850036621094,306.2900085449219,7461
2026-02-26 17:11:00+00:00,306.19000244140625,306.32000732421875,306.1400146484375,306.30999755859375,19179
2026-02-26 17:12:00+00:00,306.25,306.30999755859375,306.19000244140625,306.19000244140625,11971
2026-02-26 17:13:00+00:00,306.04998779296875,306.3399963378906,306.0299987792969,306.2300109863281,13556
2026-02-26 17:14:00+00:00,305.6600036621094,306.0299987792969,305.6600036621094,306.0299987792969,18706
2026-02-26 17:15:00+00:00,305.510009765625,305.7099914550781,305.510009765625,305.6600036621094,4257609
2026-02-26 17:16:00+00:00,305.7200012207031,305.8500061035156,305.6499938964844,305.6499938964844,0
2026-02-26 17:17:00+00:00,305.8299865722656,305.8800048828125,305.6199951171875,305.67999267578125,8179
2026-02-26 17:18:00+00:00,306.0098876953125,306.1199951171875,305.8299865722656,305.8299865722656,8317
2026-02-26 17:19:00+00:00,306.05999755859375,306.125,306.0,306.0,11673
2026-02-26 17:20:00+00:00,305.9800109863281,306.1400146484375,305.92999267578125,306.05999755859375,9582
2026-02-26 17:21:00+00:00,305.6000061035156,305.989990234375,305.5899963378906,305.9800109863281,11729
2026-02-26 17:22:00+00:00,305.69000244140625,305.75,305.6099853515625,305.614501953125,8151
2026-02-26 17:23:00+00:00,305.6400146484375,305.7200012207031,305.57000732421875,305.70001220703125,8469
2026-02-26 17:24:00+00:00,305.6600036621094,305.7099914550781,305.6300048828125,305.635009765625,8565
2026-02-26 17:25:00+00:00,305.635009765625,305.70001220703125,305.54998779296875,305.6300048828125,9046
2026-02-26 17:26:00+00:00,305.32000732421875,305.6199951171875,305.3006896972656,305.6199951171875,14064
2026-02-26 17:27:00+00:00,305.3999938964844,305.4451904296875,305.2699890136719,305.3599853515625,11565
2026-02-26 17:28:00+00:00,305.2898864746094,305.5,305.25,305.44000244140625,22372
2026-02-26 17:29:00+00:00,305.3500061035156,305.43499755859375,305.2799987792969,305.2900085449219,20716
2026-02-26 17:30:00+00:00,305.4800109863281,305.5199890136719,305.32000732421875,305.32000732421875,11637
2026-02-26 17:31:00+00:00,305.5299987792969,305.57000732421875,305.4100036621094,305.4649963378906,23760
2026-02-26 17:32:00+00:00,305.5199890136719,305.6300048828125,305.44000244140625,305.489990234375,32736
2026-02-26 17:33:00+00:00,305.32000732421875,305.6400146484375,305.2200012207031,305.5299987792969,19518
2026-02-26 17:34:00+00:00,305.3699951171875,305.55999755859375,305.3299865722656,305.3299865722656,13023
2026-02-26 17:35:00+00:00,305.04998779296875,305.3999938964844,305.0299987792969,305.3500061035156,13536
2026-02-26 17:36:00+00:00,304.8999938964844,305.0799865722656,304.8399963378906,305.0799865722656,20564
2026-02-26 17:37:00+00:00,304.9100036621094,304.95001220703125,304.86700439453125,304.8699951171875,16531
2026-02-26 17:38:00+00:00,305.18499755859375,305.19000244140625,304.8999938964844,304.9200134277344,12664
2026-02-26 17:39:00+00:00,305.0150146484375,305.239990234375,305.010009765625,305.1650085449219,23165
2026-02-26 17:40:00+00:00,305.0249938964844,305.1000061035156,304.94989013671875,305.0299987792969,9696
2026-02-26 17:41:00+00:00,304.8406066894531,305.0,304.8399963378906,305.0,7850
2026-02-26 17:42:00+00:00,304.8500061035156,304.9599914550781,304.8299865722656,304.8299865722656,7868
2026-02-26 17:43:00+00:00,305.04998779296875,305.04998779296875,304.79998779296875,304.8500061035156,15727
2026-02-26 17:44:00+00:00,304.9599914550781,305.0799865722656,304.8999938964844,305.0400085449219,16354
2026-02-26 17:45:00+00:00,304.8599853515625,304.95001220703125,304.82000732421875,304.8599853515625,13593
2026-02-26 17:46:00+00:00,304.7300109863281,304.8500061035156,304.614990234375,304.8500061035156,12331
2026-02-26 17:47:00+00:00,304.80999755859375,304.8999938964844,304.7250061035156,304.7250061035156,6021
2026-02-26 17:48:00+00:00,305.0299987792969,305.0400085449219,304.8500061035156,304.8500061035156,15399
2026-02-26 17:49:00+00:00,304.82000732421875,305.07000732421875,304.7900085449219,305.010009765625,10587
2026-02-26 17:50:00+00:00,305.0780029296875,305.0780029296875,304.8299865722656,304.8299865722656,10969
2026-02-26 17:51:00+00:00,305.1499938964844,305.1499938964844,304.9700012207031,305.05999755859375,13079
2026-02-26 17:52:00+00:00,305.3450012207031,305.3699951171875,305.1400146484375,305.18499755859375,4588246
2026-02-26 17:53:00+00:00,305.3699951171875,305.3699951171875,305.2049865722656,305.3399963378906,0
2026-02-26 17:54:00+00:00,305.6499938964844,305.6650085449219,305.3399963378906,305.3599853515625,30502
2026-02-26 17:55:00+00:00,305.5299987792969,305.70001220703125,305.489990234375,305.67999267578125,13952
2026-02-26 17:56:00+00:00,305.44000244140625,305.510009765625,305.3900146484375,305.5097961425781,9655
2026-02-26 17:57:00+00:00,305.17999267578125,305.4100036621094,305.1499938964844,305.4100036621094,18334
2026-02-26 17:58:00+00:00,305.04998779296875,305.1600036621094,305.0,305.1426086425781,16594
2026-02-26 17:59:00+00:00,305.07000732421875,305.1499938964844,305.05999755859375,305.1000061035156,12691
2026-02-26 18:00:00+00:00,305.04998779296875,305.1499938964844,305.0400085449219,305.05999755859375,11681
2026-02-26 18:01:00+00:00,305.30999755859375,305.30999755859375,305.01300048828125,305.0450134277344,14096
2026-02-26 18:02:00+00:00,305.3299865722656,305.3800048828125,305.29998779296875,305.32000732421875,12524
2026-02-26 18:03:00+00:00,305.2099914550781,305.3299865722656,305.0799865722656,305.2900085449219,4700342
2026-02-26 18:04:00+00:00,305.1549987792969,305.32501220703125,305.1199951171875,305.2250061035156,0
2026-02-26 18:05:00+00:00,305.1300048828125,305.31500244140625,305.0899963378906,305.1600036621094,18164
2026-02-26 18:06:00+00:00,305.0150146484375,305.17950439453125,304.8800048828125,305.1499938964844,15350
2026-02-26 18:07:00+00:00,304.8999938964844,305.1000061035156,304.8800048828125,304.9700012207031,13546
2026-02-26 18:08:00+00:00,304.8699951171875,304.9800109863281,304.760009765625,304.94000244140625,27443
2026-02-26 18:09:00+00:00,304.9200134277344,304.989990234375,304.739990234375,304.8500061035156,14917
2026-02-26 18:10:00+00:00,305.19000244140625,305.2250061035156,304.8800048828125,304.8999938964844,19966
2026-02-26 18:11:00+00:00,305.2099914550781,305.32000732421875,305.07000732421875,305.1549987792969,21348
2026-02-26 18:12:00+00:00,304.9800109863281,305.2099914550781,304.9700012207031,305.1499938964844,18849
2026-02-26 18:13:00+00:00,304.9200134277344,304.989990234375,304.8999938964844,304.94000244140625,4831807
2026-02-26 18:14:00+00:00,304.8500061035156,304.8900146484375,304.67999267578125,304.8599853515625,0
2026-02-26 18:15:00+00:00,304.7900085449219,304.8900146484375,304.7300109863281,304.8800048828125,15466
2026-02-26 18:16:00+00:00,304.8999938964844,304.9031982421875,304.70001220703125,304.80999755859375,10308
2026-02-26 18:17:00+00:00,304.9700012207031,305.1199951171875,304.885009765625,304.9100036621094,14311
2026-02-26 18:18:00+00:00,304.94000244140625,305.0299987792969,304.81500244140625,304.9849853515625,16290
2026-02-26 18:19:00+00:00,304.94000244140625,304.94000244140625,304.7799987792969,304.875,13972
2026-02-26 18:20:00+00:00,305.05999755859375,305.1000061035156,304.9100036621094,304.9200134277344,25107
2026-02-26 18:21:00+00:00,304.7799987792969,305.1099853515625,304.7698059082031,305.1099853515625,16105
2026-02-26 18:22:00+00:00,304.8900146484375,304.94500732421875,304.8299865722656,304.8299865722656,10177
2026-02-26 18:23:00+00:00,304.80499267578125,304.8699951171875,304.6099853515625,304.8699951171875,14888
2026-02-26 18:24:00+00:00,304.9599914550781,304.9800109863281,304.80999755859375,304.80999755859375,21470
2026-02-26 18:25:00+00:00,304.9200134277344,304.989990234375,304.9100036621094,304.9501037597656,4927268
2026-02-26 18:26:00+00:00,304.82000732421875,304.9150085449219,304.7799987792969,304.8949890136719,0
2026-02-26 18:27:00+00:00,305.0,305.07989501953125,304.70001220703125,304.8699951171875,45545
2026-02-26 18:28:00+00:00,304.6700134277344,304.989990234375,304.6400146484375,304.989990234375,20099
2026-02-26 18:29:00+00:00,304.7300109863281,304.760009765625,304.5799865722656,304.67999267578125,23857
2026-02-26 18:30:00+00:00,304.9200134277344,304.96990966796875,304.69000244140625,304.739990234375,24947
2026-02-26 18:31:00+00:00,304.92999267578125,304.9501037597656,304.75,304.9200134277344,18936
2026-02-26 18:32:00+00:00,304.9800109863281,305.010009765625,304.8399963378906,304.8999938964844,12042
2026-02-26 18:33:00+00:00,305.44000244140625,305.4700012207031,304.9700012207031,305.0,19356
2026-02-26 18:34:00+00:00,305.67999267578125,305.760009765625,305.45001220703125,305.4549865722656,39747
2026-02-26 18:35:00+00:00,305.5950012207031,305.6700134277344,305.5,305.6700134277344,22747
2026-02-26 18:36:00+00:00,306.34991455078125,306.34991455078125,305.57000732421875,305.6099853515625,27874
2026-02-26 18:37:00+00:00,306.239990234375,306.3500061035156,306.1099853515625,306.3500061035156,5080871
2026-02-26 18:38:00+00:00,306.1300048828125,306.260009765625,306.0700988769531,306.260009765625,0
2026-02-26 18:39:00+00:00,306.3699951171875,306.3999938964844,306.19000244140625,306.19000244140625,16119
2026-02-26 18:40:00+00:00,306.44000244140625,306.5159912109375,306.30999755859375,306.3699951171875,12835
2026-02-26 18:41:00+00:00,306.4100036621094,306.5,306.3699951171875,306.3999938964844,10741
2026-02-26 18:42:00+00:00,306.3999938964844,306.42999267578125,306.3500061035156,306.389892578125,12282
2026-02-26 18:43:00+00:00,306.4700927734375,306.6050109863281,306.3900146484375,306.4100036621094,24103
2026-02-26 18:44:00+00:00,306.05999755859375,306.45001220703125,306.05999755859375,306.45001220703125,15680
2026-02-26 18:45:00+00:00,306.4466857910156,306.5249938964844,306.0799865722656,306.0799865722656,18234
2026-02-26 18:46:00+00:00,306.2326965332031,306.4800109863281,306.1700134277344,306.4599914550781,5156563
2026-02-26 18:47:00+00:00,306.1499938964844,306.2099914550781,306.1000061035156,306.2099914550781,0
2026-02-26 18:48:00+00:00,306.0690002441406,306.1600036621094,306.0299987792969,306.1000061035156,9828
2026-02-26 18:49:00+00:00,306.32000732421875,306.32000732421875,306.05999755859375,306.1600036621094,8709
2026-02-26 18:50:00+00:00,306.0799865722656,306.29998779296875,306.05999755859375,306.29998779296875,11711
2026-02-26 18:51:00+00:00,306.1000061035156,306.25,306.010009765625,306.010009765625,9685
2026-02-26 18:52:00+00:00,306.3500061035156,306.3699951171875,306.0899963378906,306.1000061035156,10037
2026-02-26 18:53:00+00:00,306.2101135253906,306.3500061035156,306.2101135253906,306.3500061035156,8953
2026-02-26 18:54:00+00:00,306.2200012207031,306.2699890136719,306.17999267578125,306.2200012207031,8241
2026-02-26 18:55:00+00:00,306.3999938964844,306.3999938964844,306.239990234375,306.25,5252
2026-02-26 18:56:00+00:00,306.69000244140625,306.7200012207031,306.381103515625,306.40521240234375,16482
2026-02-26 18:57:00+00:00,306.635009765625,306.6868896484375,306.56500244140625,306.6600036621094,15779
2026-02-26 18:58:00+00:00,306.6000061035156,306.70001220703125,306.6000061035156,306.6499938964844,12315
2026-02-26 18:59:00+00:00,306.54998779296875,306.6300048828125,306.4501037597656,306.6300048828125,5233036
2026-02-26 19:00:00+00:00,306.5,306.55999755859375,306.3949890136719,306.510009765625,0
2026-02-26 19:01:00+00:00,306.5400085449219,306.6099853515625,306.4700012207031,306.510009765625,19533
2026-02-26 19:02:00+00:00,306.6300048828125,306.6400146484375,306.4599914550781,306.5400085449219,25115
2026-02-26 19:03:00+00:00,306.8067932128906,306.8800048828125,306.6600036621094,306.6600036621094,20586
2026-02-26 19:04:00+00:00,306.8999938964844,306.9399108886719,306.7799987792969,306.81890869140625,5269493
2026-02-26 19:05:00+00:00,307.0799865722656,307.0799865722656,306.8500061035156,306.8699951171875,0
2026-02-26 19:06:00+00:00,307.1600036621094,307.29998779296875,307.0899963378906,307.1400146484375,20803
2026-02-26 19:07:00+00:00,307.2200012207031,307.2200012207031,307.07000732421875,307.0899963378906,10689
2026-02-26 19:08:00+00:00,307.3599853515625,307.3599853515625,307.20001220703125,307.2001953125,13017
2026-02-26 19:09:00+00:00,307.32000732421875,307.3800048828125,307.260009765625,307.3299865722656,15615
2026-02-26 19:10:00+00:00,307.5712890625,307.5899963378906,307.29998779296875,307.30999755859375,19923
2026-02-26 19:11:00+00:00,307.25,307.6099853515625,307.2099914550781,307.55999755859375,15429
2026-02-26 19:12:00+00:00,307.3800048828125,307.4700012207031,307.2300109863281,307.2300109863281,12423
2026-02-26 19:13:00+00:00,307.3800048828125,307.45001220703125,307.3399963378906,307.3800048828125,10701
2026-02-26 19:14:00+00:00,307.3699951171875,307.4100036621094,307.2950134277344,307.3900146484375,10239
2026-02-26 19:15:00+00:00,307.42999267578125,307.5199890136719,307.3699951171875,307.375,16239
2026-02-26 19:16:00+00:00,307.6099853515625,307.6600036621094,307.4100036621094,307.4100036621094,29873
2026-02-26 19:17:00+00:00,307.54998779296875,307.6600036621094,307.4818115234375,307.6199951171875,12726
2026-02-26 19:18:00+00:00,307.4100036621094,307.70001220703125,307.3699951171875,307.55999755859375,5378631
2026-02-26 19:19:00+00:00,307.45001220703125,307.489990234375,307.3450012207031,307.3900146484375,0
2026-02-26 19:20:00+00:00,307.760009765625,307.7864990234375,307.42999267578125,307.4599914550781,13714
2026-02-26 19:21:00+00:00,307.9100036621094,307.9200134277344,307.760009765625,307.7698974609375,30173
2026-02-26 19:22:00+00:00,307.95001220703125,308.0199890136719,307.8399963378906,307.9100036621094,21914
2026-02-26 19:23:00+00:00,308.1300048828125,308.19000244140625,307.92999267578125,307.95001220703125,25416
2026-02-26 19:24:00+00:00,308.0799865722656,308.17498779296875,308.04998779296875,308.1099853515625,83353
2026-02-26 19:25:00+00:00,307.9700012207031,308.1400146484375,307.9200134277344,308.0899963378906,0
2026-02-26 19:26:00+00:00,307.6449890136719,308.0,307.6400146484375,308.0,85277
2026-02-26 19:27:00+00:00,307.6300048828125,307.7099914550781,307.57000732421875,307.6300048828125,17397
2026-02-26 19:28:00+00:00,307.54998779296875,307.70001220703125,307.42999267578125,307.67999267578125,32744
2026-02-26 19:29:00+00:00,307.6499938964844,307.6499938964844,307.489990234375,307.54998779296875,5509966
2026-02-26 19:30:00+00:00,307.82000732421875,307.82000732421875,307.6099853515625,307.6600036621094,0
2026-02-26 19:31:00+00:00,307.864990234375,308.1199951171875,307.7799987792969,307.79998779296875,109688
2026-02-26 19:32:00+00:00,307.989990234375,308.07000732421875,307.8599853515625,307.8599853515625,28139
2026-02-26 19:33:00+00:00,307.99139404296875,308.0799865722656,307.9649963378906,308.0,13200
2026-02-26 19:34:00+00:00,307.8699951171875,308.1050109863281,307.8699951171875,308.0,16991
2026-02-26 19:35:00+00:00,307.5400085449219,307.8599853515625,307.5,307.8500061035156,18540
2026-02-26 19:36:00+00:00,307.489990234375,307.5899963378906,307.45001220703125,307.5450134277344,11336
2026-02-26 19:37:00+00:00,307.43499755859375,307.55999755859375,307.42999267578125,307.510009765625,10362
2026-02-26 19:38:00+00:00,307.3900146484375,307.5050048828125,307.3374938964844,307.4580078125,13070
2026-02-26 19:39:00+00:00,307.4700012207031,307.489990234375,307.3999938964844,307.4200134277344,10118
2026-02-26 19:40:00+00:00,307.6099853515625,307.7099914550781,307.4599914550781,307.5199890136719,10927
2026-02-26 19:41:00+00:00,307.55999755859375,307.6600036621094,307.55999755859375,307.5849914550781,8744
2026-02-26 19:42:00+00:00,307.56500244140625,307.6600036621094,307.55999755859375,307.6199951171875,8719
2026-02-26 19:43:00+00:00,307.6098937988281,307.6099853515625,307.44000244140625,307.55999755859375,13100
2026-02-26 19:44:00+00:00,307.5150146484375,307.6499938964844,307.45001220703125,307.6000061035156,20245
2026-02-26 19:45:00+00:00,307.62548828125,307.6700134277344,307.55999755859375,307.5799865722656,7858
2026-02-26 19:46:00+00:00,307.8999938964844,307.9200134277344,307.5899963378906,307.6199951171875,11242
2026-02-26 19:47:00+00:00,308.0190124511719,308.1199951171875,307.8999938964844,307.8999938964844,16385
2026-02-26 19:48:00+00:00,307.9800109863281,308.0660095214844,307.95001220703125,308.0201110839844,13332
2026-02-26 19:49:00+00:00,307.9700012207031,307.9949951171875,307.8999938964844,307.9750061035156,11366
2026-02-26 19:50:00+00:00,307.7250061035156,307.9549865722656,307.67999267578125,307.95001220703125,13859
2026-02-26 19:51:00+00:00,307.9700012207031,307.9800109863281,307.6600036621094,307.6600036621094,29907
2026-02-26 19:52:00+00:00,307.9800109863281,308.0199890136719,307.92999267578125,307.9599914550781,11612
2026-02-26 19:53:00+00:00,307.94000244140625,308.0400085449219,307.8999938964844,307.9049987792969,10804
2026-02-26 19:54:00+00:00,307.8999938964844,307.94891357421875,307.8399963378906,307.93499755859375,12416
2026-02-26 19:55:00+00:00,307.8949890136719,308.0350036621094,307.8949890136719,307.8999938964844,12903
2026-02-26 19:56:00+00:00,307.7200012207031,307.95001220703125,307.7200012207031,307.9100036621094,28688
2026-02-26 19:57:00+00:00,307.69000244140625,307.760009765625,307.6499938964844,307.75,22670
2026-02-26 19:58:00+00:00,307.57000732421875,307.6592102050781,307.5199890136719,307.6543884277344,12363
2026-02-26 19:59:00+00:00,307.5950012207031,307.67999267578125,307.4800109863281,307.54998779296875,18843
2026-02-26 20:00:00+00:00,307.44000244140625,307.5799865722656,307.32000732421875,307.5799865722656,15292
2026-02-26 20:01:00+00:00,307.32000732421875,307.42999267578125,307.2200012207031,307.4100036621094,12159
2026-02-26 20:02:00+00:00,307.3699951171875,307.42498779296875,307.3078918457031,307.3900146484375,5812536
2026-02-26 20:03:00+00:00,307.55999755859375,307.5950012207031,307.30999755859375,307.3599853515625,0
2026-02-26 20:04:00+00:00,307.6099853515625,307.7560119628906,307.510009765625,307.54998779296875,5831510
2026-02-26 20:05:00+00:00,307.57000732421875,307.6600036621094,307.5299987792969,307.6099853515625,0
2026-02-26 20:06:00+00:00,307.67498779296875,307.7900085449219,307.6000061035156,307.6000061035156,19155
2026-02-26 20:07:00+00:00,307.5299987792969,307.6499938964844,307.489990234375,307.6400146484375,10568
2026-02-26 20:08:00+00:00,307.4103088378906,307.57000732421875,307.4100036621094,307.5199890136719,8804
2026-02-26 20:09:00+00:00,307.32000732421875,307.510009765625,307.32000732421875,307.3999938964844,15656
2026-02-26 20:10:00+00:00,307.29998779296875,307.39990234375,307.2699890136719,307.3175048828125,12614
2026-02-26 20:11:00+00:00,307.32000732421875,307.4100036621094,307.260009765625,307.2900085449219,16830
2026-02-26 20:12:00+00:00,307.3699951171875,307.3999938964844,307.30999755859375,307.3500061035156,11809
2026-02-26 20:13:00+00:00,307.32000732421875,307.3599853515625,307.2449951171875,307.3599853515625,9949
2026-02-26 20:14:00+00:00,307.3900146484375,307.5,307.3399963378906,307.3399963378906,8859
2026-02-26 20:15:00+00:00,307.32000732421875,307.3699951171875,307.260009765625,307.3599853515625,18885
2026-02-26 20:16:00+00:00,307.5400085449219,307.5400085449219,307.2699890136719,307.30999755859375,13252
2026-02-26 20:17:00+00:00,307.489990234375,307.5899963378906,307.489990234375,307.5899963378906,12388
2026-02-26 20:18:00+00:00,307.3840026855469,307.4849853515625,307.3500061035156,307.4849853515625,5923483
2026-02-26 20:19:00+00:00,307.2950134277344,307.4800109863281,307.260009765625,307.4100036621094,0
2026-02-26 20:20:00+00:00,307.2099914550781,307.3169860839844,307.19500732421875,307.2900085449219,16761
2026-02-26 20:21:00+00:00,307.0199890136719,307.239990234375,306.9800109863281,307.239990234375,31273
2026-02-26 20:22:00+00:00,306.989990234375,307.0799865722656,306.989990234375,307.0,13208
2026-02-26 20:23:00+00:00,307.0950012207031,307.1000061035156,306.9700012207031,306.989990234375,24716
2026-02-26 20:24:00+00:00,307.1499938964844,307.1499938964844,307.0299987792969,307.1000061035156,16315
2026-02-26 20:25:00+00:00,307.1600036621094,307.2799987792969,307.1300048828125,307.17999267578125,20906
2026-02-26 20:26:00+00:00,307.2149963378906,307.2300109863281,307.1300964355469,307.1600036621094,11783
2026-02-26 20:27:00+00:00,307.1400146484375,307.2149963378906,307.05999755859375,307.2099914550781,17402
2026-02-26 20:28:00+00:00,306.9580993652344,307.1700134277344,306.95001220703125,307.1600036621094,16500
2026-02-26 20:29:00+00:00,307.010009765625,307.010009765625,306.8999938964844,306.9549865722656,18185
2026-02-26 20:30:00+00:00,307.11090087890625,307.1388854980469,307.0199890136719,307.0199890136719,15115
2026-02-26 20:31:00+00:00,307.44000244140625,307.4700012207031,307.07000732421875,307.1099853515625,18870
2026-02-26 20:32:00+00:00,307.5899963378906,307.6299133300781,307.3999938964844,307.42999267578125,17026
2026-02-26 20:33:00+00:00,307.8039855957031,307.80999755859375,307.43011474609375,307.57000732421875,20827
2026-02-26 20:34:00+00:00,307.8800048828125,307.8800048828125,307.739990234375,307.79998779296875,18594
2026-02-26 20:35:00+00:00,307.8450012207031,307.8699951171875,307.70001220703125,307.8699951171875,16222
2026-02-26 20:36:00+00:00,307.8599853515625,307.8900146484375,307.7699890136719,307.8299865722656,15756
2026-02-26 20:37:00+00:00,307.7650146484375,307.8500061035156,307.739990234375,307.8500061035156,17425
2026-02-26 20:38:00+00:00,307.80999755859375,307.8515930175781,307.760009765625,307.7799987792969,15000
2026-02-26 20:39:00+00:00,307.7149963378906,307.8500061035156,307.6700134277344,307.8299865722656,17587
2026-02-26 20:40:00+00:00,307.5899963378906,307.79998779296875,307.5799865722656,307.7300109863281,31701
2026-02-26 20:41:00+00:00,307.5400085449219,307.7099914550781,307.510009765625,307.5799865722656,16852
2026-02-26 20:42:00+00:00,307.5400085449219,307.6000061035156,307.5,307.5249938964844,13736
2026-02-26 20:43:00+00:00,307.3699951171875,307.5199890136719,307.3500061035156,307.510009765625,13871
2026-02-26 20:44:00+00:00,307.2099914550781,307.4200134277344,307.2099914550781,307.3599853515625,23073
2026-02-26 20:45:00+00:00,307.2699890136719,307.2900085449219,307.1000061035156,307.2300109863281,22755
2026-02-26 20:46:00+00:00,307.2799987792969,307.2799987792969,307.04998779296875,307.2200012207031,16201
2026-02-26 20:47:00+00:00,307.2049865722656,307.3599853515625,307.2049865722656,307.2799987792969,30602
2026-02-26 20:48:00+00:00,307.04998779296875,307.19000244140625,306.8900146484375,307.19000244140625,43588
2026-02-26 20:49:00+00:00,307.1499938964844,307.19000244140625,307.0299987792969,307.0299987792969,30593
2026-02-26 20:50:00+00:00,306.7702941894531,307.3500061035156,306.7439880371094,307.1400146484375,53194
2026-02-26 20:51:00+00:00,306.875,306.9700012207031,306.7699890136719,306.7699890136719,45989
2026-02-26 20:52:00+00:00,306.739990234375,306.875,306.5400085449219,306.875,40418
2026-02-26 20:53:00+00:00,306.75,306.8800048828125,306.7200012207031,306.75,46005
2026-02-26 20:54:00+00:00,306.8699951171875,306.94000244140625,306.7312927246094,306.760009765625,56394
2026-02-26 20:55:00+00:00,306.79998779296875,306.8699951171875,306.510009765625,306.8699951171875,102274
2026-02-26 20:56:00+00:00,306.8949890136719,307.0799865722656,306.75,306.7900085449219,78711
2026-02-26 20:57:00+00:00,306.82000732421875,306.9800109863281,306.7749938964844,306.8949890136719,83228
2026-02-26 20:58:00+00:00,306.9700012207031,307.010009765625,306.8299865722656,306.8399963378906,87911
2026-02-26 20:59:00+00:00,307.15899658203125,307.2200012207031,306.8999938964844,306.9700012207031,218931
2026-02-27 14:30:00+00:00,305.44000244140625,305.6000061035156,303.59051513671875,303.94000244140625,563047
2026-02-27 14:31:00+00:00,305.42999267578125,306.0299987792969,305.2799987792969,305.43499755859375,61489
2026-02-27 14:32:00+00:00,306.29998779296875,306.3599853515625,305.0799865722656,305.5299987792969,54550
2026-02-27 14:33:00+00:00,306.3356018066406,306.6199951171875,305.9800109863281,306.2300109863281,50725
2026-02-27 14:34:00+00:00,306.5744934082031,306.9800109863281,306.1300048828125,306.2799987792969,34422
2026-02-27 14:35:00+00:00,306.3699951171875,306.75,306.2799987792969,306.57000732421875,34604
2026-02-27 14:36:00+00:00,306.57000732421875,306.80999755859375,306.29998779296875,306.29998779296875,46832
2026-02-27 14:37:00+00:00,305.70001220703125,306.9700012207031,305.6700134277344,306.57000732421875,47182
2026-02-27 14:38:00+00:00,306.010009765625,306.2799987792969,305.6099853515625,305.69500732421875,61226
2026-02-27 14:39:00+00:00,306.2250061035156,306.29998779296875,305.57000732421875,305.95001220703125,51072
2026-02-27 14:40:00+00:00,306.2799987792969,306.6199951171875,305.8999938964844,306.2421875,38118
2026-02-27 14:41:00+00:00,306.2699890136719,306.4599914550781,305.8699951171875,306.2900085449219,512325
2026-02-27 14:42:00+00:00,306.4800109863281,306.75,306.04010009765625,306.2950134277344,0
2026-02-27 14:43:00+00:00,305.9800109863281,306.42999267578125,305.67999267578125,306.42999267578125,43659
2026-02-27 14:44:00+00:00,307.67999267578125,307.9200134277344,306.0199890136719,306.07000732421875,56641
2026-02-27 14:45:00+00:00,308.55999755859375,308.7300109863281,307.3699951171875,307.6521911621094,63055
2026-02-27 14:46:00+00:00,309.04010009765625,309.42999267578125,308.4200134277344,308.5299987792969,645833
2026-02-27 14:47:00+00:00,308.57501220703125,309.1099853515625,308.1600036621094,309.1099853515625,0
2026-02-27 14:48:00+00:00,308.92999267578125,309.07000732421875,308.2799987792969,308.5299987792969,42793
2026-02-27 14:49:00+00:00,309.2300109863281,309.4100036621094,308.79010009765625,308.9150085449219,674891
2026-02-27 14:50:00+00:00,308.8312072753906,309.3399963378906,308.6199951171875,309.239990234375,0
2026-02-27 14:51:00+00:00,309.2200012207031,309.5,308.82000732421875,308.8599853515625,40148
2026-02-27 14:52:00+00:00,308.8999938964844,309.1700134277344,308.489990234375,309.1700134277344,41640
2026-02-27 14:53:00+00:00,308.2449951171875,308.75,308.1099853515625,308.75,41995
2026-02-27 14:54:00+00:00,307.9200134277344,308.42999267578125,307.8517150878906,308.2699890136719,53739
2026-02-27 14:55:00+00:00,307.4649963378906,307.96600341796875,307.4649963378906,307.8599853515625,25062
2026-02-27 14:56:00+00:00,307.54119873046875,307.5899963378906,307.2300109863281,307.4599914550781,59882
2026-02-27 14:57:00+00:00,307.68499755859375,307.9599914550781,307.4599914550781,307.54998779296875,41304
2026-02-27 14:58:00+00:00,307.92999267578125,308.0,307.510009765625,307.67999267578125,32961
2026-02-27 14:59:00+00:00,307.79998779296875,307.9599914550781,307.5299987792969,307.7699890136719,28090
2026-02-27 15:00:00+00:00,308.0,308.0799865722656,307.5899963378906,307.7550048828125,830906
2026-02-27 15:01:00+00:00,307.8251037597656,308.3299865722656,307.80999755859375,308.0,0
2026-02-27 15:02:00+00:00,308.6199951171875,308.989990234375,307.82000732421875,307.8599853515625,58349
2026-02-27 15:03:00+00:00,308.3999938964844,308.6650085449219,308.1402893066406,308.6401062011719,31059
2026-02-27 15:04:00+00:00,308.3599853515625,308.4960021972656,308.07000732421875,308.3800048828125,25502
2026-02-27 15:05:00+00:00,308.4200134277344,308.7099914550781,308.20001220703125,308.364990234375,25092
2026-02-27 15:06:00+00:00,308.1400146484375,308.5,307.8999938964844,308.42010498046875,37585
2026-02-27 15:07:00+00:00,308.1700134277344,308.4599914550781,308.093994140625,308.1449890136719,27393
2026-02-27 15:08:00+00:00,308.1300048828125,308.4200134277344,308.04998779296875,308.1400146484375,22321
2026-02-27 15:09:00+00:00,307.760009765625,308.18499755859375,307.67999267578125,308.1000061035156,45055
2026-02-27 15:10:00+00:00,307.5199890136719,307.8999938964844,307.5199890136719,307.80999755859375,19804
2026-02-27 15:11:00+00:00,308.4599914550781,308.4700012207031,307.4100036621094,307.55999755859375,30502
2026-02-27 15:12:00+00:00,308.45001220703125,308.5799865722656,308.340087890625,308.3800048828125,27780
2026-02-27 15:13:00+00:00,308.4599914550781,308.5899963378906,308.19500732421875,308.4700012207031,33946
2026-02-27 15:14:00+00:00,307.6600036621094,308.5199890136719,307.6023864746094,308.4800109863281,25168
2026-02-27 15:15:00+00:00,307.6000061035156,307.8500061035156,307.5201110839844,307.6700134277344,22435
2026-02-27 15:16:00+00:00,307.8500061035156,307.94000244140625,307.30999755859375,307.5799865722656,30280
2026-02-27 15:17:00+00:00,307.9200134277344,308.1700134277344,307.75,307.75,1052355
2026-02-27 15:18:00+00:00,307.3900146484375,307.9100036621094,307.3900146484375,307.830810546875,40533
2026-02-27 15:19:00+00:00,307.5849914550781,307.67999267578125,307.25,307.3399963378906,0
2026-02-27 15:20:00+00:00,307.5899963378906,307.8900146484375,307.5,307.54998779296875,21738
2026-02-27 15:21:00+00:00,307.5899963378906,307.9200134277344,307.5199890136719,307.614990234375,17797
2026-02-27 15:22:00+00:00,307.82000732421875,307.864990234375,307.6499938964844,307.6499938964844,14743
2026-02-27 15:23:00+00:00,308.0899963378906,308.1300048828125,307.8599853515625,307.9700012207031,19519
2026-02-27 15:24:00+00:00,308.30999755859375,308.4599914550781,308.0400085449219,308.1700134277344,35738
2026-02-27 15:25:00+00:00,307.7900085449219,308.239990234375,307.7900085449219,308.239990234375,1117965
2026-02-27 15:26:00+00:00,307.94000244140625,308.06500244140625,307.6300048828125,307.82501220703125,0
2026-02-27 15:27:00+00:00,307.94000244140625,308.19000244140625,307.7950134277344,307.92498779296875,26601
2026-02-27 15:28:00+00:00,307.951904296875,308.0599060058594,307.8699951171875,307.94000244140625,13314
2026-02-27 15:29:00+00:00,307.95001220703125,307.9800109863281,307.7500915527344,307.9800109863281,16538
2026-02-27 15:30:00+00:00,308.05999755859375,308.19500732421875,307.94000244140625,307.9599914550781,12907
2026-02-27 15:31:00+00:00,307.94500732421875,308.1000061035156,307.8599853515625,308.0899963378906,1159142
2026-02-27 15:32:00+00:00,307.42999267578125,307.95001220703125,307.4097900390625,307.92498779296875,0
2026-02-27 15:33:00+00:00,307.94000244140625,307.95001220703125,307.510009765625,307.510009765625,11707
2026-02-27 15:34:00+00:00,307.8999938964844,308.0799865722656,307.7900085449219,307.8999938964844,20177
2026-02-27 15:35:00+00:00,307.9700012207031,307.9800109863281,307.8200988769531,307.8450012207031,15431
2026-02-27 15:36:00+00:00,308.19500732421875,308.20001220703125,308.0115966796875,308.0150146484375,16229
2026-02-27 15:37:00+00:00,308.3450012207031,308.5199890136719,308.1400146484375,308.19000244140625,37581
2026-02-27 15:38:00+00:00,308.3699951171875,308.5299987792969,308.1199951171875,308.32000732421875,1215303
2026-02-27 15:39:00+00:00,308.3800048828125,308.4800109863281,308.3299865722656,308.3727111816406,29038
2026-02-27 15:40:00+00:00,308.635009765625,308.6499938964844,308.2200012207031,308.4200134277344,0
2026-02-27 15:41:00+00:00,308.739990234375,308.739990234375,308.30999755859375,308.6099853515625,18129
2026-02-27 15:42:00+00:00,308.69000244140625,308.79998779296875,308.6099853515625,308.73199462890625,20242
2026-02-27 15:43:00+00:00,308.6099853515625,308.9100036621094,308.5,308.6900939941406,18661
2026-02-27 15:44:00+00:00,308.79998779296875,308.89990234375,308.57000732421875,308.5799865722656,18451
2026-02-27 15:45:00+00:00,308.739990234375,309.1199951171875,308.739990234375,308.8299865722656,33191
2026-02-27 15:46:00+00:00,308.8299865722656,308.95001220703125,308.5299987792969,308.6549987792969,19320
2026-02-27 15:47:00+00:00,308.6099853515625,308.9678955078125,308.6099853515625,308.80999755859375,15424
2026-02-27 15:48:00+00:00,308.7300109863281,308.79998779296875,308.3800964355469,308.6099853515625,16043
2026-02-27 15:49:00+00:00,308.6099853515625,308.7900085449219,308.5150146484375,308.7349853515625,16485
2026-02-27 15:50:00+00:00,308.29998779296875,308.6499938964844,308.19000244140625,308.6499938964844,1376617
2026-02-27 15:51:00+00:00,307.9700012207031,308.239990234375,307.8900146484375,308.2149963378906,0
2026-02-27 15:52:00+00:00,307.9100036621094,308.1099853515625,307.8800048828125,307.9049987792969,21708
2026-02-27 15:53:00+00:00,307.7300109863281,307.8599853515625,307.6099853515625,307.8599853515625,25228
2026-02-27 15:54:00+00:00,307.67999267578125,307.82989501953125,307.5299987792969,307.760009765625,25778
2026-02-27 15:55:00+00:00,307.7900085449219,307.8900146484375,307.510009765625,307.7099914550781,15805
2026-02-27 15:56:00+00:00,308.07000732421875,308.1000061035156,307.79998779296875,307.79998779296875,1436164
2026-02-27 15:57:00+00:00,308.1499938964844,308.19000244140625,307.8901062011719,308.0899963378906,0
2026-02-27 15:58:00+00:00,308.20001220703125,308.3299865722656,308.0199890136719,308.1199951171875,14570
2026-02-27 15:59:00+00:00,308.2449951171875,308.32000732421875,308.08758544921875,308.1900939941406,1470269
2026-02-27 16:00:00+00:00,308.2149963378906,308.239990234375,308.07000732421875,308.239990234375,0
2026-02-27 16:01:00+00:00,308.2200012207031,308.3999938964844,308.2200012207031,308.2650146484375,17378
2026-02-27 16:02:00+00:00,308.4750061035156,308.5299987792969,308.2200012207031,308.25,1461841
2026-02-27 16:03:00+00:00,308.5400085449219,308.6400146484375,308.29998779296875,308.4750061035156,0
2026-02-27 16:04:00+00:00,308.4224853515625,308.69000244140625,308.3900146484375,308.5589904785156,1506944
2026-02-27 16:05:00+00:00,308.1549987792969,308.44000244140625,308.1400146484375,308.3999938964844,0
2026-02-27 16:06:00+00:00,307.70001220703125,308.1499938964844,307.67999267578125,308.135009765625,14321
2026-02-27 16:07:00+00:00,307.8299865722656,307.8380126953125,307.57000732421875,307.6700134277344,18074
2026-02-27 16:08:00+00:00,307.7699890136719,307.8800048828125,307.6499938964844,307.7699890136719,29460
2026-02-27 16:09:00+00:00,307.55999755859375,307.697509765625,307.3700866699219,307.67999267578125,1530234
2026-02-27 16:10:00+00:00,307.8599853515625,308.0,307.57501220703125,307.57501220703125,0
2026-02-27 16:11:00+00:00,307.9200134277344,308.06500244140625,307.8399963378906,307.8599853515625,16522
2026-02-27 16:12:00+00:00,307.9849853515625,308.1400146484375,307.92999267578125,307.9599914550781,1739145
2026-02-27 16:13:00+00:00,308.3800048828125,308.45001220703125,308.0,308.0,0
2026-02-27 16:14:00+00:00,308.4999084472656,308.5,308.2200012207031,308.3399963378906,16356
2026-02-27 16:15:00+00:00,308.5299987792969,308.6099853515625,308.44000244140625,308.4599914550781,23207
2026-02-27 16:16:00+00:00,308.3454895019531,308.54998779296875,308.2699890136719,308.54998779296875,19100
2026-02-27 16:17:00+00:00,308.6300048828125,308.6400146484375,308.3450012207031,308.3500061035156,23935
2026-02-27 16:18:00+00:00,308.6099853515625,308.61480712890625,308.42999267578125,308.590087890625,16112
2026-02-27 16:19:00+00:00,308.2593078613281,308.6099853515625,308.239990234375,308.6000061035156,19660
2026-02-27 16:20:00+00:00,307.9784851074219,308.32000732421875,307.9200134277344,308.2799987792969,22493
2026-02-27 16:21:00+00:00,307.8399963378906,308.07000732421875,307.7550048828125,307.9800109863281,20397
2026-02-27 16:22:00+00:00,307.9200134277344,308.0199890136719,307.7149963378906,307.8399963378906,23987
2026-02-27 16:23:00+00:00,307.70001220703125,307.9750061035156,307.6000061035156,307.9100036621094,17755
2026-02-27 16:24:00+00:00,308.0950012207031,308.1199951171875,307.6700134277344,307.7550048828125,14641
2026-02-27 16:25:00+00:00,308.2900085449219,308.31988525390625,308.0400085449219,308.1050109863281,14656
2026-02-27 16:26:00+00:00,308.3949890136719,308.5199890136719,308.260009765625,308.30999755859375,16898
2026-02-27 16:27:00+00:00,307.989990234375,308.4049987792969,307.92999267578125,308.3800964355469,18984
2026-02-27 16:28:00+00:00,308.0400085449219,308.0899963378906,307.8999938964844,308.0350036621094,15871
2026-02-27 16:29:00+00:00,307.9049987792969,308.239990234375,307.8800048828125,308.0350036621094,18785
2026-02-27 16:30:00+00:00,308.1600036621094,308.19000244140625,307.94000244140625,307.94000244140625,23719
2026-02-27 16:31:00+00:00,308.4056091308594,308.4150085449219,308.07000732421875,308.19000244140625,11775
2026-02-27 16:32:00+00:00,308.30999755859375,308.4200134277344,308.23431396484375,308.3599853515625,13950
2026-02-27 16:33:00+00:00,308.2799987792969,308.30499267578125,308.04998779296875,308.2950134277344,10999
2026-02-27 16:34:00+00:00,308.44500732421875,308.44500732421875,308.2699890136719,308.2799987792969,6712
2026-02-27 16:35:00+00:00,308.05999755859375,308.4700012207031,308.05999755859375,308.4700012207031,1901539
2026-02-27 16:36:00+00:00,308.0,308.19000244140625,308.0,308.05999755859375,0
2026-02-27 16:37:00+00:00,307.8450012207031,308.04998779296875,307.75,307.9549865722656,12331
2026-02-27 16:38:00+00:00,307.739990234375,307.839111328125,307.70001220703125,307.8299865722656,18199
2026-02-27 16:39:00+00:00,307.7699890136719,307.82000732421875,307.7099914550781,307.75,9118
2026-02-27 16:40:00+00:00,307.5199890136719,307.7200012207031,307.45001220703125,307.7200012207031,26400
2026-02-27 16:41:00+00:00,307.5400085449219,307.6199951171875,307.4599914550781,307.489990234375,8328
2026-02-27 16:42:00+00:00,307.239990234375,307.5400085449219,307.17401123046875,307.5199890136719,15524
2026-02-27 16:43:00+00:00,307.2139892578125,307.30999755859375,307.06109619140625,307.25,14033
2026-02-27 16:44:00+00:00,307.0799865722656,307.2799987792969,307.07000732421875,307.1499938964844,10772
2026-02-27 16:45:00+00:00,307.03009033203125,307.1610107421875,307.0299987792969,307.0799865722656,12651
2026-02-27 16:46:00+00:00,307.3800048828125,307.4100036621094,307.0,307.0150146484375,23330
2026-02-27 16:47:00+00:00,307.3800048828125,307.54998779296875,307.3800048828125,307.3949890136719,1994664
2026-02-27 16:48:00+00:00,307.2799987792969,307.44000244140625,307.2699890136719,307.3900146484375,0
2026-02-27 16:49:00+00:00,307.29998779296875,307.3800048828125,307.2699890136719,307.3399963378906,11090
2026-02-27 16:50:00+00:00,307.54998779296875,307.6700134277344,307.32000732421875,307.32000732421875,18969
2026-02-27 16:51:00+00:00,307.7701110839844,307.8399963378906,307.5400085449219,307.6300048828125,24478
2026-02-27 16:52:00+00:00,307.8100891113281,307.8800048828125,307.6700134277344,307.739990234375,24000
2026-02-27 16:53:00+00:00,307.6099853515625,307.8299865722656,307.55999755859375,307.8299865722656,11094
2026-02-27 16:54:00+00:00,307.6036071777344,307.6400146484375,307.44000244140625,307.6099853515625,7406
2026-02-27 16:55:00+00:00,307.6000061035156,307.8800048828125,307.6000061035156,307.6499938964844,10172
2026-02-27 16:56:00+00:00,307.7049865722656,307.739990234375,307.5899963378906,307.6300048828125,9987
2026-02-27 16:57:00+00:00,307.6000061035156,307.7900085449219,307.55999755859375,307.67999267578125,10005
2026-02-27 16:58:00+00:00,307.5450134277344,307.6400146484375,307.5400085449219,307.6000061035156,14359
2026-02-27 16:59:00+00:00,307.17999267578125,307.55999755859375,307.1300048828125,307.55999755859375,18885
2026-02-27 17:00:00+00:00,307.625,307.70001220703125,307.17999267578125,307.17999267578125,15580
2026-02-27 17:01:00+00:00,307.6099853515625,307.6600036621094,307.5400085449219,307.6600036621094,6590
2026-02-27 17:02:00+00:00,307.56500244140625,307.6199035644531,307.4800109863281,307.6000061035156,22672
2026-02-27 17:03:00+00:00,307.82000732421875,307.8900146484375,307.54998779296875,307.625,12834
2026-02-27 17:04:00+00:00,307.9599914550781,308.0,307.8500061035156,307.8500061035156,11076
2026-02-27 17:05:00+00:00,308.1499938964844,308.2398986816406,307.8999938964844,307.8999938964844,9662
2026-02-27 17:06:00+00:00,308.375,308.3999938964844,308.1199951171875,308.1199951171875,10376
2026-02-27 17:07:00+00:00,308.614990234375,308.6499938964844,308.40008544921875,308.4100036621094,14926
2026-02-27 17:08:00+00:00,308.8927001953125,308.9110107421875,308.625,308.6499938964844,39619
2026-02-27 17:09:00+00:00,308.6600036621094,308.7850036621094,308.6400146484375,308.7701110839844,11567
2026-02-27 17:10:00+00:00,308.33990478515625,308.739990234375,308.3299865722656,308.739990234375,21568
2026-02-27 17:11:00+00:00,308.1099853515625,308.364990234375,308.0799865722656,308.3299865722656,18839
2026-02-27 17:12:00+00:00,308.114990234375,308.20001220703125,308.0899963378906,308.1300048828125,33173
2026-02-27 17:13:00+00:00,308.0400085449219,308.125,308.014404296875,308.1199951171875,17776
2026-02-27 17:14:00+00:00,307.8800048828125,308.1000061035156,307.82000732421875,308.07501220703125,22851
2026-02-27 17:15:00+00:00,307.7900085449219,307.8900146484375,307.739990234375,307.8599853515625,7776
2026-02-27 17:16:00+00:00,307.6700134277344,307.73760986328125,307.6300048828125,307.73760986328125,4641
2026-02-27 17:17:00+00:00,307.4800109863281,307.66448974609375,307.43548583984375,307.6499938964844,13267
2026-02-27 17:18:00+00:00,307.4100036621094,307.5799865722656,307.3700866699219,307.5,15223
2026-02-27 17:19:00+00:00,307.2900085449219,307.4200134277344,307.17010498046875,307.385009765625,12770
2026-02-27 17:20:00+00:00,307.2998962402344,307.4100036621094,307.17999267578125,307.2799987792969,15645
2026-02-27 17:21:00+00:00,307.1499938964844,307.2900085449219,307.135009765625,307.2500915527344,14423
2026-02-27 17:22:00+00:00,306.8500061035156,307.1650085449219,306.7799987792969,307.1650085449219,22551
2026-02-27 17:23:00+00:00,307.1099853515625,307.1650085449219,306.8200988769531,306.8450012207031,14590
2026-02-27 17:24:00+00:00,307.4200134277344,307.42999267578125,307.0849914550781,307.0849914550781,25946
2026-02-27 17:25:00+00:00,307.3399963378906,307.6499938964844,307.2799987792969,307.42999267578125,41053
2026-02-27 17:26:00+00:00,307.5299987792969,307.55999755859375,307.2099914550781,307.2900085449219,19288
2026-02-27 17:27:00+00:00,307.6300048828125,307.7799987792969,307.5249938964844,307.53009033203125,18281
2026-02-27 17:28:00+00:00,307.7998962402344,307.8599853515625,307.6502990722656,307.6502990722656,10453
2026-02-27 17:29:00+00:00,307.5150146484375,307.7200012207031,307.4750061035156,307.7099914550781,15090
2026-02-27 17:30:00+00:00,307.6400146484375,308.03009033203125,307.4599914550781,307.6099853515625,40182
2026-02-27 17:31:00+00:00,307.4599914550781,307.62469482421875,307.1050109863281,307.62469482421875,48350
2026-02-27 17:32:00+00:00,307.7149963378906,307.82000732421875,307.44000244140625,307.44000244140625,21323
2026-02-27 17:33:00+00:00,307.7749938964844,307.80999755859375,307.489990234375,307.6499938964844,8985
2026-02-27 17:34:00+00:00,307.79998779296875,307.8800048828125,307.70001220703125,307.7980041503906,11772
2026-02-27 17:35:00+00:00,307.7799987792969,307.8999938964844,307.6600036621094,307.82000732421875,12859
2026-02-27 17:36:00+00:00,307.70001220703125,307.8699951171875,307.70001220703125,307.8320007324219,11966
2026-02-27 17:37:00+00:00,307.5299987792969,307.6499938964844,307.4100036621094,307.6499938964844,16619
2026-02-27 17:38:00+00:00,307.3900146484375,307.5849914550781,307.32000732421875,307.510009765625,10169
2026-02-27 17:39:00+00:00,307.29998779296875,307.3699951171875,307.260009765625,307.260498046875,9358
2026-02-27 17:40:00+00:00,307.1828918457031,307.3599853515625,307.1600036621094,307.239990234375,8970
2026-02-27 17:41:00+00:00,306.9599914550781,307.2200012207031,306.9599914550781,307.20001220703125,12367
2026-02-27 17:42:00+00:00,306.6401062011719,306.989990234375,306.6401062011719,306.989990234375,22393
2026-02-27 17:43:00+00:00,306.7200012207031,306.78009033203125,306.510009765625,306.6499938964844,13105
2026-02-27 17:44:00+00:00,306.6499938964844,306.8399963378906,306.635009765625,306.7300109863281,21878
2026-02-27 17:45:00+00:00,306.5799865722656,306.6600036621094,306.5199890136719,306.5799865722656,15782
2026-02-27 17:46:00+00:00,306.5346984863281,306.6499938964844,306.510009765625,306.54998779296875,9042
2026-02-27 17:47:00+00:00,306.5,306.56781005859375,306.42999267578125,306.5400085449219,7588
2026-02-27 17:48:00+00:00,306.3599853515625,306.489990234375,306.3599853515625,306.4700012207031,10226
2026-02-27 17:49:00+00:00,306.6099853515625,306.7099914550781,306.3700866699219,306.385009765625,9411
2026-02-27 17:50:00+00:00,306.57000732421875,306.68499755859375,306.4800109863281,306.6300048828125,11115
2026-02-27 17:51:00+00:00,306.3999938964844,306.55999755859375,306.3599853515625,306.55999755859375,19684
2026-02-27 17:52:00+00:00,306.510009765625,306.5201110839844,306.3450012207031,306.3450012207031,14510
2026-02-27 17:53:00+00:00,306.6549987792969,306.760009765625,306.5199890136719,306.5199890136719,19757
2026-02-27 17:54:00+00:00,306.4599914550781,306.7200012207031,306.4599914550781,306.635009765625,13006
2026-02-27 17:55:00+00:00,306.5199890136719,306.5799865722656,306.3699951171875,306.45001220703125,14466
2026-02-27 17:56:00+00:00,306.8699951171875,306.8800048828125,306.4599914550781,306.4800109863281,17943
2026-02-27 17:57:00+00:00,306.6600036621094,306.8700866699219,306.6400146484375,306.8699951171875,10720
2026-02-27 17:58:00+00:00,306.57501220703125,306.7200012207031,306.55499267578125,306.7200012207031,2572351
2026-02-27 17:59:00+00:00,306.5249938964844,306.6099853515625,306.5249938964844,306.6000061035156,0
2026-02-27 18:00:00+00:00,306.4599914550781,306.6650085449219,306.4599914550781,306.6449890136719,9318
2026-02-27 18:01:00+00:00,306.260009765625,306.42999267578125,306.17010498046875,306.42999267578125,15098
2026-02-27 18:02:00+00:00,306.4248046875,306.4639892578125,306.2099914550781,306.2799987792969,10661
2026-02-27 18:03:00+00:00,306.44000244140625,306.4700012207031,306.30560302734375,306.45599365234375,7586
2026-02-27 18:04:00+00:00,306.3481140136719,306.54998779296875,306.32501220703125,306.4549865722656,15473
2026-02-27 18:05:00+00:00,305.9599914550781,306.2099914550781,305.9599914550781,306.20001220703125,14064
2026-02-27 18:06:00+00:00,306.19000244140625,306.20001220703125,306.0150146484375,306.0350036621094,7126
2026-02-27 18:07:00+00:00,306.3052062988281,306.3160095214844,306.0899963378906,306.239990234375,9882
2026-02-27 18:08:00+00:00,306.125,306.2799987792969,306.0400085449219,306.2799987792969,7865
2026-02-27 18:09:00+00:00,306.07000732421875,306.1549987792969,306.0400085449219,306.125,7560
2026-02-27 18:10:00+00:00,305.9200134277344,306.0350036621094,305.8900146484375,306.03009033203125,7902
2026-02-27 18:11:00+00:00,306.00830078125,306.1199951171875,305.8900146484375,305.92999267578125,8483
2026-02-27 18:12:00+00:00,305.5899963378906,305.989990234375,305.5899963378906,305.989990234375,21032
2026-02-27 18:13:00+00:00,305.5899963378906,305.67999267578125,305.54998779296875,305.56500244140625,20317
2026-02-27 18:14:00+00:00,305.6300048828125,305.7200012207031,305.5899963378906,305.6099853515625,6945
2026-02-27 18:15:00+00:00,305.5899963378906,305.739990234375,305.5450134277344,305.6000061035156,16256
2026-02-27 18:16:00+00:00,305.6499938964844,305.739990234375,305.5,305.5,11184
2026-02-27 18:17:00+00:00,305.6499938964844,305.6700134277344,305.5849914550781,305.6700134277344,7944
2026-02-27 18:18:00+00:00,305.6300048828125,305.6499938964844,305.54998779296875,305.6400146484375,6427
2026-02-27 18:19:00+00:00,305.489990234375,305.6549987792969,305.44000244140625,305.6000061035156,10278
2026-02-27 18:20:00+00:00,305.70001220703125,305.7799987792969,305.45001220703125,305.4750061035156,18621
2026-02-27 18:21:00+00:00,305.37060546875,305.7099914550781,305.3507080078125,305.69000244140625,2693570
2026-02-27 18:22:00+00:00,305.5199890136719,305.57000732421875,305.25,305.3800048828125,0
2026-02-27 18:23:00+00:00,305.3500061035156,305.6300048828125,305.3500061035156,305.5400085449219,11838
2026-02-27 18:24:00+00:00,305.2699890136719,305.3399963378906,305.1700134277344,305.3340148925781,8747
2026-02-27 18:25:00+00:00,305.2699890136719,305.44000244140625,305.2300109863281,305.25,2719444
2026-02-27 18:26:00+00:00,305.1499938964844,305.2950134277344,305.1300048828125,305.27508544921875,0
2026-02-27 18:27:00+00:00,305.1600036621094,305.2799987792969,305.1600036621094,305.1809997558594,11460
2026-02-27 18:28:00+00:00,305.3900146484375,305.5400085449219,305.159912109375,305.159912109375,32289
2026-02-27 18:29:00+00:00,305.5799865722656,305.68499755859375,305.3699951171875,305.3999938964844,26208
2026-02-27 18:30:00+00:00,305.635009765625,305.7200012207031,305.510009765625,305.54998779296875,12731
2026-02-27 18:31:00+00:00,305.57000732421875,305.67999267578125,305.5299987792969,305.6300048828125,11498
2026-02-27 18:32:00+00:00,305.3800048828125,305.56500244140625,305.29998779296875,305.56500244140625,10316
2026-02-27 18:33:00+00:00,305.44500732421875,305.5199890136719,305.3450012207031,305.3550109863281,2764036
2026-02-27 18:34:00+00:00,305.4100036621094,305.489990234375,305.3800048828125,305.4150085449219,0
2026-02-27 18:35:00+00:00,305.4599914550781,305.4949951171875,305.3999938964844,305.44000244140625,7832
2026-02-27 18:36:00+00:00,305.6600036621094,305.75,305.45001220703125,305.45001220703125,34469
2026-02-27 18:37:00+00:00,305.42999267578125,305.6199951171875,305.3500061035156,305.6199951171875,15172
2026-02-27 18:38:00+00:00,305.55999755859375,305.55999755859375,305.4599914550781,305.4599914550781,2822412
2026-02-27 18:39:00+00:00,305.5249938964844,305.6650085449219,305.4700012207031,305.56500244140625,29699
2026-02-27 18:40:00+00:00,305.760009765625,305.79998779296875,305.5299987792969,305.5299987792969,0
2026-02-27 18:41:00+00:00,305.7200012207031,305.8399963378906,305.6650085449219,305.7300109863281,23563
2026-02-27 18:42:00+00:00,305.6300048828125,305.760009765625,305.590087890625,305.69000244140625,11364
2026-02-27 18:43:00+00:00,305.4800109863281,305.6400146484375,305.4800109863281,305.55999755859375,2871366
2026-02-27 18:44:00+00:00,305.510009765625,305.6000061035156,305.489990234375,305.489990234375,0
2026-02-27 18:45:00+00:00,305.57501220703125,305.6099853515625,305.4599914550781,305.489990234375,16856
2026-02-27 18:46:00+00:00,305.6400146484375,305.6700134277344,305.57000732421875,305.57000732421875,13645
2026-02-27 18:47:00+00:00,305.7301025390625,305.7900085449219,305.4800109863281,305.5950012207031,19064
2026-02-27 18:48:00+00:00,305.7200012207031,305.82501220703125,305.70001220703125,305.7699890136719,8853
2026-02-27 18:49:00+00:00,305.7349853515625,305.760009765625,305.6400146484375,305.70001220703125,30527
2026-02-27 18:50:00+00:00,305.739990234375,305.9700012207031,305.7200012207031,305.75,18859
2026-02-27 18:51:00+00:00,305.79998779296875,305.8900146484375,305.70001220703125,305.7200012207031,24800
2026-02-27 18:52:00+00:00,306.19000244140625,306.19000244140625,305.760009765625,305.8399963378906,25970
2026-02-27 18:53:00+00:00,306.2900085449219,306.3699951171875,306.1000061035156,306.1700134277344,18892
2026-02-27 18:54:00+00:00,306.2699890136719,306.3682861328125,306.2301025390625,306.2900085449219,11055
2026-02-27 18:55:00+00:00,306.2699890136719,306.32000732421875,306.17999267578125,306.239990234375,7720
2026-02-27 18:56:00+00:00,306.19000244140625,306.29998779296875,306.1300048828125,306.29998779296875,7730
2026-02-27 18:57:00+00:00,306.2799987792969,306.4100036621094,306.21209716796875,306.21209716796875,19331
2026-02-27 18:58:00+00:00,306.6400146484375,306.6700134277344,306.2900085449219,306.29998779296875,11906
2026-02-27 18:59:00+00:00,306.4750061035156,306.8349914550781,306.42999267578125,306.67999267578125,11767
2026-02-27 19:00:00+00:00,306.7699890136719,306.7699890136719,306.4599914550781,306.5,14536
2026-02-27 19:01:00+00:00,307.0299987792969,307.1199035644531,306.69000244140625,306.7300109863281,23728
2026-02-27 19:02:00+00:00,307.19500732421875,307.2099914550781,307.0199890136719,307.0400085449219,16465
2026-02-27 19:03:00+00:00,307.4700012207031,307.489990234375,307.17999267578125,307.20001220703125,16814
2026-02-27 19:04:00+00:00,307.54998779296875,307.5851135253906,307.3299865722656,307.4800109863281,24584
2026-02-27 19:05:00+00:00,307.739990234375,307.739990234375,307.5400085449219,307.5799865722656,19157
2026-02-27 19:06:00+00:00,307.80499267578125,307.95001220703125,307.739990234375,307.7499084472656,16761
2026-02-27 19:07:00+00:00,307.75,307.9200134277344,307.739990234375,307.80499267578125,15483
2026-02-27 19:08:00+00:00,307.2699890136719,307.739990234375,307.2699890136719,307.739990234375,27915
2026-02-27 19:09:00+00:00,307.3599853515625,307.4200134277344,307.2699890136719,307.2900085449219,22757
2026-02-27 19:10:00+00:00,307.2099914550781,307.418212890625,307.2099914550781,307.3500061035156,18232
2026-02-27 19:11:00+00:00,307.3699951171875,307.4100036621094,307.239990234375,307.30999755859375,18076
2026-02-27 19:12:00+00:00,307.75,307.75,307.40008544921875,307.40008544921875,19389
2026-02-27 19:13:00+00:00,308.1099853515625,308.17498779296875,307.67999267578125,307.7309875488281,31457
2026-02-27 19:14:00+00:00,308.0,308.260009765625,307.9800109863281,308.1000061035156,35404
2026-02-27 19:15:00+00:00,307.82000732421875,308.0899963378906,307.82000732421875,307.989990234375,25940
2026-02-27 19:16:00+00:00,307.57501220703125,307.95001220703125,307.56500244140625,307.7950134277344,10534
2026-02-27 19:17:00+00:00,307.6099853515625,307.7200012207031,307.55999755859375,307.5799865722656,10270
2026-02-27 19:18:00+00:00,307.44500732421875,307.7300109863281,307.32501220703125,307.6199951171875,16773
2026-02-27 19:19:00+00:00,307.3302001953125,307.4800109863281,307.3302001953125,307.44000244140625,7955
2026-02-27 19:20:00+00:00,307.2200012207031,307.4599914550781,307.2200012207031,307.3699951171875,12253
2026-02-27 19:21:00+00:00,306.9849853515625,307.2149963378906,306.9248046875,307.2149963378906,28686
2026-02-27 19:22:00+00:00,306.8800048828125,307.1099853515625,306.8800048828125,306.9200134277344,21709
2026-02-27 19:23:00+00:00,306.78009033203125,306.9200134277344,306.78009033203125,306.9200134277344,16424
2026-02-27 19:24:00+00:00,306.69000244140625,306.8399963378906,306.6700134277344,306.82000732421875,14245
2026-02-27 19:25:00+00:00,306.6099853515625,306.75,306.6000061035156,306.7200012207031,3519143
2026-02-27 19:26:00+00:00,306.79998779296875,306.83990478515625,306.60650634765625,306.60650634765625,0
2026-02-27 19:27:00+00:00,306.82501220703125,306.9790954589844,306.82501220703125,306.8399963378906,11721
2026-02-27 19:28:00+00:00,306.9100036621094,306.9100036621094,306.760009765625,306.8399963378906,9558
2026-02-27 19:29:00+00:00,306.8900146484375,306.9700012207031,306.81500244140625,306.8500061035156,15583
2026-02-27 19:30:00+00:00,306.5400085449219,306.8900146484375,306.5201110839844,306.8599853515625,17333
2026-02-27 19:31:00+00:00,306.55499267578125,306.6199951171875,306.489990234375,306.5299987792969,18003
2026-02-27 19:32:00+00:00,306.5299987792969,306.6099853515625,306.5299987792969,306.57501220703125,7045
2026-02-27 19:33:00+00:00,306.64990234375,306.69000244140625,306.5,306.5450134277344,24492
2026-02-27 19:34:00+00:00,306.69000244140625,306.75,306.5899963378906,306.6499938964844,15979
2026-02-27 19:35:00+00:00,306.8399963378906,306.85198974609375,306.6000061035156,306.69000244140625,12316
2026-02-27 19:36:00+00:00,306.7900085449219,306.8100891113281,306.6600036621094,306.80999755859375,8242
2026-02-27 19:37:00+00:00,306.6611022949219,307.010009765625,306.6611022949219,306.79998779296875,25626
2026-02-27 19:38:00+00:00,306.5851135253906,306.7300109863281,306.55999755859375,306.67999267578125,11194
2026-02-27 19:39:00+00:00,306.5799865722656,306.6650085449219,306.5480041503906,306.5799865722656,8321
2026-02-27 19:40:00+00:00,306.2810974121094,306.57501220703125,306.2810974121094,306.57000732421875,13702
2026-02-27 19:41:00+00:00,306.4700012207031,306.5199890136719,306.2799987792969,306.29998779296875,9029
2026-02-27 19:42:00+00:00,306.3500061035156,306.4750061035156,306.2900085449219,306.4750061035156,11278
2026-02-27 19:43:00+00:00,306.3251037597656,306.3699035644531,306.260009765625,306.2699890136719,9649
2026-02-27 19:44:00+00:00,306.42999267578125,306.42999267578125,306.20001220703125,306.30999755859375,11714
2026-02-27 19:45:00+00:00,306.4150085449219,306.57501220703125,306.3900146484375,306.43499755859375,9658
2026-02-27 19:46:00+00:00,306.42999267578125,306.44000244140625,306.29998779296875,306.3550109863281,17059
2026-02-27 19:47:00+00:00,306.3288879394531,306.3999938964844,306.3288879394531,306.3999938964844,13131
2026-02-27 19:48:00+00:00,306.3399963378906,306.3800048828125,306.3299865722656,306.3800048828125,5302
2026-02-27 19:49:00+00:00,306.5,306.5137023925781,306.2799987792969,306.3298034667969,9278
2026-02-27 19:50:00+00:00,306.29010009765625,306.55999755859375,306.28009033203125,306.489990234375,21320
2026-02-27 19:51:00+00:00,306.17999267578125,306.3399963378906,306.1600036621094,306.3299865722656,9598
2026-02-27 19:52:00+00:00,306.19500732421875,306.2799987792969,306.1700134277344,306.19500732421875,8559
2026-02-27 19:53:00+00:00,306.2349853515625,306.2699890136719,306.20001220703125,306.2251892089844,8400
2026-02-27 19:54:00+00:00,306.29638671875,306.4100036621094,306.2200012207031,306.2200012207031,11206
2026-02-27 19:55:00+00:00,306.5350036621094,306.5400085449219,306.2699890136719,306.2699890136719,8144
2026-02-27 19:56:00+00:00,306.5299987792969,306.6400146484375,306.51190185546875,306.5799865722656,12263
2026-02-27 19:57:00+00:00,306.6099853515625,306.67999267578125,306.5400085449219,306.5400085449219,12967
2026-02-27 19:58:00+00:00,306.5,306.68798828125,306.4800109863281,306.67498779296875,10285
2026-02-27 19:59:00+00:00,306.4200134277344,306.54998779296875,306.36199951171875,306.5,15865
2026-02-27 20:00:00+00:00,306.3900146484375,306.4800109863281,306.3399963378906,306.4200134277344,9372
2026-02-27 20:01:00+00:00,306.4200134277344,306.4599914550781,306.3399963378906,306.3700866699219,14018
2026-02-27 20:02:00+00:00,306.57000732421875,306.6300048828125,306.3900146484375,306.3900146484375,13048
2026-02-27 20:03:00+00:00,306.5199890136719,306.6400146484375,306.4464111328125,306.6000061035156,21983
2026-02-27 20:04:00+00:00,306.3999938964844,306.7799987792969,306.3999938964844,306.6000061035156,22425
2026-02-27 20:05:00+00:00,306.6499938964844,306.6875915527344,306.3900146484375,306.3999938964844,16818
2026-02-27 20:06:00+00:00,306.3900146484375,306.6300048828125,306.340087890625,306.6000061035156,16289
2026-02-27 20:07:00+00:00,306.67999267578125,306.67999267578125,306.3900146484375,306.4200134277344,10759
2026-02-27 20:08:00+00:00,306.7300109863281,306.73150634765625,306.6600036621094,306.67999267578125,13011
2026-02-27 20:09:00+00:00,306.6700134277344,306.78009033203125,306.6300048828125,306.7449951171875,14128
2026-02-27 20:10:00+00:00,307.0400085449219,307.0400085449219,306.70001220703125,306.70001220703125,31411
2026-02-27 20:11:00+00:00,307.1300048828125,307.1300048828125,306.91351318359375,307.0199890136719,29806
2026-02-27 20:12:00+00:00,307.1549987792969,307.2300109863281,306.989990234375,307.07501220703125,27826
2026-02-27 20:13:00+00:00,307.19000244140625,307.239990234375,307.1000061035156,307.17999267578125,19565
2026-02-27 20:14:00+00:00,307.4649963378906,307.4849853515625,307.20001220703125,307.2099914550781,19867
2026-02-27 20:15:00+00:00,307.6700134277344,307.7099914550781,307.42999267578125,307.45001220703125,25028
2026-02-27 20:16:00+00:00,307.4200134277344,307.75,307.4100036621094,307.69500732421875,34992
2026-02-27 20:17:00+00:00,307.69000244140625,307.69000244140625,307.44000244140625,307.44000244140625,23793
2026-02-27 20:18:00+00:00,307.7200012207031,307.79998779296875,307.6700134277344,307.7200012207031,18099
2026-02-27 20:19:00+00:00,307.7099914550781,307.8550109863281,307.6549987792969,307.7301025390625,17647
2026-02-27 20:20:00+00:00,307.3999938964844,307.7099914550781,307.3999938964844,307.7099914550781,22512
2026-02-27 20:21:00+00:00,307.6499938964844,307.67999267578125,307.3450012207031,307.3800048828125,21608
2026-02-27 20:22:00+00:00,307.6400146484375,307.7124938964844,307.55499267578125,307.67999267578125,17125
2026-02-27 20:23:00+00:00,307.7699890136719,307.7799987792969,307.6400146484375,307.6400146484375,18688
2026-02-27 20:24:00+00:00,307.6300048828125,307.81500244140625,307.6199951171875,307.80999755859375,16681
2026-02-27 20:25:00+00:00,307.5299987792969,307.6300048828125,307.4700012207031,307.6199951171875,26382
2026-02-27 20:26:00+00:00,307.67999267578125,307.70001220703125,307.5199890136719,307.5799865722656,19364
2026-02-27 20:27:00+00:00,307.48779296875,307.68499755859375,307.44000244140625,307.67999267578125,20189
2026-02-27 20:28:00+00:00,307.69000244140625,307.7699890136719,307.510009765625,307.510009765625,13432
2026-02-27 20:29:00+00:00,307.6099853515625,307.69000244140625,307.55999755859375,307.68499755859375,11908
2026-02-27 20:30:00+00:00,307.3699951171875,307.6000061035156,307.3299865722656,307.5899963378906,16681
2026-02-27 20:31:00+00:00,307.55999755859375,307.6199951171875,307.3500061035156,307.3800048828125,16743
2026-02-27 20:32:00+00:00,307.39068603515625,307.5400085449219,307.3599853515625,307.5400085449219,19281
2026-02-27 20:33:00+00:00,307.5,307.57000732421875,307.3800048828125,307.4200134277344,15188
2026-02-27 20:34:00+00:00,307.29998779296875,307.5,307.260009765625,307.5,19536
2026-02-27 20:35:00+00:00,307.239990234375,307.2998962402344,307.1499938964844,307.2799987792969,19709
2026-02-27 20:36:00+00:00,307.2300109863281,307.3500061035156,307.20001220703125,307.2250061035156,25650
2026-02-27 20:37:00+00:00,306.82000732421875,307.2099914550781,306.75,307.20001220703125,41970
2026-02-27 20:38:00+00:00,306.7099914550781,306.8500061035156,306.6300048828125,306.80999755859375,25137
2026-02-27 20:39:00+00:00,306.8550109863281,306.94000244140625,306.6400146484375,306.7200012207031,17314
2026-02-27 20:40:00+00:00,307.1499938964844,307.2099914550781,306.8399963378906,306.8900146484375,27398
2026-02-27 20:41:00+00:00,306.9200134277344,307.1199951171875,306.8299865722656,307.1000061035156,20190
2026-02-27 20:42:00+00:00,307.1700134277344,307.1700134277344,306.8999938964844,306.92999267578125,20253
2026-02-27 20:43:00+00:00,307.29998779296875,307.4700012207031,307.2300109863281,307.2300109863281,29341
2026-02-27 20:44:00+00:00,307.0249938964844,307.4100036621094,306.9200134277344,307.2950134277344,24682
2026-02-27 20:45:00+00:00,307.19000244140625,307.260009765625,306.9200134277344,307.0249938964844,32278
2026-02-27 20:46:00+00:00,307.3900146484375,307.42999267578125,307.135009765625,307.2099914550781,28837
2026-02-27 20:47:00+00:00,307.2699890136719,307.510009765625,307.20001220703125,307.3949890136719,57056
2026-02-27 20:48:00+00:00,307.7799987792969,307.7900085449219,307.2300109863281,307.2699890136719,46415
2026-02-27 20:49:00+00:00,307.8699951171875,308.07000732421875,307.7699890136719,307.7900085449219,75115
2026-02-27 20:50:00+00:00,308.8800048828125,309.010009765625,307.7900085449219,307.8900146484375,171995
2026-02-27 20:51:00+00:00,308.8399963378906,308.9700012207031,308.5799865722656,308.67999267578125,62104
2026-02-27 20:52:00+00:00,308.760009765625,309.1499938964844,308.6400146484375,308.8299865722656,102309
2026-02-27 20:53:00+00:00,309.44000244140625,309.7300109863281,308.44000244140625,308.7900085449219,146240
2026-02-27 20:54:00+00:00,310.760009765625,310.92999267578125,309.4800109863281,309.4800109863281,262365
2026-02-27 20:55:00+00:00,310.8900146484375,311.739990234375,310.6700134277344,310.7850036621094,364748
2026-02-27 20:56:00+00:00,311.05999755859375,311.2200012207031,310.6499938964844,310.8900146484375,202792
2026-02-27 20:57:00+00:00,311.8399963378906,312.0,310.9750061035156,311.1000061035156,284365
2026-02-27 20:58:00+00:00,311.69500732421875,311.95001220703125,311.6099853515625,311.8299865722656,272848
2026-02-27 20:59:00+00:00,311.30999755859375,312.0,311.1700134277344,311.69000244140625,622686
2026-03-02 14:30:00+00:00,302.45001220703125,303.6499938964844,301.05999755859375,302.92999267578125,1023236
2026-03-02 14:31:00+00:00,303.17999267578125,303.29400634765625,302.3399963378906,302.54998779296875,82463
2026-03-02 14:32:00+00:00,303.7900085449219,303.9798889160156,302.55999755859375,303.0899963378906,72929
2026-03-02 14:33:00+00:00,303.4100036621094,303.96990966796875,303.05999755859375,303.8699951171875,584351
2026-03-02 14:34:00+00:00,304.8500061035156,305.0899963378906,303.30010986328125,303.45001220703125,0
2026-03-02 14:35:00+00:00,304.6099853515625,305.239990234375,304.3500061035156,304.8500061035156,54937
2026-03-02 14:36:00+00:00,305.2300109863281,305.5600891113281,304.510009765625,304.69500732421875,104297
2026-03-02 14:37:00+00:00,304.79998779296875,305.56500244140625,304.79998779296875,305.17999267578125,63153
2026-03-02 14:38:00+00:00,303.9200134277344,304.92498779296875,303.9200134277344,304.92498779296875,60177
2026-03-02 14:39:00+00:00,303.2699890136719,304.19000244140625,303.0400085449219,304.06500244140625,66504
2026-03-02 14:40:00+00:00,303.5450134277344,304.0,303.29998779296875,303.3999938964844,53339
2026-03-02 14:41:00+00:00,304.3500061035156,304.4100036621094,303.20001220703125,303.6300048828125,46717
2026-03-02 14:42:00+00:00,304.75,304.8999938964844,304.2099914550781,304.29998779296875,41439
2026-03-02 14:43:00+00:00,304.1400146484375,305.0299987792969,303.8599853515625,304.8500061035156,794263
2026-03-02 14:44:00+00:00,304.75,305.42999267578125,304.0899963378906,304.0899963378906,0
2026-03-02 14:45:00+00:00,305.1400146484375,305.2900085449219,304.5400085449219,304.760009765625,54080
2026-03-02 14:46:00+00:00,305.2200012207031,305.42999267578125,304.69000244140625,305.17999267578125,57683
2026-03-02 14:47:00+00:00,305.66900634765625,305.87139892578125,305.0799865722656,305.4200134277344,823726
2026-03-02 14:48:00+00:00,305.8599853515625,306.1415100097656,305.5799865722656,305.6099853515625,0
2026-03-02 14:49:00+00:00,305.57000732421875,306.05999755859375,305.5,305.8699951171875,32411
2026-03-02 14:50:00+00:00,305.1700134277344,305.6400146484375,305.0899963378906,305.6400146484375,42628
2026-03-02 14:51:00+00:00,304.9849853515625,305.489990234375,304.8949890136719,305.2578125,884035
2026-03-02 14:52:00+00:00,304.5450134277344,305.07000732421875,304.489990234375,305.0259094238281,0
2026-03-02 14:53:00+00:00,304.07000732421875,304.6099853515625,303.8699951171875,304.6099853515625,33604
2026-03-02 14:54:00+00:00,304.3699951171875,304.5,303.8699951171875,304.0400085449219,33230
2026-03-02 14:55:00+00:00,304.55499267578125,304.70001220703125,304.2900085449219,304.2900085449219,29812
2026-03-02 14:56:00+00:00,304.3200988769531,304.6600036621094,303.95001220703125,304.57000732421875,29431
2026-03-02 14:57:00+00:00,304.7749938964844,304.80499267578125,304.20001220703125,304.4100036621094,36574
2026-03-02 14:58:00+00:00,304.7149963378906,304.8100891113281,304.3299865722656,304.5299987792969,39434
2026-03-02 14:59:00+00:00,304.2950134277344,304.7200012207031,304.1499938964844,304.69000244140625,37806
2026-03-02 15:00:00+00:00,303.6300048828125,304.32000732421875,303.5,304.2200012207031,50165
2026-03-02 15:01:00+00:00,304.6499938964844,304.69500732421875,303.6700134277344,303.7099914550781,28268
2026-03-02 15:02:00+00:00,304.489990234375,304.9339904785156,304.3399963378906,304.70709228515625,33824
2026-03-02 15:03:00+00:00,304.7799987792969,304.80499267578125,304.1700134277344,304.5299987792969,34073
2026-03-02 15:04:00+00:00,304.4399108886719,304.79998779296875,304.1900939941406,304.7699890136719,24590
2026-03-02 15:05:00+00:00,304.0599060058594,304.57000732421875,303.79998779296875,304.4599914550781,43815
2026-03-02 15:06:00+00:00,304.1199951171875,304.239990234375,303.79998779296875,304.0360107421875,35880
2026-03-02 15:07:00+00:00,304.2799987792969,304.4100036621094,304.0299987792969,304.0899963378906,20468
2026-03-02 15:08:00+00:00,304.3399963378906,304.5400085449219,304.1400146484375,304.2799987792969,44406
2026-03-02 15:09:00+00:00,304.5400085449219,304.6400146484375,304.0299987792969,304.3699951171875,34508
2026-03-02 15:10:00+00:00,304.75311279296875,304.7799987792969,304.385009765625,304.5849914550781,31901
2026-03-02 15:11:00+00:00,305.0,305.1300048828125,304.5899963378906,304.75,38706
2026-03-02 15:12:00+00:00,304.8949890136719,305.0899963378906,304.68011474609375,305.010009765625,44254
2026-03-02 15:13:00+00:00,305.1499938964844,305.30499267578125,304.92999267578125,304.92999267578125,23708
2026-03-02 15:14:00+00:00,304.96990966796875,305.17498779296875,304.8399963378906,305.1199951171875,37563
2026-03-02 15:15:00+00:00,304.3999938964844,305.2250061035156,304.35009765625,304.989990234375,1159121
2026-03-02 15:16:00+00:00,304.95001220703125,305.19000244140625,304.43499755859375,304.43499755859375,0
2026-03-02 15:17:00+00:00,305.0400085449219,305.4381103515625,304.8599853515625,304.989990234375,37449
2026-03-02 15:18:00+00:00,304.67999267578125,305.1199951171875,304.6600036621094,305.010009765625,35021
2026-03-02 15:19:00+00:00,304.7300109863281,304.8597106933594,304.44000244140625,304.67999267578125,21040
2026-03-02 15:20:00+00:00,304.7449951171875,304.7950134277344,304.44000244140625,304.6300048828125,20409
2026-03-02 15:21:00+00:00,304.3500061035156,304.7099914550781,304.2698974609375,304.7099914550781,30553
2026-03-02 15:22:00+00:00,304.3299865722656,304.5199890136719,304.2099914550781,304.375,1188106
2026-03-02 15:23:00+00:00,304.67999267578125,304.8598937988281,304.260009765625,304.3299865722656,44719
2026-03-02 15:24:00+00:00,304.510009765625,304.7250061035156,304.4100036621094,304.7149963378906,0
2026-03-02 15:25:00+00:00,304.4100036621094,304.7900085449219,304.3700866699219,304.5199890136719,28023
2026-03-02 15:26:00+00:00,304.2099914550781,304.614990234375,303.9800109863281,304.385009765625,1253291
2026-03-02 15:27:00+00:00,304.1600036621094,304.6400146484375,304.159912109375,304.1943054199219,0
2026-03-02 15:28:00+00:00,303.9849853515625,304.2900085449219,303.79998779296875,304.2300109863281,33157
2026-03-02 15:29:00+00:00,304.4800109863281,304.4800109863281,303.8699951171875,303.95001220703125,1286922
2026-03-02 15:30:00+00:00,304.44000244140625,304.6700134277344,304.3800048828125,304.4750061035156,0
2026-03-02 15:31:00+00:00,304.202392578125,304.4750061035156,304.1000061035156,304.45001220703125,16483
2026-03-02 15:32:00+00:00,304.0299987792969,304.2749938964844,303.8999938964844,304.2749938964844,13054
2026-03-02 15:33:00+00:00,304.07000732421875,304.2099914550781,303.94000244140625,303.94000244140625,26813
2026-03-02 15:34:00+00:00,303.95001220703125,304.25,303.8599853515625,304.1099853515625,23078
2026-03-02 15:35:00+00:00,304.19500732421875,304.3349914550781,303.8500061035156,303.9700012207031,22418
2026-03-02 15:36:00+00:00,304.07000732421875,304.260009765625,303.9700012207031,304.19000244140625,25571
2026-03-02 15:37:00+00:00,304.07501220703125,304.4200134277344,303.9700012207031,304.1300048828125,17167
2026-03-02 15:38:00+00:00,304.4984130859375,304.5320129394531,304.20001220703125,304.20001220703125,20445
2026-03-02 15:39:00+00:00,304.7799987792969,304.7799987792969,304.4652099609375,304.4800109863281,18786
2026-03-02 15:40:00+00:00,304.5299987792969,304.7900085449219,304.3999938964844,304.7550048828125,24336
2026-03-02 15:41:00+00:00,304.7850036621094,304.79998779296875,304.6000061035156,304.6000061035156,21699
2026-03-02 15:42:00+00:00,304.5801086425781,304.79998779296875,304.55499267578125,304.7200012207031,12751
2026-03-02 15:43:00+00:00,304.5,304.6499938964844,304.3699951171875,304.5799865722656,15383
2026-03-02 15:44:00+00:00,304.92999267578125,304.95001220703125,304.42999267578125,304.42999267578125,15677
2026-03-02 15:45:00+00:00,305.1000061035156,305.4200134277344,304.8031921386719,304.92999267578125,52183
2026-03-02 15:46:00+00:00,305.0199890136719,305.0899963378906,304.75,305.0899963378906,22799
2026-03-02 15:47:00+00:00,305.0400085449219,305.2749938964844,304.9800109863281,305.0400085449219,32758
2026-03-02 15:48:00+00:00,304.5049133300781,304.8299865722656,304.5,304.8299865722656,1418629
2026-03-02 15:49:00+00:00,304.7699890136719,304.8800048828125,304.4599914550781,304.4800109863281,24815
2026-03-02 15:50:00+00:00,305.04998779296875,305.1199951171875,304.70001220703125,304.739990234375,20118
2026-03-02 15:51:00+00:00,305.010009765625,305.2799987792969,305.010009765625,305.114990234375,0
2026-03-02 15:52:00+00:00,305.0199890136719,305.1400146484375,304.8949890136719,305.04010009765625,16515
2026-03-02 15:53:00+00:00,304.7300109863281,304.9800109863281,304.55999755859375,304.9800109863281,1441920
2026-03-02 15:54:00+00:00,304.3550109863281,304.67999267578125,304.19000244140625,304.66009521484375,0
2026-03-02 15:55:00+00:00,304.6000061035156,304.6000061035156,304.29998779296875,304.4010009765625,1473003
2026-03-02 15:56:00+00:00,305.07000732421875,305.07000732421875,304.63031005859375,304.63031005859375,18770
2026-03-02 15:57:00+00:00,305.0801086425781,305.1300048828125,304.8999938964844,305.07000732421875,0
2026-03-02 15:58:00+00:00,305.0917053222656,305.2799987792969,304.8599853515625,305.0950012207031,24577
2026-03-02 15:59:00+00:00,304.8699951171875,305.21990966796875,304.739990234375,305.0899963378906,1508123
2026-03-02 16:00:00+00:00,304.42498779296875,304.8399963378906,304.3800048828125,304.8399963378906,0
2026-03-02 16:01:00+00:00,304.6499938964844,304.6499938964844,304.1700134277344,304.44989013671875,1545809
2026-03-02 16:02:00+00:00,304.5299987792969,304.7699890136719,304.5,304.6099853515625,0
2026-03-02 16:03:00+00:00,304.82000732421875,304.8399963378906,304.55999755859375,304.55999755859375,14218
2026-03-02 16:04:00+00:00,305.07000732421875,305.1700134277344,304.79010009765625,304.8099060058594,33366
2026-03-02 16:05:00+00:00,305.11358642578125,305.1499938964844,304.9100036621094,305.05999755859375,12097
2026-03-02 16:06:00+00:00,305.0,305.23541259765625,304.9501037597656,305.1099853515625,15266
2026-03-02 16:07:00+00:00,305.0899963378906,305.2699890136719,304.9649963378906,304.9800109863281,16080
2026-03-02 16:08:00+00:00,305.30999755859375,305.3599853515625,304.9800109863281,305.0400085449219,16946
2026-03-02 16:09:00+00:00,305.4800109863281,305.4800109863281,305.25,305.30999755859375,15490
2026-03-02 16:10:00+00:00,305.5799865722656,305.7149963378906,305.3450012207031,305.5,33765
2026-03-02 16:11:00+00:00,305.45001220703125,305.55999755859375,305.3699951171875,305.5400085449219,30030
2026-03-02 16:12:00+00:00,305.4100036621094,305.55999755859375,305.3399963378906,305.4200134277344,24346
2026-03-02 16:13:00+00:00,305.44000244140625,305.55499267578125,305.3500061035156,305.3800048828125,14102
2026-03-02 16:14:00+00:00,305.5766906738281,305.7300109863281,305.29998779296875,305.4700012207031,27482
2026-03-02 16:15:00+00:00,305.29998779296875,305.54998779296875,305.1449890136719,305.54998779296875,29866
2026-03-02 16:16:00+00:00,305.32000732421875,305.44000244140625,305.2850036621094,305.31500244140625,19699
2026-03-02 16:17:00+00:00,305.1199951171875,305.5,305.1099853515625,305.3299865722656,40007
2026-03-02 16:18:00+00:00,305.125,305.260009765625,304.9599914550781,305.1199951171875,1741461
2026-03-02 16:19:00+00:00,304.6499938964844,305.1449890136719,304.4700927734375,305.1449890136719,0
2026-03-02 16:20:00+00:00,304.8500061035156,304.8999938964844,304.57000732421875,304.57000732421875,13933
2026-03-02 16:21:00+00:00,304.7799987792969,305.010009765625,304.7300109863281,304.8699951171875,16358
2026-03-02 16:22:00+00:00,304.7900085449219,304.89111328125,304.69000244140625,304.7699890136719,23189
2026-03-02 16:23:00+00:00,304.9800109863281,305.0400085449219,304.760009765625,304.7950134277344,10534
2026-03-02 16:24:00+00:00,304.9700012207031,305.0199890136719,304.8500061035156,305.0199890136719,10949
2026-03-02 16:25:00+00:00,304.70001220703125,304.94000244140625,304.6300048828125,304.92999267578125,19820
2026-03-02 16:26:00+00:00,304.5400085449219,304.8739929199219,304.5400085449219,304.7099914550781,25699
2026-03-02 16:27:00+00:00,304.1000061035156,304.55999755859375,303.9700012207031,304.5400085449219,34077
2026-03-02 16:28:00+00:00,304.29998779296875,304.3299865722656,304.0199890136719,304.1000061035156,1828712
2026-03-02 16:29:00+00:00,304.45001220703125,304.5299987792969,304.3399963378906,304.45001220703125,0
2026-03-02 16:30:00+00:00,304.760009765625,304.8999938964844,304.44000244140625,304.4700012207031,13230
2026-03-02 16:31:00+00:00,304.9200134277344,305.05999755859375,304.6900939941406,304.77880859375,23623
2026-03-02 16:32:00+00:00,305.18499755859375,305.32000732421875,304.8900146484375,304.92999267578125,24483
2026-03-02 16:33:00+00:00,305.2099914550781,305.25,305.0299987792969,305.2300109863281,15722
2026-03-02 16:34:00+00:00,305.989990234375,306.0625,305.2449951171875,305.260009765625,52161
2026-03-02 16:35:00+00:00,305.8550109863281,305.9700012207031,305.5400085449219,305.9700012207031,28379
2026-03-02 16:36:00+00:00,306.19000244140625,306.2406005859375,305.8301086425781,306.0,37833
2026-03-02 16:37:00+00:00,306.5284118652344,306.70001220703125,306.17999267578125,306.17999267578125,24451
2026-03-02 16:38:00+00:00,306.8699951171875,306.89990234375,306.5248107910156,306.69989013671875,18283
2026-03-02 16:39:00+00:00,306.94000244140625,306.94000244140625,306.67999267578125,306.8999938964844,24443
2026-03-02 16:40:00+00:00,307.05999755859375,307.2300109863281,306.8500061035156,306.8900146484375,59887
2026-03-02 16:41:00+00:00,307.0600891113281,307.0799865722656,306.8900146484375,307.0350036621094,23818
2026-03-02 16:42:00+00:00,307.0249938964844,307.04998779296875,306.82000732421875,307.0400085449219,18648
2026-03-02 16:43:00+00:00,307.0299987792969,307.04998779296875,306.8800048828125,306.9949951171875,22363
2026-03-02 16:44:00+00:00,307.0,307.1499938964844,306.9700012207031,307.0199890136719,13439
2026-03-02 16:45:00+00:00,307.260009765625,307.3399963378906,307.0299987792969,307.0480041503906,32229
2026-03-02 16:46:00+00:00,307.2200012207031,307.3080139160156,307.1499938964844,307.2950134277344,13033
2026-03-02 16:47:00+00:00,307.45001220703125,307.45001220703125,307.05999755859375,307.19000244140625,19973
2026-03-02 16:48:00+00:00,307.32000732421875,307.6199951171875,307.20989990234375,307.489990234375,67786
2026-03-02 16:49:00+00:00,307.0400085449219,307.5199890136719,307.0400085449219,307.3299865722656,13408
2026-03-02 16:50:00+00:00,306.9200134277344,307.07000732421875,306.82000732421875,307.0,18705
2026-03-02 16:51:00+00:00,307.0199890136719,307.1000061035156,306.5799865722656,306.92498779296875,2054597
2026-03-02 16:52:00+00:00,307.1000061035156,307.2099914550781,306.94000244140625,307.0950012207031,14919
2026-03-02 16:53:00+00:00,307.07000732421875,307.1600036621094,306.8800048828125,307.1299133300781,0
2026-03-02 16:54:00+00:00,307.07501220703125,307.2799987792969,307.06500244140625,307.06500244140625,19918
2026-03-02 16:55:00+00:00,307.3399963378906,307.3800048828125,306.9599914550781,307.0400085449219,12660
2026-03-02 16:56:00+00:00,307.4200134277344,307.42999267578125,307.2449951171875,307.3299865722656,12343
2026-03-02 16:57:00+00:00,307.3599853515625,307.4800109863281,307.2669982910156,307.3900146484375,11327
2026-03-02 16:58:00+00:00,307.69970703125,307.69970703125,307.3500061035156,307.3999938964844,2077228
2026-03-02 16:59:00+00:00,307.68499755859375,307.7049865722656,307.6099853515625,307.6400146484375,0
2026-03-02 17:01:00+00:00,307.1000061035156,307.29998779296875,307.05999755859375,307.2200012207031,14984
2026-03-02 17:02:00+00:00,307.06500244140625,307.2099914550781,306.9599914550781,307.1400146484375,12000
2026-03-02 17:03:00+00:00,307.04998779296875,307.1099853515625,307.0299987792969,307.06500244140625,2109604
2026-03-02 17:04:00+00:00,307.30499267578125,307.4700012207031,307.25,307.4100036621094,0
2026-03-02 17:05:00+00:00,307.1700134277344,307.3699951171875,307.1199951171875,307.32501220703125,2122358
2026-03-02 17:06:00+00:00,307.30999755859375,307.3500061035156,307.1300048828125,307.1700134277344,12949
2026-03-02 17:07:00+00:00,307.1400146484375,307.34991455078125,307.1400146484375,307.2850036621094,13422
2026-03-02 17:08:00+00:00,307.25,307.3042907714844,307.07000732421875,307.0899963378906,10884
2026-03-02 17:09:00+00:00,307.45001220703125,307.5249938964844,307.19000244140625,307.2099914550781,0
2026-03-02 17:10:00+00:00,307.3800048828125,307.5400085449219,307.3446960449219,307.4800109863281,14272
2026-03-02 17:11:00+00:00,307.4200134277344,307.42498779296875,307.31988525390625,307.3349914550781,7854
2026-03-02 17:12:00+00:00,307.2900085449219,307.3598937988281,307.1496887207031,307.3598937988281,10249
2026-03-02 17:13:00+00:00,307.3599853515625,307.3599853515625,307.1700134277344,307.2200927734375,8398
2026-03-02 17:14:00+00:00,307.26019287109375,307.42999267578125,307.2601013183594,307.32000732421875,10270
2026-03-02 17:15:00+00:00,307.5350036621094,307.5350036621094,307.3059997558594,307.3349914550781,8233
2026-03-02 17:16:00+00:00,307.4700012207031,307.5899963378906,307.3999938964844,307.5799865722656,13454
2026-03-02 17:17:00+00:00,307.5299987792969,307.56500244140625,307.45001220703125,307.4800109863281,11751
2026-03-02 17:18:00+00:00,307.45001220703125,307.57000732421875,307.32000732421875,307.5249938964844,10020
2026-03-02 17:19:00+00:00,307.6199951171875,307.68499755859375,307.4700012207031,307.49810791015625,11198
2026-03-02 17:20:00+00:00,307.343505859375,307.6099853515625,307.30999755859375,307.6099853515625,12805
2026-03-02 17:21:00+00:00,307.32000732421875,307.4100036621094,307.260009765625,307.34991455078125,8655
2026-03-02 17:22:00+00:00,307.3403015136719,307.45001220703125,307.1199951171875,307.3500061035156,15991
2026-03-02 17:23:00+00:00,307.5899963378906,307.6300048828125,307.3399963378906,307.34600830078125,8712
2026-03-02 17:24:00+00:00,307.7099914550781,307.7200012207031,307.6199951171875,307.67999267578125,9986
2026-03-02 17:25:00+00:00,307.452392578125,307.69000244140625,307.35009765625,307.69000244140625,20469
2026-03-02 17:26:00+00:00,307.4100036621094,307.5299987792969,307.3900146484375,307.42999267578125,7079
2026-03-02 17:27:00+00:00,307.42999267578125,307.5,307.3700866699219,307.42010498046875,6653
2026-03-02 17:28:00+00:00,307.60260009765625,307.6199951171875,307.3301086425781,307.43499755859375,9616
2026-03-02 17:29:00+00:00,307.55010986328125,307.69000244140625,307.5400085449219,307.5899963378906,9184
2026-03-02 17:30:00+00:00,307.635009765625,307.79998779296875,307.5150146484375,307.5201110839844,20748
2026-03-02 17:31:00+00:00,307.67999267578125,307.7200012207031,307.5799865722656,307.67999267578125,10079
2026-03-02 17:32:00+00:00,307.54998779296875,307.7950134277344,307.54998779296875,307.6700134277344,5879
2026-03-02 17:33:00+00:00,307.6300048828125,307.6499938964844,307.4613952636719,307.510009765625,11324
2026-03-02 17:34:00+00:00,307.3949890136719,307.67999267578125,307.3949890136719,307.635009765625,7843
2026-03-02 17:35:00+00:00,307.3501892089844,307.5299987792969,307.30999755859375,307.4100036621094,11219
2026-03-02 17:36:00+00:00,307.6199951171875,307.6499938964844,307.3949890136719,307.3999938964844,8042
2026-03-02 17:37:00+00:00,307.4599914550781,307.6099853515625,307.4549865722656,307.5899963378906,11318
2026-03-02 17:38:00+00:00,307.3399963378906,307.6000061035156,307.2900085449219,307.5299987792969,14056
2026-03-02 17:39:00+00:00,307.45001220703125,307.5199890136719,307.3999938964844,307.3999938964844,6994
2026-03-02 17:40:00+00:00,307.20001220703125,307.4599914550781,307.20001220703125,307.45001220703125,6832
2026-03-02 17:41:00+00:00,307.2250061035156,307.42999267578125,307.2200012207031,307.2200012207031,11268
2026-03-02 17:42:00+00:00,307.3500061035156,307.364990234375,307.1600036621094,307.17999267578125,15327
2026-03-02 17:43:00+00:00,307.010009765625,307.3299865722656,307.0,307.32000732421875,16878
2026-03-02 17:44:00+00:00,307.1400146484375,307.18499755859375,307.0,307.0199890136719,10888
2026-03-02 17:45:00+00:00,307.1549987792969,307.1700134277344,307.0401916503906,307.1499938964844,13762
2026-03-02 17:46:00+00:00,307.3299865722656,307.3299865722656,307.17999267578125,307.17999267578125,2271332
2026-03-02 17:47:00+00:00,307.3450012207031,307.5,307.32000732421875,307.3900146484375,0
2026-03-02 17:48:00+00:00,307.135009765625,307.3900146484375,307.0299987792969,307.3299865722656,2296744
2026-03-02 17:49:00+00:00,307.2200012207031,307.239990234375,307.1099853515625,307.1499938964844,0
2026-03-02 17:50:00+00:00,307.1940002441406,307.2300109863281,307.07708740234375,307.1900939941406,2297621
2026-03-02 17:51:00+00:00,307.5299987792969,307.6600036621094,307.1300048828125,307.2099914550781,0
2026-03-02 17:52:00+00:00,307.6000061035156,307.6400146484375,307.4700012207031,307.54998779296875,7840
2026-03-02 17:53:00+00:00,307.55999755859375,307.6499938964844,307.497314453125,307.6050109863281,9116
2026-03-02 17:54:00+00:00,307.4750061035156,307.57000732421875,307.4100036621094,307.5400085449219,7693
2026-03-02 17:55:00+00:00,307.5400085449219,307.6199951171875,307.3700866699219,307.45001220703125,15247
2026-03-02 17:56:00+00:00,307.6199951171875,307.67999267578125,307.4700012207031,307.53070068359375,30966
2026-03-02 17:57:00+00:00,307.6300048828125,307.7300109863281,307.44000244140625,307.6300048828125,16779
2026-03-02 17:58:00+00:00,307.93121337890625,308.010009765625,307.6449890136719,307.6449890136719,36487
2026-03-02 17:59:00+00:00,307.9849853515625,308.1400146484375,307.9700012207031,307.989990234375,14689
2026-03-02 18:00:00+00:00,307.8299865722656,308.0199890136719,307.739990234375,307.989990234375,15516
2026-03-02 18:01:00+00:00,307.82000732421875,307.864990234375,307.7300109863281,307.8399963378906,13440
2026-03-02 18:02:00+00:00,307.61358642578125,307.8800048828125,307.61358642578125,307.80999755859375,11757
2026-03-02 18:03:00+00:00,307.4020080566406,307.55999755859375,307.4020080566406,307.5400085449219,11835
2026-03-02 18:04:00+00:00,307.3399963378906,307.4049987792969,307.2900085449219,307.4049987792969,10930
2026-03-02 18:05:00+00:00,307.2699890136719,307.3500061035156,307.1499938964844,307.3500061035156,15873
2026-03-02 18:06:00+00:00,307.0700988769531,307.3599853515625,307.07000732421875,307.32000732421875,2449052
2026-03-02 18:07:00+00:00,307.1600036621094,307.2296142578125,307.0,307.0950012207031,0
2026-03-02 18:08:00+00:00,306.8200988769531,307.1499938964844,306.8200988769531,307.1499938964844,12880
2026-03-02 18:09:00+00:00,306.8399963378906,306.9200134277344,306.7149963378906,306.7900085449219,12067
2026-03-02 18:10:00+00:00,306.9100036621094,306.9100036621094,306.6700134277344,306.79998779296875,22647
2026-03-02 18:11:00+00:00,306.80999755859375,306.8800048828125,306.7049865722656,306.8599853515625,15670
2026-03-02 18:12:00+00:00,306.7200012207031,306.88751220703125,306.67999267578125,306.7749938964844,28585
2026-03-02 18:13:00+00:00,306.82000732421875,306.9811096191406,306.7099914550781,306.7149963378906,23181
2026-03-02 18:14:00+00:00,306.9381103515625,306.94000244140625,306.7950134277344,306.8699951171875,10788
2026-03-02 18:15:00+00:00,306.8399963378906,306.94989013671875,306.760009765625,306.889892578125,15792
2026-03-02 18:16:00+00:00,306.68560791015625,306.8453063964844,306.68560791015625,306.8299865722656,10386
2026-03-02 18:17:00+00:00,306.6700134277344,306.8999938964844,306.6199951171875,306.69830322265625,12699
2026-03-02 18:18:00+00:00,306.6000061035156,306.67999267578125,306.57000732421875,306.6600036621094,7022
2026-03-02 18:19:00+00:00,306.3500061035156,306.55999755859375,306.2799987792969,306.55999755859375,14971
2026-03-02 18:20:00+00:00,306.2850036621094,306.3599853515625,306.239990234375,306.3406982421875,16256
2026-03-02 18:21:00+00:00,306.2820129394531,306.34039306640625,306.2099914550781,306.25,9252
2026-03-02 18:22:00+00:00,306.30999755859375,306.3500061035156,306.1300048828125,306.25,18790
2026-03-02 18:23:00+00:00,306.2481994628906,306.3900146484375,306.2300109863281,306.3041076660156,12185
2026-03-02 18:24:00+00:00,306.33990478515625,306.3847961425781,306.25,306.25,5007
2026-03-02 18:25:00+00:00,306.2950134277344,306.30999755859375,306.2099914550781,306.239990234375,7857
2026-03-02 18:26:00+00:00,306.5050048828125,306.5050048828125,306.2699890136719,306.2699890136719,6481
2026-03-02 18:27:00+00:00,306.5458068847656,306.55999755859375,306.42999267578125,306.5400085449219,6635
2026-03-02 18:28:00+00:00,306.67010498046875,306.69000244140625,306.4949951171875,306.5199890136719,11543
2026-03-02 18:29:00+00:00,306.614990234375,306.71990966796875,306.5494079589844,306.71990966796875,13413
2026-03-02 18:30:00+00:00,306.54998779296875,306.6600036621094,306.5,306.6300048828125,8797
2026-03-02 18:31:00+00:00,306.5950012207031,306.69000244140625,306.5400085449219,306.6600036621094,12949
2026-03-02 18:32:00+00:00,306.6300048828125,306.6499938964844,306.4100036621094,306.5899963378906,13534
2026-03-02 18:33:00+00:00,306.57110595703125,306.69000244140625,306.55999755859375,306.6600036621094,9998
2026-03-02 18:34:00+00:00,306.5350036621094,306.6600036621094,306.4800109863281,306.6000061035156,9181
2026-03-02 18:35:00+00:00,306.29998779296875,306.5398864746094,306.239990234375,306.5,16347
2026-03-02 18:36:00+00:00,306.17999267578125,306.30999755859375,306.1400146484375,306.2799987792969,12340
2026-03-02 18:37:00+00:00,306.0400085449219,306.19000244140625,306.0,306.1700134277344,30626
2026-03-02 18:38:00+00:00,306.0249938964844,306.0799865722656,305.8301086425781,306.04998779296875,23506
2026-03-02 18:39:00+00:00,305.95001220703125,306.1000061035156,305.95001220703125,306.06500244140625,9440
2026-03-02 18:40:00+00:00,306.0801086425781,306.1300048828125,305.9200134277344,305.9200134277344,12780
2026-03-02 18:41:00+00:00,306.135009765625,306.20001220703125,306.0400085449219,306.0400085449219,15056
2026-03-02 18:42:00+00:00,306.2300109863281,306.2699890136719,306.1000061035156,306.1199951171875,10446
2026-03-02 18:43:00+00:00,306.3900146484375,306.42498779296875,306.2799987792969,306.3201904296875,8929
2026-03-02 18:44:00+00:00,306.4599914550781,306.4700012207031,306.3399963378906,306.4089050292969,10727
2026-03-02 18:45:00+00:00,306.3349914550781,306.4700012207031,306.2799987792969,306.4599914550781,14200
2026-03-02 18:46:00+00:00,306.260009765625,306.3699951171875,306.2300109863281,306.3699951171875,12710
2026-03-02 18:47:00+00:00,305.989990234375,306.2300109863281,305.8699951171875,306.2300109863281,23323
2026-03-02 18:48:00+00:00,306.0060119628906,306.0299987792969,305.94000244140625,305.9700012207031,6103
2026-03-02 18:49:00+00:00,305.9599914550781,306.0400085449219,305.8699951171875,306.0,8625
2026-03-02 18:50:00+00:00,306.0050048828125,306.0599060058594,305.9800109863281,305.9800109863281,7700
2026-03-02 18:51:00+00:00,305.9700012207031,306.1499938964844,305.95001220703125,305.9849853515625,2681009
2026-03-02 18:52:00+00:00,306.0000915527344,306.0299987792969,305.8800048828125,305.8800048828125,0
2026-03-02 18:53:00+00:00,306.0398864746094,306.0398864746094,305.95001220703125,305.989990234375,4039
2026-03-02 18:54:00+00:00,306.1199951171875,306.2200012207031,306.04998779296875,306.05999755859375,16675
2026-03-02 18:55:00+00:00,305.739990234375,306.04998779296875,305.67999267578125,306.0450134277344,2698037
2026-03-02 18:56:00+00:00,305.9949951171875,306.0400085449219,305.739990234375,305.739990234375,0
2026-03-02 18:57:00+00:00,305.82000732421875,306.0400085449219,305.77459716796875,306.0199890136719,19982
2026-03-02 18:58:00+00:00,305.7900085449219,305.79998779296875,305.70001220703125,305.760009765625,2726415
2026-03-02 18:59:00+00:00,305.6499938964844,305.8500061035156,305.6300048828125,305.80499267578125,0
2026-03-02 19:00:00+00:00,305.6600036621094,305.6600036621094,305.57000732421875,305.6199951171875,14915
2026-03-02 19:01:00+00:00,305.79998779296875,305.9750061035156,305.69500732421875,305.69500732421875,11923
2026-03-02 19:02:00+00:00,305.8299865722656,305.8299865722656,305.7200012207031,305.7650146484375,5625
2026-03-02 19:03:00+00:00,306.0199890136719,306.07000732421875,305.8599853515625,305.8800048828125,11147
2026-03-02 19:04:00+00:00,306.1199951171875,306.18499755859375,305.989990234375,306.0101013183594,8375
2026-03-02 19:05:00+00:00,305.8999938964844,306.12860107421875,305.8900146484375,306.12860107421875,10360
2026-03-02 19:06:00+00:00,306.05999755859375,306.1400146484375,305.7900085449219,305.8800048828125,13474
2026-03-02 19:07:00+00:00,306.1499938964844,306.3599853515625,306.0,306.05999755859375,29617
2026-03-02 19:08:00+00:00,306.1199951171875,306.2200012207031,306.1000061035156,306.1400146484375,11034
2026-03-02 19:09:00+00:00,306.25,306.2799987792969,306.0101013183594,306.0249938964844,15530
2026-03-02 19:10:00+00:00,306.2650146484375,306.2900085449219,306.1300048828125,306.2200012207031,13955
2026-03-02 19:11:00+00:00,306.5799865722656,306.6000061035156,306.2200012207031,306.2650146484375,46817
2026-03-02 19:12:00+00:00,306.45001220703125,306.53961181640625,306.25,306.53009033203125,24377
2026-03-02 19:13:00+00:00,306.44000244140625,306.6099853515625,306.44000244140625,306.45001220703125,2835010
2026-03-02 19:14:00+00:00,306.4200134277344,306.44000244140625,306.29998779296875,306.44000244140625,0
2026-03-02 19:15:00+00:00,306.739990234375,306.7699890136719,306.45001220703125,306.4800109863281,22222
2026-03-02 19:16:00+00:00,306.8900146484375,306.9200134277344,306.739990234375,306.78009033203125,14820
2026-03-02 19:17:00+00:00,306.8999938964844,307.0400085449219,306.8606872558594,306.9800109863281,15160
2026-03-02 19:18:00+00:00,306.82000732421875,306.9200134277344,306.739990234375,306.8999938964844,11722
2026-03-02 19:19:00+00:00,306.9700012207031,306.9700012207031,306.7799987792969,306.8699951171875,24823
2026-03-02 19:20:00+00:00,307.04998779296875,307.1000061035156,306.9200134277344,306.92999267578125,19902
2026-03-02 19:21:00+00:00,307.1000061035156,307.1000061035156,307.0,307.0400085449219,15421
2026-03-02 19:22:00+00:00,307.0599060058594,307.18011474609375,307.0199890136719,307.18011474609375,16149
2026-03-02 19:23:00+00:00,306.9800109863281,307.05999755859375,306.8106994628906,307.0199890136719,26947
2026-03-02 19:24:00+00:00,306.8955078125,306.95001220703125,306.8349914550781,306.94000244140625,10691
2026-03-02 19:25:00+00:00,306.92498779296875,307.0,306.8800048828125,306.9046936035156,15949
2026-03-02 19:26:00+00:00,307.1600036621094,307.1650085449219,306.8999938964844,306.92010498046875,8026
2026-03-02 19:27:00+00:00,307.19000244140625,307.2149963378906,307.0799865722656,307.1499938964844,15924
2026-03-02 19:28:00+00:00,307.1700134277344,307.2300109863281,307.1199951171875,307.2200012207031,12025
2026-03-02 19:29:00+00:00,307.2300109863281,307.2900085449219,307.1499938964844,307.1700134277344,20344
2026-03-02 19:30:00+00:00,307.1200866699219,307.2749938964844,307.1099853515625,307.25,20633
2026-03-02 19:31:00+00:00,307.07000732421875,307.17999267578125,307.010009765625,307.1698913574219,18422
2026-03-02 19:32:00+00:00,307.2099914550781,307.2995910644531,307.0199890136719,307.0899963378906,11692
2026-03-02 19:33:00+00:00,307.1199951171875,307.20001220703125,307.1199951171875,307.1600036621094,2964448
2026-03-02 19:34:00+00:00,307.2799987792969,307.2900085449219,307.1499938964844,307.18499755859375,0
2026-03-02 19:35:00+00:00,307.1650085449219,307.29998779296875,307.1600036621094,307.2850036621094,9298
2026-03-02 19:36:00+00:00,307.1300048828125,307.2200012207031,307.04998779296875,307.1650085449219,6612
2026-03-02 19:37:00+00:00,307.2300109863281,307.2300109863281,307.0950012207031,307.1499938964844,15975
2026-03-02 19:38:00+00:00,307.1000061035156,307.239990234375,307.080810546875,307.239990234375,10874
2026-03-02 19:39:00+00:00,307.1600036621094,307.1700134277344,307.07000732421875,307.0849914550781,14743
2026-03-02 19:40:00+00:00,307.1600036621094,307.20001220703125,307.1000061035156,307.15008544921875,8834
2026-03-02 19:41:00+00:00,307.17999267578125,307.239990234375,307.1400146484375,307.1499938964844,10766
2026-03-02 19:42:00+00:00,306.989990234375,307.1600036621094,306.8999938964844,307.1499938964844,23970
2026-03-02 19:43:00+00:00,306.9599914550781,307.0199890136719,306.8699951171875,307.0199890136719,17839
2026-03-02 19:44:00+00:00,307.0050048828125,307.04998779296875,306.9049987792969,306.95001220703125,23160
2026-03-02 19:45:00+00:00,307.1449890136719,307.2300109863281,307.0199890136719,307.0199890136719,15281
2026-03-02 19:46:00+00:00,307.2049865722656,307.3399963378906,307.07000732421875,307.1300048828125,15789
2026-03-02 19:47:00+00:00,307.2904052734375,307.3699951171875,307.19000244140625,307.2049865722656,16889
2026-03-02 19:48:00+00:00,307.57000732421875,307.760009765625,307.29998779296875,307.32000732421875,64776
2026-03-02 19:49:00+00:00,307.57000732421875,307.6199951171875,307.4800109863281,307.5799865722656,23183
2026-03-02 19:50:00+00:00,307.45001220703125,307.5799865722656,307.4100036621094,307.5799865722656,7893
2026-03-02 19:51:00+00:00,307.29998779296875,307.4800109863281,307.2799987792969,307.4800109863281,18074
2026-03-02 19:52:00+00:00,307.3429870605469,307.3599853515625,307.2300109863281,307.29998779296875,15808
2026-03-02 19:53:00+00:00,307.4898986816406,307.5,307.3299865722656,307.3599853515625,44238
2026-03-02 19:54:00+00:00,307.260009765625,307.4599914550781,307.20001220703125,307.45001220703125,12725
2026-03-02 19:55:00+00:00,307.3999938964844,307.4700012207031,307.1990051269531,307.260009765625,13181
2026-03-02 19:56:00+00:00,307.3599853515625,307.42999267578125,307.20001220703125,307.3700866699219,10012
2026-03-02 19:57:00+00:00,307.25299072265625,307.3900146484375,307.20001220703125,307.34710693359375,27148
2026-03-02 19:58:00+00:00,307.20001220703125,307.2900085449219,307.125,307.2900085449219,20044
2026-03-02 19:59:00+00:00,307.19000244140625,307.2300109863281,307.1000061035156,307.2229919433594,13955
2026-03-02 20:00:00+00:00,307.17999267578125,307.32000732421875,307.1499938964844,307.25,8531
2026-03-02 20:01:00+00:00,307.0299987792969,307.2200012207031,307.0199890136719,307.19000244140625,11961
2026-03-02 20:02:00+00:00,306.8399963378906,307.0928955078125,306.8219909667969,307.05999755859375,3179710
2026-03-02 20:03:00+00:00,306.6050109863281,306.7900085449219,306.55999755859375,306.7799987792969,50184
2026-03-02 20:04:00+00:00,306.7900085449219,306.80499267578125,306.4049987792969,306.5799865722656,21088
2026-03-02 20:05:00+00:00,306.7699890136719,306.94000244140625,306.7300109863281,306.84991455078125,17235
2026-03-02 20:06:00+00:00,306.43499755859375,306.8900146484375,306.260009765625,306.7699890136719,115445
2026-03-02 20:07:00+00:00,305.9750061035156,306.4501037597656,305.9700012207031,306.43359375,47898
2026-03-02 20:08:00+00:00,305.7300109863281,306.0,305.67999267578125,305.94000244140625,23500
2026-03-02 20:09:00+00:00,305.739990234375,305.94000244140625,305.5799865722656,305.7405090332031,31080
2026-03-02 20:10:00+00:00,305.4200134277344,305.69500732421875,305.4200134277344,305.69500732421875,40772
2026-03-02 20:11:00+00:00,305.70001220703125,305.7300109863281,305.3299865722656,305.46990966796875,33445
2026-03-02 20:12:00+00:00,305.5299987792969,305.6099853515625,305.3699951171875,305.57000732421875,24329
2026-03-02 20:13:00+00:00,305.5799865722656,305.70001220703125,305.3699951171875,305.5299987792969,19196
2026-03-02 20:14:00+00:00,305.4501037597656,305.6199951171875,305.25,305.6199951171875,38512
2026-03-02 20:15:00+00:00,305.3999938964844,305.55999755859375,305.260009765625,305.4599914550781,50177
2026-03-02 20:16:00+00:00,305.8299865722656,306.04400634765625,305.5400085449219,305.5400085449219,67571
2026-03-02 20:17:00+00:00,306.0400085449219,306.2300109863281,305.80999755859375,305.80999755859375,38470
2026-03-02 20:18:00+00:00,306.1199951171875,306.2200012207031,305.93060302734375,306.0299987792969,29034
2026-03-02 20:19:00+00:00,305.8500061035156,306.17999267578125,305.7650146484375,306.17999267578125,17518
2026-03-02 20:20:00+00:00,305.8399963378906,305.9200134277344,305.5400085449219,305.8699951171875,32666
2026-03-02 20:21:00+00:00,305.57000732421875,305.760009765625,305.55999755859375,305.739990234375,29378
2026-03-02 20:22:00+00:00,305.6099853515625,305.7900085449219,305.6099853515625,305.6099853515625,37166
2026-03-02 20:23:00+00:00,305.7850036621094,305.7900085449219,305.5450134277344,305.6099853515625,16799
2026-03-02 20:24:00+00:00,305.5199890136719,305.80999755859375,305.4700012207031,305.75,15306
2026-03-02 20:25:00+00:00,305.44000244140625,305.5899963378906,305.3800048828125,305.45001220703125,28878
2026-03-02 20:26:00+00:00,305.2099914550781,305.510009765625,305.2099914550781,305.4648132324219,30392
2026-03-02 20:27:00+00:00,305.3999938964844,305.4100036621094,305.2300109863281,305.2799987792969,20907
2026-03-02 20:28:00+00:00,305.54998779296875,305.7699890136719,305.3399963378906,305.44000244140625,22488
2026-03-02 20:29:00+00:00,305.31988525390625,305.53009033203125,305.2699890136719,305.53009033203125,35981
2026-03-02 20:30:00+00:00,305.45001220703125,305.5801086425781,305.2250061035156,305.2699890136719,26051
2026-03-02 20:31:00+00:00,305.2550048828125,305.489990234375,305.25,305.4200134277344,33215
2026-03-02 20:32:00+00:00,305.6000061035156,305.6000061035156,305.260009765625,305.30499267578125,17369
2026-03-02 20:33:00+00:00,305.55999755859375,305.6300048828125,305.4649963378906,305.5400085449219,27809
2026-03-02 20:34:00+00:00,305.6600036621094,305.7300109863281,305.54998779296875,305.54998779296875,43299
2026-03-02 20:35:00+00:00,305.3450012207031,305.6000061035156,305.3450012207031,305.6000061035156,18783
2026-03-02 20:36:00+00:00,305.2300109863281,305.45001220703125,305.2099914550781,305.3599853515625,32855
2026-03-02 20:37:00+00:00,305.5299987792969,305.6199951171875,305.2900085449219,305.29998779296875,21396
2026-03-02 20:38:00+00:00,305.80999755859375,305.80999755859375,305.5400085449219,305.5400085449219,19651
2026-03-02 20:39:00+00:00,305.4787902832031,305.8299865722656,305.4700012207031,305.7799987792969,25930
2026-03-02 20:40:00+00:00,305.1499938964844,305.625,305.1400146484375,305.4649963378906,33244
2026-03-02 20:41:00+00:00,305.04998779296875,305.19000244140625,304.9599914550781,305.19000244140625,68143
2026-03-02 20:42:00+00:00,305.25250244140625,305.25250244140625,304.9100036621094,305.0849914550781,36809
2026-03-02 20:43:00+00:00,305.114990234375,305.23419189453125,305.04998779296875,305.2330017089844,27502
2026-03-02 20:44:00+00:00,305.3900146484375,305.3999938964844,305.06500244140625,305.1499938964844,25328
2026-03-02 20:45:00+00:00,305.5199890136719,305.5199890136719,305.2699890136719,305.3500061035156,26328
2026-03-02 20:46:00+00:00,305.6000061035156,305.82501220703125,305.5199890136719,305.5400085449219,44166
2026-03-02 20:47:00+00:00,305.67999267578125,305.82000732421875,305.6099853515625,305.6199951171875,31971
2026-03-02 20:48:00+00:00,305.63629150390625,305.80999755859375,305.5899963378906,305.75,39453
2026-03-02 20:49:00+00:00,305.6199951171875,305.70001220703125,305.5199890136719,305.57000732421875,16192
2026-03-02 20:50:00+00:00,305.95001220703125,306.1700134277344,305.510009765625,305.54998779296875,90386
2026-03-02 20:51:00+00:00,306.0400085449219,306.1000061035156,305.70001220703125,305.9800109863281,31922
2026-03-02 20:52:00+00:00,305.989990234375,306.1767883300781,305.92999267578125,306.1000061035156,33100
2026-03-02 20:53:00+00:00,306.0400085449219,306.29998779296875,305.8450012207031,306.0299987792969,68847
2026-03-02 20:54:00+00:00,306.44000244140625,306.54998779296875,306.0199890136719,306.0299987792969,85116
2026-03-02 20:55:00+00:00,306.5400085449219,306.7699890136719,306.3500061035156,306.489990234375,178530
2026-03-02 20:56:00+00:00,306.6300048828125,306.6499938964844,306.44000244140625,306.55999755859375,102248
2026-03-02 20:57:00+00:00,306.80999755859375,306.8900146484375,306.54998779296875,306.614990234375,242479
2026-03-02 20:58:00+00:00,306.5509948730469,306.8399963378906,306.5199890136719,306.81500244140625,204531
2026-03-02 20:59:00+00:00,306.1499938964844,306.6099853515625,306.1099853515625,306.54998779296875,619880
2026-03-03 14:30:00+00:00,297.7699890136719,298.3900146484375,296.69940185546875,298.1919860839844,1874455
2026-03-03 14:31:00+00:00,299.114990234375,299.5398864746094,297.6099853515625,297.6300048828125,173842
2026-03-03 14:32:00+00:00,298.94000244140625,299.80999755859375,298.7550048828125,299.0799865722656,149270
2026-03-03 14:33:00+00:00,299.04998779296875,299.42999267578125,298.3800048828125,299.0,102253
2026-03-03 14:34:00+00:00,298.5,299.0799865722656,298.3800048828125,299.05499267578125,76376
2026-03-03 14:35:00+00:00,299.4200134277344,299.5299987792969,297.9700012207031,298.4800109863281,135224
2026-03-03 14:36:00+00:00,299.9700012207031,300.2200012207031,298.7958984375,299.3999938964844,119166
2026-03-03 14:37:00+00:00,300.8399963378906,300.8399963378906,299.82000732421875,300.0299987792969,164979
2026-03-03 14:38:00+00:00,301.44500732421875,301.56500244140625,300.760009765625,300.94000244140625,105945
2026-03-03 14:39:00+00:00,300.8900146484375,301.6300048828125,300.8699951171875,301.510009765625,131113
2026-03-03 14:40:00+00:00,300.95001220703125,301.0799865722656,300.19000244140625,300.70001220703125,76583
2026-03-03 14:41:00+00:00,300.8399963378906,301.0,300.29998779296875,300.82000732421875,75056
2026-03-03 14:42:00+00:00,300.7200012207031,300.94989013671875,300.5039978027344,300.89990234375,43119
2026-03-03 14:43:00+00:00,300.6400146484375,300.9700012207031,300.4834899902344,300.6167907714844,34363
2026-03-03 14:44:00+00:00,300.25,300.95001220703125,300.0801086425781,300.70001220703125,79067
2026-03-03 14:45:00+00:00,300.965087890625,301.125,299.9800109863281,300.2799987792969,76454
2026-03-03 14:46:00+00:00,300.9800109863281,301.29998779296875,300.5799865722656,300.93499755859375,71655
2026-03-03 14:47:00+00:00,300.281494140625,301.1600036621094,300.0299987792969,301.1000061035156,59492
2026-03-03 14:48:00+00:00,299.564697265625,300.29998779296875,299.3599853515625,300.25,65128
2026-03-03 14:49:00+00:00,299.01739501953125,299.6199951171875,298.9700012207031,299.6000061035156,53590
2026-03-03 14:50:00+00:00,299.2900085449219,299.3900146484375,298.70001220703125,298.9599914550781,111839
2026-03-03 14:51:00+00:00,299.5299987792969,300.1400146484375,299.2300109863281,299.2300109863281,82474
2026-03-03 14:52:00+00:00,299.1650085449219,299.6600036621094,298.9100036621094,299.56500244140625,65178
2026-03-03 14:53:00+00:00,299.1199951171875,299.29998779296875,298.82000732421875,299.1400146484375,75338
2026-03-03 14:54:00+00:00,299.7049865722656,299.7099914550781,298.7900085449219,299.1199951171875,96844
2026-03-03 14:55:00+00:00,300.1000061035156,300.1000061035156,299.3599853515625,299.8699951171875,70685
2026-03-03 14:56:00+00:00,299.79998779296875,300.1400146484375,299.6549987792969,300.1199951171875,31331
2026-03-03 14:57:00+00:00,299.82000732421875,299.8800048828125,299.5249938964844,299.80999755859375,32324
2026-03-03 14:58:00+00:00,299.3699951171875,300.0400085449219,299.2401123046875,299.7463073730469,46495
2026-03-03 14:59:00+00:00,299.2349853515625,299.3699951171875,298.8900146484375,299.3299865722656,50523
2026-03-03 15:00:00+00:00,299.8450012207031,300.3900146484375,299.1099853515625,299.239990234375,83490
2026-03-03 15:01:00+00:00,299.5950012207031,300.3599853515625,299.42010498046875,299.8399963378906,51091
2026-03-03 15:02:00+00:00,299.3399963378906,299.9599914550781,299.2900085449219,299.6000061035156,47020
2026-03-03 15:03:00+00:00,299.57000732421875,299.7300109863281,299.260009765625,299.385009765625,82627
2026-03-03 15:04:00+00:00,299.57000732421875,299.739990234375,299.260009765625,299.6199951171875,72165
2026-03-03 15:05:00+00:00,299.6099853515625,299.739990234375,299.0899963378906,299.6199951171875,41295
2026-03-03 15:06:00+00:00,300.010009765625,300.340087890625,299.4549865722656,299.5600891113281,92900
2026-03-03 15:07:00+00:00,299.4700012207031,300.1000061035156,299.45001220703125,300.0,74768
2026-03-03 15:08:00+00:00,299.239990234375,299.67999267578125,299.2349853515625,299.4700012207031,42147
2026-03-03 15:09:00+00:00,300.1600036621094,300.44000244140625,299.19000244140625,299.2550048828125,63816
2026-03-03 15:10:00+00:00,299.81829833984375,300.17999267578125,299.2699890136719,300.06500244140625,54090
2026-03-03 15:11:00+00:00,299.8100891113281,300.1499938964844,299.5799865722656,299.8550109863281,48786
2026-03-03 15:12:00+00:00,299.989990234375,300.4700012207031,299.80999755859375,299.80999755859375,45849
2026-03-03 15:13:00+00:00,299.3900146484375,300.0299987792969,299.2200012207031,299.9599914550781,45955
2026-03-03 15:14:00+00:00,299.239990234375,299.6000061035156,299.1000061035156,299.3949890136719,31181
2026-03-03 15:15:00+00:00,299.260009765625,299.5199890136719,299.239990234375,299.29998779296875,32402
2026-03-03 15:16:00+00:00,298.81500244140625,299.17999267578125,298.6910095214844,299.17999267578125,59349
2026-03-03 15:17:00+00:00,298.3900146484375,299.0,298.33740234375,298.80999755859375,43997
2026-03-03 15:18:00+00:00,298.2699890136719,298.3800048828125,298.18450927734375,298.3500061035156,50605
2026-03-03 15:19:00+00:00,298.5950012207031,298.6700134277344,298.2300109863281,298.2650146484375,54513
2026-03-03 15:20:00+00:00,298.3450012207031,298.8479919433594,298.3450012207031,298.55999755859375,39355
2026-03-03 15:21:00+00:00,298.17999267578125,298.42999267578125,298.1300048828125,298.42999267578125,37850
2026-03-03 15:22:00+00:00,298.20001220703125,298.4599914550781,298.1600036621094,298.2101135253906,63741
2026-03-03 15:23:00+00:00,298.41009521484375,298.510009765625,298.0199890136719,298.1549987792969,50872
2026-03-03 15:24:00+00:00,298.1499938964844,298.45001220703125,298.05999755859375,298.3800048828125,38746
2026-03-03 15:25:00+00:00,297.6300048828125,298.0400085449219,297.55999755859375,298.010009765625,121461
2026-03-03 15:26:00+00:00,297.5400085449219,297.965087890625,297.45001220703125,297.7099914550781,91174
2026-03-03 15:27:00+00:00,297.5,297.739990234375,297.260009765625,297.5450134277344,74486
2026-03-03 15:28:00+00:00,297.2250061035156,297.6000061035156,297.1400146484375,297.5,46117
2026-03-03 15:29:00+00:00,297.3500061035156,297.5299987792969,297.1099853515625,297.1700134277344,47619
2026-03-03 15:30:00+00:00,297.7349853515625,297.94989013671875,297.3599853515625,297.3599853515625,82566
2026-03-03 15:31:00+00:00,298.30999755859375,298.3599853515625,297.7250061035156,297.7250061035156,67560
2026-03-03 15:32:00+00:00,298.2174987792969,298.3999938964844,297.8500061035156,298.2300109863281,42555
2026-03-03 15:33:00+00:00,298.0799865722656,298.2749938964844,297.8800048828125,298.2749938964844,45958
2026-03-03 15:34:00+00:00,297.79998779296875,298.3299865722656,297.677490234375,298.0299987792969,43251
2026-03-03 15:35:00+00:00,297.8800048828125,298.0899963378906,297.7099914550781,297.8299865722656,69760
2026-03-03 15:36:00+00:00,298.739990234375,298.7677917480469,297.6499938964844,297.8500061035156,47138
2026-03-03 15:37:00+00:00,298.3800048828125,299.0,298.3800048828125,298.7449951171875,38869
2026-03-03 15:38:00+00:00,297.7950134277344,298.32000732421875,297.7650146484375,298.29998779296875,34858
2026-03-03 15:39:00+00:00,297.4599914550781,298.0,297.4317932128906,297.79998779296875,51494
2026-03-03 15:40:00+00:00,297.6700134277344,297.8399963378906,297.30999755859375,297.4599914550781,39828
2026-03-03 15:41:00+00:00,297.8699951171875,298.1499938964844,297.5000915527344,297.66949462890625,63129
2026-03-03 15:42:00+00:00,297.989990234375,298.260009765625,297.760009765625,297.82000732421875,38774
2026-03-03 15:43:00+00:00,297.3599853515625,298.0,297.32000732421875,298.0,30218
2026-03-03 15:44:00+00:00,297.3699951171875,297.5249938964844,297.18499755859375,297.3699951171875,40624
2026-03-03 15:45:00+00:00,297.42999267578125,297.69000244140625,297.25,297.3599853515625,40000
2026-03-03 15:46:00+00:00,297.7099914550781,298.0799865722656,297.3550109863281,297.3550109863281,42388
2026-03-03 15:47:00+00:00,298.0400085449219,298.1449890136719,297.57000732421875,297.739990234375,74395
2026-03-03 15:48:00+00:00,297.9849853515625,298.1700134277344,297.75,298.1300048828125,29391
2026-03-03 15:49:00+00:00,298.09991455078125,298.09991455078125,297.6199951171875,297.9599914550781,41265
2026-03-03 15:50:00+00:00,297.7200012207031,297.885009765625,297.5199890136719,297.885009765625,24146
2026-03-03 15:51:00+00:00,298.0199890136719,298.0400085449219,297.70001220703125,297.75,23472
2026-03-03 15:52:00+00:00,297.9599914550781,298.5299987792969,297.9599914550781,297.989990234375,38373
2026-03-03 15:53:00+00:00,297.4200134277344,298.04998779296875,297.30999755859375,297.9599914550781,41355
2026-03-03 15:54:00+00:00,297.3999938964844,297.6300048828125,297.2699890136719,297.3699951171875,39937
2026-03-03 15:55:00+00:00,297.4674987792969,297.625,297.3974914550781,297.3974914550781,33752
2026-03-03 15:56:00+00:00,297.989990234375,298.25,297.5299987792969,297.5299987792969,32384
2026-03-03 15:57:00+00:00,298.2250061035156,298.2250061035156,297.7099914550781,297.9800109863281,26126
2026-03-03 15:58:00+00:00,298.840087890625,298.8699951171875,298.2900085449219,298.2900085449219,52472
2026-03-03 15:59:00+00:00,298.7699890136719,298.9100036621094,298.5899963378906,298.67999267578125,33397
2026-03-03 16:00:00+00:00,298.45001220703125,298.9200134277344,298.3800048828125,298.7699890136719,35666
2026-03-03 16:01:00+00:00,298.6600036621094,298.79998779296875,298.4599914550781,298.489990234375,25732
2026-03-03 16:02:00+00:00,298.8699951171875,299.04998779296875,298.6600036621094,298.70001220703125,30271
2026-03-03 16:03:00+00:00,299.3900146484375,299.42999267578125,298.8500061035156,298.864990234375,52958
2026-03-03 16:04:00+00:00,299.7799987792969,299.92999267578125,299.2900085449219,299.3699951171875,79395
2026-03-03 16:05:00+00:00,300.239990234375,300.239990234375,299.760009765625,299.760009765625,73792
2026-03-03 16:06:00+00:00,300.04998779296875,300.45001220703125,299.9100036621094,300.25,52709
2026-03-03 16:07:00+00:00,300.0799865722656,300.239990234375,299.94000244140625,300.1099853515625,44957
2026-03-03 16:08:00+00:00,300.260009765625,300.3500061035156,299.8102111816406,300.0400085449219,46815
2026-03-03 16:09:00+00:00,300.0,300.29998779296875,299.9800109863281,300.17999267578125,32299
2026-03-03 16:10:00+00:00,300.0899963378906,300.32080078125,299.9100036621094,299.9949951171875,17832
2026-03-03 16:11:00+00:00,299.9200134277344,300.1099853515625,299.7349853515625,300.0799865722656,18999
2026-03-03 16:12:00+00:00,300.10009765625,300.19000244140625,299.8999938964844,299.94000244140625,27845
2026-03-03 16:13:00+00:00,300.55999755859375,300.55999755859375,300.0899963378906,300.1300048828125,39342
2026-03-03 16:14:00+00:00,300.57000732421875,300.6300048828125,300.2799987792969,300.57000732421875,30823
2026-03-03 16:15:00+00:00,300.8999938964844,300.8999938964844,300.5199890136719,300.5199890136719,34366
2026-03-03 16:16:00+00:00,300.6549987792969,300.8999938964844,300.6099853515625,300.8699951171875,26729
2026-03-03 16:17:00+00:00,300.81048583984375,300.92498779296875,300.6199951171875,300.70001220703125,28463
2026-03-03 16:18:00+00:00,301.1549987792969,301.20001220703125,300.7699890136719,300.81500244140625,36955
2026-03-03 16:19:00+00:00,301.1521911621094,301.17999267578125,300.92999267578125,301.1600036621094,37369
2026-03-03 16:20:00+00:00,301.1300048828125,301.2799987792969,300.8800048828125,301.2200012207031,33289
2026-03-03 16:21:00+00:00,300.94720458984375,301.1499938964844,300.7449951171875,301.1300048828125,29286
2026-03-03 16:22:00+00:00,300.8699951171875,301.1499938964844,300.760009765625,300.95001220703125,37369
2026-03-03 16:23:00+00:00,301.20001220703125,301.20001220703125,300.7749938964844,300.7749938964844,31744
2026-03-03 16:24:00+00:00,301.2200012207031,301.2900085449219,300.95001220703125,301.20001220703125,41574
2026-03-03 16:25:00+00:00,301.44000244140625,301.4700012207031,301.1099853515625,301.29998779296875,26885
2026-03-03 16:26:00+00:00,301.17999267578125,301.43499755859375,301.05999755859375,301.43499755859375,25008
2026-03-03 16:27:00+00:00,301.24139404296875,301.5199890136719,301.1400146484375,301.239990234375,30089
2026-03-03 16:28:00+00:00,301.25,301.3550109863281,301.09149169921875,301.31988525390625,19711
2026-03-03 16:29:00+00:00,301.07501220703125,301.2900085449219,300.9800109863281,301.239990234375,31179
2026-03-03 16:30:00+00:00,300.8299865722656,301.06500244140625,300.7099914550781,301.04998779296875,69919
2026-03-03 16:31:00+00:00,300.69000244140625,300.8550109863281,300.4700012207031,300.8114013671875,33208
2026-03-03 16:32:00+00:00,300.489990234375,300.69500732421875,300.3599853515625,300.69500732421875,29384
2026-03-03 16:33:00+00:00,300.1700134277344,300.6000061035156,300.0400085449219,300.5,21380
2026-03-03 16:34:00+00:00,300.6145935058594,300.6799011230469,300.19000244140625,300.19000244140625,15702
2026-03-03 16:35:00+00:00,300.92999267578125,301.1499938964844,300.5899963378906,300.5924987792969,46096
2026-03-03 16:36:00+00:00,301.1600036621094,301.4700012207031,300.9200134277344,300.92999267578125,49073
2026-03-03 16:37:00+00:00,301.54998779296875,301.6300048828125,301.19000244140625,301.19000244140625,45649
2026-03-03 16:38:00+00:00,300.95001220703125,301.510009765625,300.9100036621094,301.510009765625,25608
2026-03-03 16:39:00+00:00,301.2950134277344,301.2950134277344,300.9599914550781,301.0199890136719,19624
2026-03-03 16:40:00+00:00,301.2699890136719,301.29998779296875,301.00048828125,301.2699890136719,16748
2026-03-03 16:41:00+00:00,301.1600036621094,301.5400085449219,301.1600036621094,301.2799987792969,23475
2026-03-03 16:42:00+00:00,301.0199890136719,301.19000244140625,300.7900085449219,301.1700134277344,32813
2026-03-03 16:43:00+00:00,301.4100036621094,301.4800109863281,300.627685546875,301.0299987792969,42421
2026-03-03 16:44:00+00:00,301.4800109863281,301.57000732421875,301.20001220703125,301.510009765625,29439
2026-03-03 16:45:00+00:00,301.69500732421875,301.7850036621094,301.4200134277344,301.44000244140625,25528
2026-03-03 16:46:00+00:00,302.1300048828125,302.1759948730469,301.70001220703125,301.7300109863281,47149
2026-03-03 16:47:00+00:00,301.75,302.1400146484375,301.7300109863281,302.1400146484375,43465
2026-03-03 16:48:00+00:00,301.7049865722656,301.7799987792969,301.3599853515625,301.7799987792969,31188
2026-03-03 16:49:00+00:00,301.3399963378906,301.69000244140625,301.1099853515625,301.69000244140625,21910
2026-03-03 16:50:00+00:00,301.1400146484375,301.3550109863281,300.92010498046875,301.3550109863281,29995
2026-03-03 16:51:00+00:00,301.07000732421875,301.29998779296875,301.0299987792969,301.1499938964844,55288
2026-03-03 16:52:00+00:00,301.2510070800781,301.3999938964844,301.0227966308594,301.0712890625,19370
2026-03-03 16:53:00+00:00,301.32000732421875,301.32550048828125,301.19500732421875,301.28509521484375,20006
2026-03-03 16:54:00+00:00,301.4700012207031,301.4700012207031,301.04998779296875,301.2900085449219,28802
2026-03-03 16:55:00+00:00,301.6600036621094,301.6600036621094,301.4200134277344,301.510009765625,16897
2026-03-03 16:56:00+00:00,301.7449951171875,301.7799987792969,301.4599914550781,301.7300109863281,20724
2026-03-03 16:57:00+00:00,301.3949890136719,301.71990966796875,301.30999755859375,301.71990966796875,19862
2026-03-03 16:58:00+00:00,301.19000244140625,301.54840087890625,301.1700134277344,301.4100036621094,25694
2026-03-03 16:59:00+00:00,300.9599914550781,301.25,300.92999267578125,301.1700134277344,24827
2026-03-03 17:00:00+00:00,301.05499267578125,301.260009765625,300.8699951171875,300.94000244140625,31499
2026-03-03 17:01:00+00:00,301.0299987792969,301.1400146484375,300.80999755859375,301.1099853515625,23185
2026-03-03 17:02:00+00:00,301.1400146484375,301.1549987792969,300.8500061035156,300.9599914550781,16155
2026-03-03 17:03:00+00:00,301.07000732421875,301.29998779296875,300.9800109863281,301.19989013671875,13253
2026-03-03 17:04:00+00:00,301.5101013183594,301.5450134277344,301.1400146484375,301.1400146484375,39854
2026-03-03 17:05:00+00:00,301.4100036621094,301.6000061035156,301.2799987792969,301.57000732421875,32429
2026-03-03 17:06:00+00:00,301.7300109863281,301.760009765625,301.4200134277344,301.4200134277344,14560
2026-03-03 17:07:00+00:00,301.28009033203125,301.75,301.260009765625,301.75,13032
2026-03-03 17:08:00+00:00,301.0,301.364990234375,301.0,301.3399963378906,21410
2026-03-03 17:09:00+00:00,300.8500061035156,301.08990478515625,300.7799987792969,301.08990478515625,21389
2026-03-03 17:10:00+00:00,300.69000244140625,300.989990234375,300.69000244140625,300.9100036621094,14451
2026-03-03 17:11:00+00:00,300.82000732421875,300.8599853515625,300.6400146484375,300.6499938964844,12302
2026-03-03 17:12:00+00:00,300.8699951171875,301.05999755859375,300.6300048828125,300.8500061035156,17432
2026-03-03 17:13:00+00:00,300.8399963378906,300.9700012207031,300.7950134277344,300.92498779296875,15141
2026-03-03 17:14:00+00:00,301.0008850097656,301.0249938964844,300.8399963378906,300.8599853515625,16904
2026-03-03 17:15:00+00:00,301.0249938964844,301.0249938964844,300.79998779296875,300.8949890136719,9283
2026-03-03 17:16:00+00:00,300.79998779296875,301.1575012207031,300.79998779296875,301.0201110839844,13667
2026-03-03 17:17:00+00:00,301.0989990234375,301.0989990234375,300.8900146484375,300.8999938964844,9636
2026-03-03 17:18:00+00:00,301.2099914550781,301.4100036621094,301.0400085449219,301.0400085449219,24461
2026-03-03 17:19:00+00:00,301.1300048828125,301.32000732421875,301.0899963378906,301.2200012207031,15324
2026-03-03 17:20:00+00:00,300.8924865722656,301.2099914550781,300.8299865722656,301.19000244140625,17789
2026-03-03 17:21:00+00:00,301.0559997558594,301.1400146484375,300.8505859375,300.8999938964844,10812
2026-03-03 17:22:00+00:00,301.2300109863281,301.29998779296875,301.0299987792969,301.0799865722656,11811
2026-03-03 17:23:00+00:00,301.2900085449219,301.510009765625,301.25,301.2699890136719,11511
2026-03-03 17:24:00+00:00,301.31719970703125,301.31719970703125,301.239990234375,301.277099609375,7893
2026-03-03 17:25:00+00:00,301.3500061035156,301.4649963378906,301.2699890136719,301.3299865722656,15355
2026-03-03 17:26:00+00:00,301.2200012207031,301.3349914550781,300.989990234375,301.3349914550781,19580
2026-03-03 17:27:00+00:00,301.260009765625,301.375,301.1099853515625,301.20001220703125,9385
2026-03-03 17:28:00+00:00,301.3900146484375,301.489990234375,301.2300109863281,301.25,15806
2026-03-03 17:29:00+00:00,301.4750061035156,301.489990234375,301.3800048828125,301.4100036621094,12807
2026-03-03 17:30:00+00:00,301.17999267578125,301.4599914550781,301.1000061035156,301.45001220703125,18743
2026-03-03 17:31:00+00:00,300.989990234375,301.2799987792969,300.989990234375,301.1400146484375,39823
2026-03-03 17:32:00+00:00,300.95001220703125,301.1000061035156,300.8599853515625,300.9599914550781,21410
2026-03-03 17:33:00+00:00,300.7349853515625,301.0400085449219,300.7349853515625,300.9599914550781,19475
2026-03-03 17:34:00+00:00,300.4949951171875,300.67999267578125,300.4100036621094,300.6700134277344,30217
2026-03-03 17:35:00+00:00,300.6000061035156,300.6300048828125,300.44000244140625,300.510009765625,21465
2026-03-03 17:36:00+00:00,300.69000244140625,300.79998779296875,300.4700012207031,300.6000061035156,20665
2026-03-03 17:37:00+00:00,300.79998779296875,300.8900146484375,300.44000244140625,300.7099914550781,34968
2026-03-03 17:38:00+00:00,300.731689453125,301.1099853515625,300.67498779296875,300.7799987792969,23984
2026-03-03 17:39:00+00:00,300.7499084472656,300.79998779296875,300.7099914550781,300.739990234375,18939
2026-03-03 17:40:00+00:00,300.92999267578125,300.92999267578125,300.6700134277344,300.7799987792969,8253
2026-03-03 17:41:00+00:00,300.7099914550781,300.94000244140625,300.6600036621094,300.94000244140625,11210
2026-03-03 17:42:00+00:00,300.8999938964844,300.9200134277344,300.7149963378906,300.7149963378906,17759
2026-03-03 17:43:00+00:00,301.18499755859375,301.2799072265625,300.9200134277344,300.9200134277344,26838
2026-03-03 17:44:00+00:00,301.19000244140625,301.260009765625,301.1000061035156,301.1600036621094,16546
2026-03-03 17:45:00+00:00,301.0476989746094,301.2699890136719,301.0299987792969,301.2099914550781,23158
2026-03-03 17:46:00+00:00,300.9198913574219,301.1099853515625,300.8900146484375,301.1000061035156,16247
2026-03-03 17:47:00+00:00,300.989990234375,301.1000061035156,300.8999938964844,300.92999267578125,12675
2026-03-03 17:48:00+00:00,301.1300048828125,301.1300048828125,300.989990234375,300.989990234375,8925
2026-03-03 17:49:00+00:00,301.25,301.27099609375,301.1099853515625,301.1099853515625,29782
2026-03-03 17:50:00+00:00,301.135009765625,301.3399963378906,301.0299987792969,301.2200012207031,37129
2026-03-03 17:51:00+00:00,301.260009765625,301.260009765625,301.0799865722656,301.114990234375,25330
2026-03-03 17:52:00+00:00,301.2099914550781,301.3299865722656,301.1000061035156,301.260009765625,24303
2026-03-03 17:53:00+00:00,300.8399963378906,301.2200012207031,300.75,301.2200012207031,33868
2026-03-03 17:54:00+00:00,300.6499938964844,300.8800048828125,300.5799865722656,300.8599853515625,18948
2026-03-03 17:55:00+00:00,300.82000732421875,300.82000732421875,300.54998779296875,300.6300048828125,16054
2026-03-03 17:56:00+00:00,300.69000244140625,300.8699951171875,300.69000244140625,300.80999755859375,26586
2026-03-03 17:57:00+00:00,300.7200012207031,300.7699890136719,300.5899963378906,300.7200927734375,27240
2026-03-03 17:58:00+00:00,300.54998779296875,300.7349853515625,300.54998779296875,300.7099914550781,16586
2026-03-03 17:59:00+00:00,300.4599914550781,300.67999267578125,300.43499755859375,300.5199890136719,21777
2026-03-03 18:00:00+00:00,300.739990234375,300.739990234375,300.4700927734375,300.4700927734375,49390
2026-03-03 18:01:00+00:00,300.95001220703125,301.0,300.739990234375,300.75,21478
2026-03-03 18:02:00+00:00,301.05999755859375,301.05999755859375,300.8800048828125,300.94000244140625,32628
2026-03-03 18:03:00+00:00,300.8139953613281,301.0299987792969,300.8139953613281,300.9800109863281,28112
2026-03-03 18:04:00+00:00,300.8699951171875,300.8999938964844,300.75,300.82000732421875,9848
2026-03-03 18:05:00+00:00,300.80999755859375,300.94000244140625,300.739990234375,300.94000244140625,23893
2026-03-03 18:06:00+00:00,300.92999267578125,301.1099853515625,300.8500061035156,300.8500061035156,19132
2026-03-03 18:07:00+00:00,300.9200134277344,300.94000244140625,300.739990234375,300.9200134277344,10588
2026-03-03 18:08:00+00:00,301.0,301.06549072265625,300.9200134277344,300.95001220703125,9523
2026-03-03 18:09:00+00:00,300.9700012207031,300.9700927734375,300.8399963378906,300.9700012207031,23526
2026-03-03 18:10:00+00:00,300.70001220703125,300.94000244140625,300.5799865722656,300.94000244140625,15506
2026-03-03 18:11:00+00:00,300.54998779296875,300.82000732421875,300.42999267578125,300.7799987792969,19055
2026-03-03 18:12:00+00:00,300.5400085449219,300.7088928222656,300.5299987792969,300.5899963378906,15424
2026-03-03 18:13:00+00:00,300.2699890136719,300.5350036621094,300.2699890136719,300.489990234375,24935
2026-03-03 18:14:00+00:00,300.5199890136719,300.5400085449219,300.2300109863281,300.2850036621094,35473
2026-03-03 18:15:00+00:00,300.57000732421875,300.69000244140625,300.4800109863281,300.54010009765625,21288
2026-03-03 18:16:00+00:00,300.55999755859375,300.7099914550781,300.510009765625,300.6000061035156,25613
2026-03-03 18:17:00+00:00,300.57000732421875,300.67999267578125,300.42999267578125,300.5400085449219,14309
2026-03-03 18:18:00+00:00,300.57000732421875,300.6388854980469,300.47869873046875,300.5849914550781,15628
2026-03-03 18:19:00+00:00,300.8699951171875,300.8699951171875,300.54998779296875,300.6199951171875,11990
2026-03-03 18:20:00+00:00,301.1199951171875,301.2900085449219,300.82000732421875,300.8399963378906,24766
2026-03-03 18:21:00+00:00,301.04998779296875,301.20001220703125,301.0400085449219,301.1099853515625,12217
2026-03-03 18:22:00+00:00,301.3299865722656,301.44000244140625,301.03009033203125,301.03009033203125,29126
2026-03-03 18:23:00+00:00,301.42999267578125,301.4700012207031,301.2300109863281,301.3500061035156,18397
2026-03-03 18:24:00+00:00,301.5,301.5,301.3599853515625,301.43499755859375,13286
2026-03-03 18:25:00+00:00,301.2300109863281,301.47869873046875,301.19000244140625,301.47869873046875,31163
2026-03-03 18:26:00+00:00,301.3999938964844,301.4200134277344,301.2001037597656,301.2001037597656,8823
2026-03-03 18:27:00+00:00,301.2699890136719,301.4700012207031,301.2300109863281,301.4200134277344,13052
2026-03-03 18:28:00+00:00,301.1600036621094,301.32000732421875,301.1400146484375,301.260009765625,35683
2026-03-03 18:29:00+00:00,300.875,301.1499938964844,300.69000244140625,301.1499938964844,41056
2026-03-03 18:30:00+00:00,300.92498779296875,301.07000732421875,300.7799987792969,300.8299865722656,119212
2026-03-03 18:31:00+00:00,301.0050048828125,301.04998779296875,300.8699951171875,300.95001220703125,33545
2026-03-03 18:32:00+00:00,301.1300048828125,301.1600036621094,300.8699951171875,300.989990234375,45761
2026-03-03 18:33:00+00:00,301.55999755859375,301.56500244140625,301.18011474609375,301.2349853515625,44410
2026-03-03 18:34:00+00:00,301.7900085449219,301.8301086425781,301.54998779296875,301.55999755859375,25867
2026-03-03 18:35:00+00:00,301.8800048828125,302.2300109863281,301.5899963378906,301.7699890136719,40277
2026-03-03 18:36:00+00:00,302.30999755859375,302.30999755859375,301.7200012207031,301.9100036621094,49186
2026-03-03 18:37:00+00:00,302.42999267578125,302.5299987792969,302.2349853515625,302.42999267578125,26333
2026-03-03 18:38:00+00:00,302.57000732421875,302.67999267578125,302.3507995605469,302.42999267578125,20833
2026-03-03 18:39:00+00:00,302.6199951171875,302.7550048828125,302.5000915527344,302.57000732421875,27862
2026-03-03 18:40:00+00:00,302.7300109863281,302.7749938964844,302.5,302.6400146484375,17848
2026-03-03 18:41:00+00:00,302.7200012207031,303.0400085449219,302.69000244140625,302.7099914550781,41082
2026-03-03 18:42:00+00:00,302.6099853515625,302.7799987792969,302.57000732421875,302.75,27793
2026-03-03 18:43:00+00:00,302.54998779296875,302.6400146484375,302.3299865722656,302.57501220703125,37842
2026-03-03 18:44:00+00:00,302.2699890136719,302.489990234375,302.20001220703125,302.489990234375,22518
2026-03-03 18:45:00+00:00,301.8900146484375,302.2900085449219,301.8900146484375,302.2900085449219,46426
2026-03-03 18:46:00+00:00,301.9800109863281,302.0249938964844,301.9100036621094,301.9100036621094,14872
2026-03-03 18:47:00+00:00,302.0144958496094,302.0799865722656,301.80999755859375,302.0299987792969,18066
2026-03-03 18:48:00+00:00,301.989990234375,302.0450134277344,301.8900146484375,302.0450134277344,10995
2026-03-03 18:49:00+00:00,302.29998779296875,302.3800048828125,302.05999755859375,302.05999755859375,36003
2026-03-03 18:50:00+00:00,302.4800109863281,302.489990234375,302.2099914550781,302.29998779296875,21968
2026-03-03 18:51:00+00:00,302.5400085449219,302.6300048828125,302.45001220703125,302.5299987792969,14412
2026-03-03 18:52:00+00:00,302.510009765625,302.5799865722656,302.3900146484375,302.5299987792969,18389
2026-03-03 18:53:00+00:00,302.3500061035156,302.57000732421875,302.3399963378906,302.54998779296875,19081
2026-03-03 18:54:00+00:00,302.3399963378906,302.49169921875,302.32000732421875,302.32000732421875,13683
2026-03-03 18:55:00+00:00,302.159912109375,302.25,302.07000732421875,302.25,11106
2026-03-03 18:56:00+00:00,302.45001220703125,302.5,302.0899963378906,302.0899963378906,23549
2026-03-03 18:57:00+00:00,302.4599914550781,302.54998779296875,302.42999267578125,302.4505920410156,30744
2026-03-03 18:58:00+00:00,302.45001220703125,302.55999755859375,302.4200134277344,302.4800109863281,15906
2026-03-03 18:59:00+00:00,302.4599914550781,302.5199890136719,302.3800048828125,302.4700012207031,13698
2026-03-03 19:00:00+00:00,302.3399963378906,302.5400085449219,302.3399963378906,302.5,14554
2026-03-03 19:01:00+00:00,302.385009765625,302.4800109863281,302.25,302.2699890136719,21935
2026-03-03 19:02:00+00:00,302.2250061035156,302.3599853515625,302.2099914550781,302.3399963378906,21263
2026-03-03 19:03:00+00:00,302.4819030761719,302.6099853515625,302.2001037597656,302.2001037597656,15481
2026-03-03 19:04:00+00:00,302.5159912109375,302.67999267578125,302.4750061035156,302.54998779296875,11039
2026-03-03 19:05:00+00:00,302.44000244140625,302.6000061035156,302.44000244140625,302.5299987792969,12374
2026-03-03 19:06:00+00:00,302.4100036621094,302.44000244140625,302.30999755859375,302.3900146484375,15382
2026-03-03 19:07:00+00:00,302.3399963378906,302.4100036621094,302.19000244140625,302.3800048828125,27040
2026-03-03 19:08:00+00:00,302.20001220703125,302.42498779296875,302.20001220703125,302.3800048828125,20989
2026-03-03 19:09:00+00:00,301.79998779296875,302.2099914550781,301.79998779296875,302.2099914550781,31308
2026-03-03 19:10:00+00:00,301.6300048828125,301.8699951171875,301.5,301.80999755859375,35998
2026-03-03 19:11:00+00:00,301.7998962402344,301.7998962402344,301.3999938964844,301.6000061035156,32999
2026-03-03 19:12:00+00:00,301.739990234375,301.7699890136719,301.5899963378906,301.75,23455
2026-03-03 19:13:00+00:00,301.6700134277344,301.70001220703125,301.5299987792969,301.614990234375,19088
2026-03-03 19:14:00+00:00,301.75,301.79998779296875,301.6200866699219,301.6400146484375,15711
2026-03-03 19:15:00+00:00,302.2099914550781,302.2099914550781,301.739990234375,301.79998779296875,11396
2026-03-03 19:16:00+00:00,301.835205078125,302.17999267578125,301.8299865722656,302.17999267578125,11740
2026-03-03 19:17:00+00:00,301.82000732421875,301.92999267578125,301.82000732421875,301.8599853515625,9461
2026-03-03 19:18:00+00:00,301.82000732421875,301.9700012207031,301.82000732421875,301.8699951171875,8903
2026-03-03 19:19:00+00:00,301.9599914550781,301.9599914550781,301.79998779296875,301.8299865722656,10747
2026-03-03 19:20:00+00:00,302.1549987792969,302.2699890136719,302.05999755859375,302.05999755859375,24266
2026-03-03 19:21:00+00:00,302.07000732421875,302.1600036621094,302.04998779296875,302.05999755859375,6701
2026-03-03 19:22:00+00:00,302.1300048828125,302.19500732421875,301.94000244140625,302.1600036621094,16136
2026-03-03 19:23:00+00:00,301.9800109863281,302.1000061035156,301.897705078125,302.1000061035156,23875
2026-03-03 19:24:00+00:00,301.7799987792969,302.1000061035156,301.760009765625,302.0,16806
2026-03-03 19:25:00+00:00,301.6700134277344,301.7850036621094,301.5199890136719,301.7799987792969,33915
2026-03-03 19:26:00+00:00,301.41009521484375,301.69000244140625,301.4100036621094,301.69000244140625,20314
2026-03-03 19:27:00+00:00,301.2300109863281,301.45001220703125,301.2300109863281,301.4100036621094,25614
2026-03-03 19:28:00+00:00,301.2200012207031,301.4200134277344,301.17999267578125,301.29998779296875,33001
2026-03-03 19:29:00+00:00,301.2099914550781,301.3699951171875,301.1600036621094,301.2200012207031,30537
2026-03-03 19:30:00+00:00,301.2099914550781,301.3299865722656,301.05999755859375,301.2099914550781,30428
2026-03-03 19:31:00+00:00,300.9599914550781,301.2300109863281,300.94500732421875,301.2099914550781,27017
2026-03-03 19:32:00+00:00,300.85089111328125,301.0150146484375,300.8500061035156,300.9599914550781,30208
2026-03-03 19:33:00+00:00,300.7699890136719,300.8810119628906,300.67999267578125,300.8599853515625,40925
2026-03-03 19:34:00+00:00,300.80999755859375,300.8399963378906,300.75,300.8399963378906,20357
2026-03-03 19:35:00+00:00,300.860107421875,300.9549865722656,300.7699890136719,300.7900085449219,70989
2026-03-03 19:36:00+00:00,300.95001220703125,301.1600036621094,300.8599853515625,300.8999938964844,17303
2026-03-03 19:37:00+00:00,302.1099853515625,302.1099853515625,300.95001220703125,301.0299987792969,78197
2026-03-03 19:38:00+00:00,301.9800109863281,302.17010498046875,301.8500061035156,302.0899963378906,51896
2026-03-03 19:39:00+00:00,301.8900146484375,302.07000732421875,301.80120849609375,301.94000244140625,17620
2026-03-03 19:40:00+00:00,302.1300048828125,302.19000244140625,301.94000244140625,301.9599914550781,20918
2026-03-03 19:41:00+00:00,302.3399963378906,302.3999938964844,302.03009033203125,302.1400146484375,21579
2026-03-03 19:42:00+00:00,302.489990234375,302.5199890136719,302.25,302.31500244140625,32645
2026-03-03 19:43:00+00:00,302.364990234375,302.6199951171875,302.19000244140625,302.510009765625,25437
2026-03-03 19:44:00+00:00,302.75,302.75,302.3900146484375,302.4049987792969,23449
2026-03-03 19:45:00+00:00,302.8800048828125,303.1099853515625,302.66009521484375,302.79998779296875,47082
2026-03-03 19:46:00+00:00,303.0400085449219,303.2300109863281,302.94500732421875,302.94500732421875,27201
2026-03-03 19:47:00+00:00,302.9100036621094,303.1199951171875,302.7099914550781,303.0,25544
2026-03-03 19:48:00+00:00,302.70001220703125,303.0400085449219,302.70001220703125,302.8900146484375,10932
2026-03-03 19:49:00+00:00,302.6099853515625,302.73980712890625,302.5801086425781,302.7099914550781,10368
2026-03-03 19:50:00+00:00,302.5799865722656,302.614990234375,302.4049987792969,302.5400085449219,25038
2026-03-03 19:51:00+00:00,302.3900146484375,302.6300048828125,302.3299865722656,302.6099853515625,13477
2026-03-03 19:52:00+00:00,302.3349914550781,302.4100036621094,302.2099914550781,302.3699951171875,28242
2026-03-03 19:53:00+00:00,302.0199890136719,302.3299865722656,302.0199890136719,302.3299865722656,22437
2026-03-03 19:54:00+00:00,302.44000244140625,302.4800109863281,301.92999267578125,301.92999267578125,45010
2026-03-03 19:55:00+00:00,302.3599853515625,302.4800109863281,302.2200012207031,302.4110107421875,32799
2026-03-03 19:56:00+00:00,302.2749938964844,302.3399963378906,302.1099853515625,302.239990234375,14358
2026-03-03 19:57:00+00:00,302.5199890136719,302.5899963378906,302.260009765625,302.2749938964844,21962
2026-03-03 19:58:00+00:00,302.4599914550781,302.5299987792969,302.4114990234375,302.5199890136719,13460
2026-03-03 19:59:00+00:00,302.45001220703125,302.57861328125,302.3699951171875,302.4700012207031,13007
2026-03-03 20:00:00+00:00,302.29998779296875,302.3900146484375,302.2699890136719,302.3299865722656,14533
2026-03-03 20:01:00+00:00,302.75,302.75,302.1499938964844,302.1499938964844,31883
2026-03-03 20:02:00+00:00,302.4303894042969,302.8299865722656,302.3450012207031,302.79998779296875,33830
2026-03-03 20:03:00+00:00,302.30999755859375,302.5199890136719,302.2900085449219,302.4599914550781,13439
2026-03-03 20:04:00+00:00,301.92999267578125,302.29998779296875,301.8399963378906,302.2500915527344,25891
2026-03-03 20:05:00+00:00,301.8800048828125,301.9599914550781,301.7200012207031,301.9599914550781,15897
2026-03-03 20:06:00+00:00,302.0899963378906,302.1050109863281,301.82000732421875,301.9200134277344,25008
2026-03-03 20:07:00+00:00,302.2200012207031,302.3299865722656,302.0299987792969,302.0299987792969,15381
2026-03-03 20:08:00+00:00,302.3999938964844,302.3999938964844,302.2398986816406,302.2398986816406,32350
2026-03-03 20:09:00+00:00,302.4700012207031,302.5,302.29998779296875,302.5,11854
2026-03-03 20:10:00+00:00,302.8599853515625,302.8599853515625,302.4299011230469,302.489990234375,13632
2026-03-03 20:11:00+00:00,302.9700012207031,303.05999755859375,302.739990234375,302.8500061035156,24257
2026-03-03 20:12:00+00:00,302.8599853515625,303.1199951171875,302.8599853515625,302.92999267578125,19792
2026-03-03 20:13:00+00:00,302.69000244140625,303.0899963378906,302.6499938964844,302.8999938964844,28480
2026-03-03 20:14:00+00:00,302.7799987792969,302.8399963378906,302.6400146484375,302.7099914550781,16580
2026-03-03 20:15:00+00:00,303.1199951171875,303.1549987792969,302.79998779296875,302.79998779296875,31884
2026-03-03 20:16:00+00:00,302.79998779296875,303.1499938964844,302.69000244140625,303.04998779296875,67582
2026-03-03 20:17:00+00:00,302.760009765625,302.8599853515625,302.6300048828125,302.7300109863281,25026
2026-03-03 20:18:00+00:00,302.8439025878906,302.8439025878906,302.5899963378906,302.67999267578125,15467
2026-03-03 20:19:00+00:00,302.7900085449219,302.8599853515625,302.760009765625,302.8599853515625,17560
2026-03-03 20:20:00+00:00,303.0249938964844,303.0400085449219,302.8500061035156,302.8999938964844,25388
2026-03-03 20:21:00+00:00,302.7699890136719,303.0350036621094,302.7699890136719,303.010009765625,22816
2026-03-03 20:22:00+00:00,302.8500061035156,302.92999267578125,302.6600036621094,302.81500244140625,18957
2026-03-03 20:23:00+00:00,302.8500061035156,302.94000244140625,302.79998779296875,302.8800048828125,18875
2026-03-03 20:24:00+00:00,302.6900939941406,302.8599853515625,302.54998779296875,302.7850036621094,17746
2026-03-03 20:25:00+00:00,302.6000061035156,302.6619873046875,302.489990234375,302.6499938964844,19757
2026-03-03 20:26:00+00:00,302.6700134277344,302.7149963378906,302.5,302.5799865722656,15458
2026-03-03 20:27:00+00:00,302.489990234375,302.6199951171875,302.45001220703125,302.614990234375,14477
2026-03-03 20:28:00+00:00,302.6000061035156,302.8299865722656,302.51971435546875,302.51971435546875,17477
2026-03-03 20:29:00+00:00,302.7200012207031,302.7950134277344,302.6449890136719,302.6449890136719,12490
2026-03-03 20:30:00+00:00,302.739990234375,302.84600830078125,302.7200012207031,302.7300109863281,25775
2026-03-03 20:31:00+00:00,302.7799987792969,302.8900146484375,302.7300109863281,302.7900085449219,12407
2026-03-03 20:32:00+00:00,302.75,302.79998779296875,302.6300048828125,302.75,27907
2026-03-03 20:33:00+00:00,302.6600036621094,302.8500061035156,302.6600036621094,302.7250061035156,23096
2026-03-03 20:34:00+00:00,302.614990234375,302.6700134277344,302.57501220703125,302.6300048828125,13387
2026-03-03 20:35:00+00:00,303.0849914550781,303.0849914550781,302.6400146484375,302.6400146484375,30697
2026-03-03 20:36:00+00:00,302.7950134277344,303.07501220703125,302.7950134277344,303.07000732421875,17977
2026-03-03 20:37:00+00:00,302.68499755859375,302.79998779296875,302.5899963378906,302.79998779296875,50084
2026-03-03 20:38:00+00:00,302.8450012207031,302.8450012207031,302.57501220703125,302.6600036621094,19665
2026-03-03 20:39:00+00:00,302.4800109863281,302.8599853515625,302.44000244140625,302.8599853515625,45857
2026-03-03 20:40:00+00:00,302.5199890136719,302.7200012207031,302.4700012207031,302.4700012207031,32386
2026-03-03 20:41:00+00:00,302.4151916503906,302.5799865722656,302.3999938964844,302.4200134277344,26468
2026-03-03 20:42:00+00:00,302.3630065917969,302.4700012207031,302.3100891113281,302.4200134277344,16906
2026-03-03 20:43:00+00:00,302.4150085449219,302.4649963378906,302.3039855957031,302.385009765625,17817
2026-03-03 20:44:00+00:00,302.260009765625,302.6400146484375,302.25,302.45001220703125,31235
2026-03-03 20:45:00+00:00,302.30999755859375,302.44000244140625,302.25,302.25,18392
2026-03-03 20:46:00+00:00,302.42999267578125,302.6300048828125,302.30999755859375,302.3399963378906,34523
2026-03-03 20:47:00+00:00,302.4200134277344,302.5199890136719,302.1101989746094,302.45001220703125,23221
2026-03-03 20:48:00+00:00,302.3699951171875,302.4649963378906,302.2900085449219,302.3800048828125,36138
2026-03-03 20:49:00+00:00,302.6300048828125,302.6400146484375,302.2900085449219,302.3599853515625,50577
2026-03-03 20:50:00+00:00,302.53009033203125,302.7900085449219,302.4927978515625,302.6300048828125,56343
2026-03-03 20:51:00+00:00,302.05999755859375,302.52398681640625,301.92999267578125,302.510009765625,44590
2026-03-03 20:52:00+00:00,301.9750061035156,302.19500732421875,301.9599914550781,302.05999755859375,40876
2026-03-03 20:53:00+00:00,302.5299987792969,302.55999755859375,301.9949951171875,301.9949951171875,86194
2026-03-03 20:54:00+00:00,302.79998779296875,303.0,302.42999267578125,302.5299987792969,136704
2026-03-03 20:55:00+00:00,303.17999267578125,303.260009765625,302.82000732421875,302.8299865722656,171983
2026-03-03 20:56:00+00:00,303.260009765625,303.34991455078125,303.04998779296875,303.1700134277344,246870
2026-03-03 20:57:00+00:00,303.8299865722656,303.9200134277344,303.2200012207031,303.32000732421875,378595
2026-03-03 20:58:00+00:00,303.70001220703125,303.94000244140625,303.6600036621094,303.8699951171875,153347
2026-03-03 20:59:00+00:00,303.54998779296875,303.7149963378906,303.3800048828125,303.70001220703125,375643
2026-03-04 14:30:00+00:00,301.4549865722656,302.8999938964844,300.79998779296875,302.7200012207031,1012318
2026-03-04 14:31:00+00:00,301.30499267578125,302.0899963378906,300.82000732421875,301.42999267578125,107729
2026-03-04 14:32:00+00:00,301.739990234375,302.20001220703125,301.2699890136719,301.29998779296875,142697
2026-03-04 14:33:00+00:00,302.7699890136719,303.010009765625,301.82000732421875,301.82000732421875,110778
2026-03-04 14:34:00+00:00,302.7300109863281,302.95001220703125,301.9266052246094,302.7550048828125,104539
2026-03-04 14:35:00+00:00,302.239990234375,302.8399963378906,301.6499938964844,302.70001220703125,123090
2026-03-04 14:36:00+00:00,302.29998779296875,302.57000732421875,302.10919189453125,302.2550048828125,63592
2026-03-04 14:37:00+00:00,302.75,303.4873962402344,302.1199951171875,302.3500061035156,101528
2026-03-04 14:38:00+00:00,302.06500244140625,302.9100036621094,302.04998779296875,302.7699890136719,77517
2026-03-04 14:39:00+00:00,301.75,302.2900085449219,301.4200134277344,302.0899963378906,105787
2026-03-04 14:40:00+00:00,301.80999755859375,301.8550109863281,301.29998779296875,301.760009765625,83169
2026-03-04 14:41:00+00:00,301.9638977050781,302.2349853515625,301.7200012207031,301.7799987792969,76802
2026-03-04 14:42:00+00:00,302.260009765625,302.32501220703125,301.7799987792969,301.8299865722656,55977
2026-03-04 14:43:00+00:00,302.1600036621094,302.80999755859375,302.135009765625,302.2200012207031,54478
2026-03-04 14:44:00+00:00,302.17498779296875,302.3699951171875,302.0199890136719,302.1700134277344,58475
2026-03-04 14:45:00+00:00,302.4637145996094,302.6000061035156,301.7699890136719,302.17999267578125,76316
2026-03-04 14:46:00+00:00,303.20001220703125,303.2200012207031,302.5050048828125,302.5400085449219,89292
2026-03-04 14:47:00+00:00,303.0,303.5899963378906,303.0,303.17999267578125,67067
2026-03-04 14:48:00+00:00,303.2051086425781,303.5400085449219,302.8599853515625,303.04998779296875,61922
2026-03-04 14:49:00+00:00,303.1300048828125,303.6000061035156,302.9700012207031,303.2300109863281,83278
2026-03-04 14:50:00+00:00,302.82501220703125,303.25,302.69000244140625,303.1400146484375,63308
2026-03-04 14:51:00+00:00,303.55999755859375,303.82000732421875,302.79998779296875,302.8500061035156,67098
2026-03-04 14:52:00+00:00,303.32000732421875,303.70001220703125,303.32000732421875,303.5299987792969,48150
2026-03-04 14:53:00+00:00,303.25,303.510009765625,303.1199951171875,303.32501220703125,60438
2026-03-04 14:54:00+00:00,303.07000732421875,303.5,302.8800048828125,303.2300109863281,61691
2026-03-04 14:55:00+00:00,303.3699951171875,303.5199890136719,303.0799865722656,303.0899963378906,60830
2026-03-04 14:56:00+00:00,303.4800109863281,303.6300048828125,303.2900085449219,303.4800109863281,51499
2026-03-04 14:57:00+00:00,303.1300048828125,303.5799865722656,303.0700988769531,303.45001220703125,60459
2026-03-04 14:58:00+00:00,302.60101318359375,303.2200012207031,302.6000061035156,303.1000061035156,48209
2026-03-04 14:59:00+00:00,302.95001220703125,302.9700012207031,302.5799865722656,302.6737060546875,56444
2026-03-04 15:00:00+00:00,303.25,303.29998779296875,302.91009521484375,303.0400085449219,77313
2026-03-04 15:01:00+00:00,303.20001220703125,303.4200134277344,303.07000732421875,303.2799987792969,60736
2026-03-04 15:02:00+00:00,302.58990478515625,303.1700134277344,302.5400085449219,303.1700134277344,45263
2026-03-04 15:03:00+00:00,302.1004943847656,302.7699890136719,301.9100036621094,302.57000732421875,69984
2026-03-04 15:04:00+00:00,302.125,302.3299865722656,301.92999267578125,302.0,46246
2026-03-04 15:05:00+00:00,302.6090087890625,302.739990234375,302.1099853515625,302.1499938964844,34875
2026-03-04 15:06:00+00:00,303.1050109863281,303.2799987792969,302.49798583984375,302.6300048828125,58679
2026-03-04 15:07:00+00:00,303.54998779296875,303.54998779296875,302.9247131347656,303.1099853515625,44939
2026-03-04 15:08:00+00:00,303.5295104980469,303.55999755859375,303.1700134277344,303.54998779296875,36556
2026-03-04 15:09:00+00:00,303.05999755859375,303.6600036621094,303.05999755859375,303.5299987792969,69285
2026-03-04 15:10:00+00:00,302.9800109863281,303.2398986816406,302.9100036621094,303.0299987792969,49744
2026-03-04 15:11:00+00:00,303.1000061035156,303.1499938964844,302.79998779296875,303.0899963378906,38694
2026-03-04 15:12:00+00:00,303.0899963378906,303.4100036621094,303.0,303.1499938964844,35461
2026-03-04 15:13:00+00:00,303.3500061035156,303.4425048828125,303.0675048828125,303.1400146484375,34466
2026-03-04 15:14:00+00:00,303.1099853515625,303.3500061035156,302.82501220703125,303.3450012207031,44693
2026-03-04 15:15:00+00:00,303.3500061035156,303.4700012207031,303.05999755859375,303.06170654296875,34114
2026-03-04 15:16:00+00:00,303.54998779296875,303.7349853515625,303.3299865722656,303.3299865722656,64501
2026-03-04 15:17:00+00:00,303.7699890136719,303.8299865722656,303.43499755859375,303.55999755859375,95244
2026-03-04 15:18:00+00:00,303.6199951171875,303.8299865722656,303.5379943847656,303.7500915527344,27674
2026-03-04 15:19:00+00:00,304.0899963378906,304.1000061035156,303.5917053222656,303.5917053222656,66582
2026-03-04 15:20:00+00:00,304.20989990234375,304.3299865722656,303.92999267578125,304.0660095214844,82371
2026-03-04 15:21:00+00:00,304.30999755859375,304.3599853515625,303.7200012207031,304.2099914550781,84229
2026-03-04 15:22:00+00:00,304.32501220703125,304.45001220703125,304.05999755859375,304.260009765625,59333
2026-03-04 15:23:00+00:00,304.489990234375,304.5299987792969,304.17999267578125,304.2860107421875,44611
2026-03-04 15:24:00+00:00,304.2900085449219,304.4993896484375,304.0159912109375,304.489990234375,35089
2026-03-04 15:25:00+00:00,304.29998779296875,304.44000244140625,304.05010986328125,304.3599853515625,49334
2026-03-04 15:26:00+00:00,304.67999267578125,304.70001220703125,304.25,304.2799987792969,54176
2026-03-04 15:27:00+00:00,304.8800048828125,304.9549865722656,304.7250061035156,304.79998779296875,38152
2026-03-04 15:28:00+00:00,305.1199951171875,305.15899658203125,304.8800048828125,304.8900146484375,47585
2026-03-04 15:29:00+00:00,305.1724853515625,305.28271484375,305.0199890136719,305.17999267578125,56844
2026-03-04 15:30:00+00:00,305.0,305.4599914550781,304.989990234375,305.2900085449219,46821
2026-03-04 15:31:00+00:00,305.1099853515625,305.1400146484375,304.7099914550781,305.0199890136719,65593
2026-03-04 15:32:00+00:00,305.1000061035156,305.2149963378906,304.9800109863281,305.0144958496094,27575
2026-03-04 15:33:00+00:00,304.6050109863281,305.07379150390625,304.5899963378906,305.07379150390625,34388
2026-03-04 15:34:00+00:00,304.6300048828125,304.8800048828125,304.5849914550781,304.635009765625,43323
2026-03-04 15:35:00+00:00,304.5299987792969,304.7200012207031,304.4599914550781,304.67999267578125,52092
2026-03-04 15:36:00+00:00,304.19000244140625,304.5400085449219,304.1300048828125,304.5400085449219,38454
2026-03-04 15:37:00+00:00,304.4159851074219,304.4549865722656,304.1099853515625,304.2200012207031,30766
2026-03-04 15:38:00+00:00,304.2101135253906,304.69000244140625,304.20001220703125,304.45001220703125,25239
2026-03-04 15:39:00+00:00,303.75,304.20001220703125,303.7300109863281,304.1700134277344,49323
2026-03-04 15:40:00+00:00,303.8900146484375,304.13861083984375,303.75,303.75,39845
2026-03-04 15:41:00+00:00,303.7699890136719,303.9649963378906,303.69000244140625,303.885009765625,38154
2026-03-04 15:42:00+00:00,303.7699890136719,303.92999267578125,303.70001220703125,303.82501220703125,39222
2026-03-04 15:43:00+00:00,303.69000244140625,303.93499755859375,303.6300048828125,303.739990234375,29642
2026-03-04 15:44:00+00:00,303.54998779296875,303.82000732421875,303.4700012207031,303.7699890136719,57347
2026-03-04 15:45:00+00:00,303.29998779296875,303.6000061035156,303.20001220703125,303.57000732421875,33008
2026-03-04 15:46:00+00:00,303.29998779296875,303.5,303.2300109863281,303.27020263671875,24635
2026-03-04 15:47:00+00:00,303.32000732421875,303.510009765625,303.1499938964844,303.260009765625,41842
2026-03-04 15:48:00+00:00,303.6400146484375,303.6400146484375,303.2200012207031,303.3399963378906,54672
2026-03-04 15:49:00+00:00,303.6000061035156,303.75,303.54998779296875,303.5899963378906,28601
2026-03-04 15:50:00+00:00,303.6567077636719,303.760009765625,303.4800109863281,303.57000732421875,27848
2026-03-04 15:51:00+00:00,303.7099914550781,303.8800048828125,303.57000732421875,303.75,30253
2026-03-04 15:52:00+00:00,303.05999755859375,303.7200012207031,303.0,303.7200012207031,54877
2026-03-04 15:53:00+00:00,303.3399963378906,303.3399963378906,303.0799865722656,303.1099853515625,47826
2026-03-04 15:54:00+00:00,303.67999267578125,303.7200012207031,303.3800048828125,303.3800048828125,36663
2026-03-04 15:55:00+00:00,303.7799987792969,303.8599853515625,303.6099853515625,303.67999267578125,40600
2026-03-04 15:56:00+00:00,303.8699951171875,304.0199890136719,303.6300048828125,303.7300109863281,42395
2026-03-04 15:57:00+00:00,304.1400146484375,304.15869140625,303.8800048828125,303.8999938964844,29280
2026-03-04 15:58:00+00:00,304.41448974609375,304.4549865722656,304.14300537109375,304.1600036621094,47042
2026-03-04 15:59:00+00:00,304.510009765625,304.6700134277344,304.3999938964844,304.3999938964844,41988
2026-03-04 16:00:00+00:00,304.5400085449219,304.5899963378906,304.4119873046875,304.510009765625,29345
2026-03-04 16:01:00+00:00,304.75,304.7799987792969,304.489990234375,304.510009765625,38955
2026-03-04 16:02:00+00:00,304.75,305.0,304.6300048828125,304.760009765625,38903
2026-03-04 16:03:00+00:00,304.8299865722656,304.94000244140625,304.7300109863281,304.75,40275
2026-03-04 16:04:00+00:00,304.3999938964844,304.8399963378906,304.3999938964844,304.8399963378906,36917
2026-03-04 16:05:00+00:00,304.1700134277344,304.4800109863281,304.07000732421875,304.44000244140625,31992
2026-03-04 16:06:00+00:00,304.3399963378906,304.4800109863281,304.2099914550781,304.2300109863281,20121
2026-03-04 16:07:00+00:00,304.260009765625,304.3699951171875,304.2200012207031,304.3299865722656,31752
2026-03-04 16:08:00+00:00,304.2200012207031,304.30999755859375,304.12109375,304.2900085449219,19744
2026-03-04 16:09:00+00:00,304.1300964355469,304.2300109863281,304.07000732421875,304.20001220703125,21289
2026-03-04 16:10:00+00:00,303.989990234375,304.1600036621094,303.989990234375,304.1000061035156,28451
2026-03-04 16:11:00+00:00,303.79998779296875,304.010009765625,303.739990234375,303.9700012207031,20700
2026-03-04 16:12:00+00:00,303.9200134277344,303.9800109863281,303.760009765625,303.77301025390625,35876
2026-03-04 16:13:00+00:00,303.92999267578125,303.9800109863281,303.7900085449219,303.8699951171875,29423
2026-03-04 16:14:00+00:00,303.57501220703125,303.9154968261719,303.57501220703125,303.9154968261719,30516
2026-03-04 16:15:00+00:00,303.55999755859375,303.6650085449219,303.45001220703125,303.5899963378906,42384
2026-03-04 16:16:00+00:00,303.7149963378906,303.7200012207031,303.5199890136719,303.55999755859375,35703
2026-03-04 16:17:00+00:00,303.760009765625,303.80999755859375,303.5400085449219,303.739990234375,31447
2026-03-04 16:18:00+00:00,303.489990234375,303.67999267578125,303.3999938964844,303.67999267578125,32391
2026-03-04 16:19:00+00:00,303.6099853515625,303.6449890136719,303.3299865722656,303.489990234375,30275
2026-03-04 16:20:00+00:00,303.8699951171875,303.94000244140625,303.6099853515625,303.6400146484375,25975
2026-03-04 16:21:00+00:00,303.9100036621094,304.04998779296875,303.82000732421875,303.8699951171875,32503
2026-03-04 16:22:00+00:00,303.8500061035156,304.010009765625,303.67999267578125,304.0,22006
2026-03-04 16:23:00+00:00,303.8599853515625,303.9800109863281,303.7850036621094,303.8800048828125,26506
2026-03-04 16:24:00+00:00,303.7799987792969,303.7799987792969,303.57000732421875,303.7300109863281,22840
2026-03-04 16:25:00+00:00,304.260009765625,304.2799987792969,303.69000244140625,303.7300109863281,32192
2026-03-04 16:26:00+00:00,304.36199951171875,304.44000244140625,304.1700134277344,304.2699890136719,29153
2026-03-04 16:27:00+00:00,304.55999755859375,304.6499938964844,304.375,304.4100036621094,22251
2026-03-04 16:28:00+00:00,304.94000244140625,304.94000244140625,304.3100891113281,304.57000732421875,38082
2026-03-04 16:29:00+00:00,304.5,304.885009765625,304.45001220703125,304.8599853515625,35933
2026-03-04 16:30:00+00:00,304.3349914550781,304.4800109863281,304.2200012207031,304.4800109863281,23395
2026-03-04 16:31:00+00:00,304.3500061035156,304.4049987792969,304.17999267578125,304.3175964355469,18954
2026-03-04 16:32:00+00:00,304.45001220703125,304.5,304.2200012207031,304.3800048828125,23574
2026-03-04 16:33:00+00:00,304.3900146484375,304.5450134277344,304.3900146484375,304.4549865722656,16055
2026-03-04 16:34:00+00:00,304.3999938964844,304.6499938964844,304.3800048828125,304.5350036621094,19401
2026-03-04 16:35:00+00:00,304.5849914550781,304.760009765625,304.45001220703125,304.4700012207031,36044
2026-03-04 16:36:00+00:00,304.739990234375,304.7699890136719,304.5400085449219,304.57501220703125,25343
2026-03-04 16:37:00+00:00,304.4112854003906,304.7699890136719,304.3699951171875,304.7699890136719,17005
2026-03-04 16:38:00+00:00,304.6300048828125,304.6300048828125,304.17498779296875,304.3900146484375,30914
2026-03-04 16:39:00+00:00,304.4400939941406,304.7300109863281,304.3999938964844,304.6300048828125,34408
2026-03-04 16:40:00+00:00,304.79998779296875,304.8299865722656,304.4150085449219,304.510009765625,15254
2026-03-04 16:41:00+00:00,304.82000732421875,304.8500061035156,304.7200012207031,304.7950134277344,32567
2026-03-04 16:42:00+00:00,304.8599853515625,304.8800048828125,304.70001220703125,304.79998779296875,25217
2026-03-04 16:43:00+00:00,304.82501220703125,304.94000244140625,304.760009765625,304.9200134277344,17674
2026-03-04 16:44:00+00:00,304.4800109863281,304.82000732421875,304.4750061035156,304.739990234375,23423
2026-03-04 16:45:00+00:00,304.6099853515625,304.6499938964844,304.4649963378906,304.4649963378906,23207
2026-03-04 16:46:00+00:00,304.6449890136719,304.7200012207031,304.6099853515625,304.6099853515625,11064
2026-03-04 16:47:00+00:00,304.5799865722656,304.7099914550781,304.5,304.70001220703125,11490
2026-03-04 16:48:00+00:00,304.6099853515625,304.6549987792969,304.4700012207031,304.6000061035156,23490
2026-03-04 16:49:00+00:00,304.4949951171875,304.6300048828125,304.3500061035156,304.6300048828125,20032
2026-03-04 16:50:00+00:00,304.3393859863281,304.5299987792969,304.2799987792969,304.5199890136719,42901
2026-03-04 16:51:00+00:00,304.260009765625,304.3599853515625,304.260009765625,304.3599853515625,16473
2026-03-04 16:52:00+00:00,304.5,304.5,304.2200012207031,304.25,12911
2026-03-04 16:53:00+00:00,304.489990234375,304.55999755859375,304.39990234375,304.510009765625,10519
2026-03-04 16:54:00+00:00,304.44000244140625,304.6499938964844,304.42999267578125,304.4800109863281,19745
2026-03-04 16:55:00+00:00,304.42999267578125,304.489990234375,304.3399963378906,304.4200134277344,14483
2026-03-04 16:56:00+00:00,304.2300109863281,304.3999938964844,304.1700134277344,304.3999938964844,19578
2026-03-04 16:57:00+00:00,304.3550109863281,304.3599853515625,304.20001220703125,304.20001220703125,14503
2026-03-04 16:58:00+00:00,304.2650146484375,304.3900146484375,304.2300109863281,304.3500061035156,11692
2026-03-04 16:59:00+00:00,304.1099853515625,304.2099914550781,304.0799865722656,304.2099914550781,14731
2026-03-04 17:00:00+00:00,303.8900146484375,304.1288146972656,303.7699890136719,304.1099853515625,26363
2026-03-04 17:01:00+00:00,304.1099853515625,304.1700134277344,303.9501037597656,303.9501037597656,15532
2026-03-04 17:02:00+00:00,304.29998779296875,304.29998779296875,304.0693054199219,304.1099853515625,14051
2026-03-04 17:03:00+00:00,304.2900085449219,304.4200134277344,304.2900085449219,304.3349914550781,17477
2026-03-04 17:04:00+00:00,304.32000732421875,304.45001220703125,304.2699890136719,304.2950134277344,13859
2026-03-04 17:05:00+00:00,304.0150146484375,304.30499267578125,304.002197265625,304.30499267578125,11670
2026-03-04 17:06:00+00:00,304.07000732421875,304.1300048828125,304.010009765625,304.0400085449219,17995
2026-03-04 17:07:00+00:00,303.92999267578125,304.2099914550781,303.9200134277344,304.06500244140625,23619
2026-03-04 17:08:00+00:00,304.04998779296875,304.04998779296875,303.875,303.9200134277344,30262
2026-03-04 17:09:00+00:00,303.94000244140625,304.0299987792969,303.8760986328125,304.010009765625,23638
2026-03-04 17:10:00+00:00,304.05499267578125,304.06048583984375,303.8999938964844,303.9549865722656,17704
2026-03-04 17:11:00+00:00,304.07000732421875,304.0899963378906,303.9800109863281,304.0199890136719,14137
2026-03-04 17:12:00+00:00,304.04998779296875,304.1199951171875,303.95001220703125,304.0299987792969,14065
2026-03-04 17:13:00+00:00,304.0799865722656,304.1499938964844,304.010009765625,304.0150146484375,14903
2026-03-04 17:14:00+00:00,304.0299072265625,304.1000061035156,303.92999267578125,304.0990905761719,19466
2026-03-04 17:15:00+00:00,304.1000061035156,304.1499938964844,303.9400939941406,304.010009765625,35029
2026-03-04 17:16:00+00:00,304.0400085449219,304.1499938964844,303.9800109863281,304.1199951171875,31331
2026-03-04 17:17:00+00:00,304.0299987792969,304.1400146484375,303.9949951171875,304.0299987792969,17049
2026-03-04 17:18:00+00:00,304.0350036621094,304.0350036621094,303.94378662109375,304.0,17170
2026-03-04 17:19:00+00:00,304.0299987792969,304.0700988769531,303.9800109863281,304.010009765625,16071
2026-03-04 17:20:00+00:00,303.9136047363281,304.1600036621094,303.8500061035156,304.0,22291
2026-03-04 17:21:00+00:00,303.7699890136719,304.0,303.7699890136719,303.94000244140625,22055
2026-03-04 17:22:00+00:00,303.67999267578125,303.80999755859375,303.6700134277344,303.7699890136719,33869
2026-03-04 17:23:00+00:00,303.7449951171875,303.80999755859375,303.69000244140625,303.69000244140625,26630
2026-03-04 17:24:00+00:00,303.9010009765625,303.9010009765625,303.7300109863281,303.739990234375,19470
2026-03-04 17:25:00+00:00,303.94000244140625,304.0899963378906,303.8399963378906,303.9100036621094,22176
2026-03-04 17:26:00+00:00,304.1698913574219,304.17999267578125,303.8900146484375,303.9674987792969,18678
2026-03-04 17:27:00+00:00,304.0751037597656,304.1600036621094,304.0299987792969,304.1600036621094,13838
2026-03-04 17:28:00+00:00,304.0,304.1700134277344,303.989990234375,304.0400085449219,12654
2026-03-04 17:29:00+00:00,303.7799987792969,304.0,303.77899169921875,304.0,17301
2026-03-04 17:30:00+00:00,303.6199951171875,303.8299865722656,303.6199951171875,303.75,27845
2026-03-04 17:31:00+00:00,303.5840148925781,303.6600036621094,303.4800109863281,303.6600036621094,35488
2026-03-04 17:32:00+00:00,303.4800109863281,303.57000732421875,303.4599914550781,303.55999755859375,29396
2026-03-04 17:33:00+00:00,303.7300109863281,303.7300109863281,303.42999267578125,303.4700012207031,23536
2026-03-04 17:34:00+00:00,303.7850036621094,303.8500061035156,303.70001220703125,303.7250061035156,22330
2026-03-04 17:35:00+00:00,303.8200988769531,303.989990234375,303.7799987792969,303.7900085449219,25678
2026-03-04 17:36:00+00:00,303.94000244140625,303.94000244140625,303.80999755859375,303.80999755859375,13342
2026-03-04 17:37:00+00:00,303.5849914550781,303.8900146484375,303.55999755859375,303.84991455078125,21016
2026-03-04 17:38:00+00:00,303.6499938964844,303.6499938964844,303.4501037597656,303.5799865722656,19486
2026-03-04 17:39:00+00:00,303.82501220703125,303.8500061035156,303.67999267578125,303.67999267578125,17399
2026-03-04 17:40:00+00:00,303.9100036621094,303.9150085449219,303.80999755859375,303.8399963378906,13410
2026-03-04 17:41:00+00:00,303.7799987792969,303.92010498046875,303.70001220703125,303.9200134277344,15676
2026-03-04 17:42:00+00:00,303.625,303.760009765625,303.5899963378906,303.760009765625,15425
2026-03-04 17:43:00+00:00,303.739990234375,303.739990234375,303.54998779296875,303.6050109863281,15379
2026-03-04 17:44:00+00:00,303.7699890136719,303.8214111328125,303.67999267578125,303.7300109863281,8432
2026-03-04 17:45:00+00:00,303.90008544921875,303.92498779296875,303.7650146484375,303.7650146484375,14851
2026-03-04 17:46:00+00:00,304.0201110839844,304.07000732421875,303.90008544921875,303.90008544921875,14488
2026-03-04 17:47:00+00:00,304.1199951171875,304.1300048828125,303.9549865722656,304.0199890136719,13986
2026-03-04 17:48:00+00:00,304.0950012207031,304.1300048828125,304.03240966796875,304.1300048828125,12597
2026-03-04 17:49:00+00:00,303.9200134277344,304.0752868652344,303.8800048828125,304.0752868652344,21989
2026-03-04 17:50:00+00:00,303.8900146484375,303.94500732421875,303.8299865722656,303.9150085449219,13578
2026-03-04 17:51:00+00:00,303.8599853515625,304.0,303.8500061035156,303.95001220703125,17474
2026-03-04 17:52:00+00:00,304.0,304.0,303.8500061035156,303.8500061035156,11470
2026-03-04 17:53:00+00:00,304.2309875488281,304.23919677734375,304.0,304.0299987792969,21865
2026-03-04 17:54:00+00:00,304.2500915527344,304.29998779296875,304.20001220703125,304.2200012207031,17995
2026-03-04 17:55:00+00:00,304.135009765625,304.25,304.1199951171875,304.25,12808
2026-03-04 17:56:00+00:00,304.1000061035156,304.2200012207031,304.07000732421875,304.1400146484375,18945
2026-03-04 17:57:00+00:00,304.05999755859375,304.1099853515625,304.0299987792969,304.1099853515625,10131
2026-03-04 17:58:00+00:00,304.2149963378906,304.2149963378906,304.1099853515625,304.1300048828125,16337
2026-03-04 17:59:00+00:00,304.1000061035156,304.20001220703125,304.1000061035156,304.20001220703125,11502
2026-03-04 18:00:00+00:00,304.1099853515625,304.17999267578125,304.07000732421875,304.0799865722656,17849
2026-03-04 18:01:00+00:00,304.07000732421875,304.1099853515625,304.0299987792969,304.0799865722656,11275
2026-03-04 18:02:00+00:00,304.0799865722656,304.0950012207031,303.9898986816406,304.04998779296875,11887
2026-03-04 18:03:00+00:00,303.94000244140625,304.06500244140625,303.94000244140625,304.06500244140625,13665
2026-03-04 18:04:00+00:00,303.8500061035156,303.989990234375,303.80999755859375,303.9700012207031,14962
2026-03-04 18:05:00+00:00,303.760009765625,303.8599853515625,303.6400146484375,303.8475036621094,16676
2026-03-04 18:06:00+00:00,303.56500244140625,303.75,303.5350036621094,303.75,20250
2026-03-04 18:07:00+00:00,303.70001220703125,303.70001220703125,303.5,303.57501220703125,21303
2026-03-04 18:08:00+00:00,303.5799865722656,303.69000244140625,303.5799865722656,303.6499938964844,11129
2026-03-04 18:09:00+00:00,303.67010498046875,303.69000244140625,303.5899963378906,303.5899963378906,24493
2026-03-04 18:10:00+00:00,303.57000732421875,303.7200012207031,303.55999755859375,303.7099914550781,19685
2026-03-04 18:11:00+00:00,303.5,303.6050109863281,303.5,303.5799865722656,23684
2026-03-04 18:12:00+00:00,303.54998779296875,303.6700134277344,303.5150146484375,303.5299987792969,24949
2026-03-04 18:13:00+00:00,303.5299987792969,303.57000732421875,303.42999267578125,303.510009765625,32510
2026-03-04 18:14:00+00:00,303.5400085449219,303.55999755859375,303.44000244140625,303.55999755859375,28070
2026-03-04 18:15:00+00:00,303.489990234375,303.5840148925781,303.45001220703125,303.5398864746094,18543
2026-03-04 18:16:00+00:00,303.55999755859375,303.56500244140625,303.4599914550781,303.489990234375,18478
2026-03-04 18:17:00+00:00,303.510009765625,303.5199890136719,303.3800048828125,303.5199890136719,15221
2026-03-04 18:18:00+00:00,303.42010498046875,303.5199890136719,303.3900146484375,303.4849853515625,12858
2026-03-04 18:19:00+00:00,303.5,303.5899963378906,303.3901062011719,303.4100036621094,41473
2026-03-04 18:20:00+00:00,303.4100036621094,303.5199890136719,303.3299865722656,303.4700012207031,32312
2026-03-04 18:21:00+00:00,303.5799865722656,303.5799865722656,303.4200134277344,303.4200134277344,23987
2026-03-04 18:22:00+00:00,303.4599914550781,303.6400146484375,303.4599914550781,303.55999755859375,13938
2026-03-04 18:23:00+00:00,303.57000732421875,303.57000732421875,303.46929931640625,303.46929931640625,11527
2026-03-04 18:24:00+00:00,303.42999267578125,303.6300048828125,303.4200134277344,303.6300048828125,10855
2026-03-04 18:25:00+00:00,303.4549865722656,303.55999755859375,303.42999267578125,303.45001220703125,10293
2026-03-04 18:26:00+00:00,303.685791015625,303.69000244140625,303.44000244140625,303.45001220703125,13069
2026-03-04 18:27:00+00:00,303.60009765625,303.70001220703125,303.54998779296875,303.67498779296875,14432
2026-03-04 18:28:00+00:00,303.510009765625,303.6000061035156,303.3900146484375,303.6000061035156,23623
2026-03-04 18:29:00+00:00,303.5419921875,303.57000732421875,303.489990234375,303.5154113769531,17019
2026-03-04 18:30:00+00:00,303.760009765625,303.7699890136719,303.5299987792969,303.5299987792969,11257
2026-03-04 18:31:00+00:00,303.6000061035156,303.7200012207031,303.5799865722656,303.7200012207031,14789
2026-03-04 18:32:00+00:00,303.7300109863281,303.8599853515625,303.6400146484375,303.6400146484375,15367
2026-03-04 18:33:00+00:00,303.6181945800781,303.79998779296875,303.6099853515625,303.75,11566
2026-03-04 18:34:00+00:00,303.30999755859375,303.6400146484375,303.25,303.6400146484375,23695
2026-03-04 18:35:00+00:00,303.50421142578125,303.5299987792969,303.2674865722656,303.30999755859375,16112
2026-03-04 18:36:00+00:00,303.3800048828125,303.510009765625,303.364990234375,303.489990234375,17175
2026-03-04 18:37:00+00:00,303.3450012207031,303.5,303.2900085449219,303.3800964355469,32716
2026-03-04 18:38:00+00:00,303.1300048828125,303.30499267578125,303.0799865722656,303.30499267578125,53474
2026-03-04 18:39:00+00:00,302.875,303.1700134277344,302.8599853515625,303.1700134277344,38781
2026-03-04 18:40:00+00:00,303.0350036621094,303.0780029296875,302.79998779296875,302.8450012207031,29263
2026-03-04 18:41:00+00:00,303.1524963378906,303.2300109863281,302.9700012207031,303.010009765625,20344
2026-03-04 18:42:00+00:00,303.30999755859375,303.3999938964844,303.1600036621094,303.1600036621094,32385
2026-03-04 18:43:00+00:00,303.489990234375,303.5400085449219,303.30999755859375,303.30999755859375,23019
2026-03-04 18:44:00+00:00,303.4200134277344,303.5299987792969,303.3800048828125,303.5199890136719,22951
2026-03-04 18:45:00+00:00,303.38800048828125,303.5,303.3800048828125,303.4200134277344,20360
2026-03-04 18:46:00+00:00,303.2900085449219,303.3949890136719,303.2300109863281,303.3800048828125,27292
2026-03-04 18:47:00+00:00,303.3299865722656,303.4200134277344,303.1400146484375,303.25,21334
2026-03-04 18:48:00+00:00,303.2300109863281,303.31500244140625,303.17999267578125,303.30999755859375,13121
2026-03-04 18:49:00+00:00,303.54998779296875,303.54998779296875,303.25,303.25,33714
2026-03-04 18:50:00+00:00,303.5400085449219,303.6400146484375,303.5,303.57000732421875,25098
2026-03-04 18:51:00+00:00,303.54998779296875,303.6400146484375,303.510009765625,303.54998779296875,14220
2026-03-04 18:52:00+00:00,303.45001220703125,303.5299987792969,303.4100036621094,303.4898986816406,13963
2026-03-04 18:53:00+00:00,303.385009765625,303.5,303.3800048828125,303.45001220703125,23366
2026-03-04 18:54:00+00:00,303.3500061035156,303.4800109863281,303.3299865722656,303.3500061035156,17470
2026-03-04 18:55:00+00:00,303.2900085449219,303.3699951171875,303.2640075683594,303.3699951171875,15518
2026-03-04 18:56:00+00:00,303.20001220703125,303.3299865722656,303.19000244140625,303.30621337890625,19454
2026-03-04 18:57:00+00:00,303.0400085449219,303.2099914550781,303.0299987792969,303.1600036621094,18898
2026-03-04 18:58:00+00:00,302.9800109863281,303.0899963378906,302.95001220703125,303.0199890136719,27956
2026-03-04 18:59:00+00:00,303.1300048828125,303.1300048828125,302.91009521484375,302.92999267578125,18837
2026-03-04 19:00:00+00:00,303.1099853515625,303.2099914550781,303.06500244140625,303.17999267578125,16361
2026-03-04 19:01:00+00:00,303.17999267578125,303.239990234375,303.1000061035156,303.1000061035156,20320
2026-03-04 19:02:00+00:00,303.2099914550781,303.2200012207031,303.0799865722656,303.1600036621094,18371
2026-03-04 19:03:00+00:00,303.260009765625,303.2900085449219,303.17999267578125,303.2099914550781,17131
2026-03-04 19:04:00+00:00,303.30010986328125,303.3500061035156,303.2349853515625,303.2799987792969,11662
2026-03-04 19:05:00+00:00,303.2650146484375,303.385009765625,303.260009765625,303.29998779296875,17199
2026-03-04 19:06:00+00:00,303.3399963378906,303.4150085449219,303.2900085449219,303.2900085449219,17433
2026-03-04 19:07:00+00:00,303.42999267578125,303.4599914550781,303.3299865722656,303.3500061035156,31923
2026-03-04 19:08:00+00:00,303.3699951171875,303.4599914550781,303.3599853515625,303.44000244140625,14137
2026-03-04 19:09:00+00:00,303.29998779296875,303.4599914550781,303.260009765625,303.3301086425781,33776
2026-03-04 19:10:00+00:00,303.4599914550781,303.54998779296875,303.29998779296875,303.29998779296875,21270
2026-03-04 19:11:00+00:00,303.45001220703125,303.4599914550781,303.375,303.4599914550781,14895
2026-03-04 19:12:00+00:00,303.489990234375,303.5260009765625,303.45001220703125,303.4700012207031,23735
2026-03-04 19:13:00+00:00,303.2850036621094,303.4700012207031,303.19000244140625,303.4700012207031,32610
2026-03-04 19:14:00+00:00,303.1099853515625,303.29998779296875,303.1000061035156,303.2699890136719,22305
2026-03-04 19:15:00+00:00,303.30999755859375,303.3299865722656,303.1000061035156,303.1000061035156,25122
2026-03-04 19:16:00+00:00,303.17999267578125,303.2701110839844,303.1289978027344,303.2699890136719,25006
2026-03-04 19:17:00+00:00,303.30499267578125,303.3800048828125,303.1099853515625,303.1650085449219,30566
2026-03-04 19:18:00+00:00,303.2799987792969,303.4599914550781,303.2699890136719,303.3299865722656,18374
2026-03-04 19:19:00+00:00,303.239990234375,303.29400634765625,303.1700134277344,303.29400634765625,23500
2026-03-04 19:20:00+00:00,303.260009765625,303.2799987792969,303.1499938964844,303.21038818359375,14449
2026-03-04 19:21:00+00:00,303.260009765625,303.30999755859375,303.25,303.25750732421875,15759
2026-03-04 19:22:00+00:00,303.2099914550781,303.239990234375,303.16400146484375,303.20001220703125,13640
2026-03-04 19:23:00+00:00,303.25,303.30999755859375,303.2300109863281,303.2300109863281,14287
2026-03-04 19:24:00+00:00,303.2300109863281,303.29998779296875,303.2200012207031,303.2799987792969,12379
2026-03-04 19:25:00+00:00,303.1300048828125,303.239990234375,303.1199951171875,303.1600036621094,21242
2026-03-04 19:26:00+00:00,302.94000244140625,303.1300048828125,302.927490234375,303.1300048828125,30675
2026-03-04 19:27:00+00:00,303.07000732421875,303.0849914550781,302.94000244140625,302.95001220703125,31568
2026-03-04 19:28:00+00:00,303.0299987792969,303.07000732421875,302.9800109863281,303.0304870605469,20187
2026-03-04 19:29:00+00:00,302.8902893066406,303.05999755859375,302.8900146484375,303.0400085449219,27243
2026-03-04 19:30:00+00:00,303.010009765625,303.0199890136719,302.885009765625,302.885009765625,14984
2026-03-04 19:31:00+00:00,302.9800109863281,303.0299987792969,302.8999938964844,303.010009765625,16518
2026-03-04 19:32:00+00:00,303.0400085449219,303.0400085449219,302.95001220703125,302.9700012207031,15107
2026-03-04 19:33:00+00:00,303.04998779296875,303.1000061035156,302.989990234375,303.04998779296875,16582
2026-03-04 19:34:00+00:00,303.07000732421875,303.0799865722656,302.95001220703125,303.07000732421875,19264
2026-03-04 19:35:00+00:00,303.1400146484375,303.1400146484375,303.0,303.05999755859375,15715
2026-03-04 19:36:00+00:00,302.9800109863281,303.1549987792969,302.9800109863281,303.1000061035156,18488
2026-03-04 19:37:00+00:00,303.07000732421875,303.17999267578125,302.9800109863281,302.99029541015625,32507
2026-03-04 19:38:00+00:00,303.0249938964844,303.1300048828125,303.010009765625,303.0799865722656,14657
2026-03-04 19:39:00+00:00,303.30499267578125,303.30499267578125,303.0199890136719,303.0199890136719,20699
2026-03-04 19:40:00+00:00,303.20001220703125,303.32000732421875,303.1600036621094,303.2900085449219,14202
2026-03-04 19:41:00+00:00,303.2799987792969,303.3699951171875,303.1600036621094,303.19000244140625,21438
2026-03-04 19:42:00+00:00,303.31500244140625,303.3399963378906,303.239990234375,303.2900085449219,18841
2026-03-04 19:43:00+00:00,303.08990478515625,303.2900085449219,303.0660095214844,303.2900085449219,17614
2026-03-04 19:44:00+00:00,303.1499938964844,303.16070556640625,303.08990478515625,303.1000061035156,11529
2026-03-04 19:45:00+00:00,303.239990234375,303.239990234375,303.1400146484375,303.1700134277344,21408
2026-03-04 19:46:00+00:00,303.0199890136719,303.25,303.0,303.25,18592
2026-03-04 19:47:00+00:00,302.9599914550781,302.9800109863281,302.89898681640625,302.9413146972656,13263
2026-03-04 19:48:00+00:00,303.2799987792969,303.2799987792969,302.9599914550781,302.96551513671875,28813
2026-03-04 19:49:00+00:00,303.31500244140625,303.3399963378906,303.2300109863281,303.2699890136719,27987
2026-03-04 19:50:00+00:00,303.2300109863281,303.2850036621094,303.1600036621094,303.2601013183594,19866
2026-03-04 19:51:00+00:00,303.20001220703125,303.2900085449219,303.0899963378906,303.239990234375,47404
2026-03-04 19:52:00+00:00,303.3399963378906,303.3500061035156,303.1199951171875,303.17999267578125,31816
2026-03-04 19:53:00+00:00,303.3299865722656,303.3699951171875,303.2300109863281,303.3399963378906,21228
2026-03-04 19:54:00+00:00,302.9700012207031,303.3399963378906,302.9700012207031,303.3399963378906,45207
2026-03-04 19:55:00+00:00,302.8800048828125,303.0299987792969,302.864990234375,302.94000244140625,24119
2026-03-04 19:56:00+00:00,302.8500061035156,302.8800048828125,302.7200012207031,302.8800048828125,32794
2026-03-04 19:57:00+00:00,302.8599853515625,302.9599914550781,302.7701110839844,302.82501220703125,20303
2026-03-04 19:58:00+00:00,302.92999267578125,302.92999267578125,302.8299865722656,302.8500061035156,24230
2026-03-04 19:59:00+00:00,302.7974853515625,302.94000244140625,302.7699890136719,302.9360046386719,15920
2026-03-04 20:00:00+00:00,302.7049865722656,302.8500061035156,302.70001220703125,302.7900085449219,24285
2026-03-04 20:01:00+00:00,302.62078857421875,302.80999755859375,302.6200866699219,302.70001220703125,28786
2026-03-04 20:02:00+00:00,302.614990234375,302.69000244140625,302.5899963378906,302.6300048828125,18955
2026-03-04 20:03:00+00:00,302.6614074707031,302.69000244140625,302.6000061035156,302.6199951171875,17521
2026-03-04 20:04:00+00:00,302.6300048828125,302.67999267578125,302.54998779296875,302.6700134277344,24630
2026-03-04 20:05:00+00:00,302.625,302.67999267578125,302.55999755859375,302.6000061035156,27391
2026-03-04 20:06:00+00:00,302.75,302.75,302.6300048828125,302.6300048828125,20551
2026-03-04 20:07:00+00:00,302.5899963378906,302.739990234375,302.55999755859375,302.739990234375,20134
2026-03-04 20:08:00+00:00,302.3395080566406,302.54998779296875,302.30999755859375,302.54998779296875,40468
2026-03-04 20:09:00+00:00,302.4800109863281,302.4800109863281,302.32000732421875,302.3599853515625,22606
2026-03-04 20:10:00+00:00,302.3349914550781,302.4700012207031,302.260009765625,302.4599914550781,30881
2026-03-04 20:11:00+00:00,302.1199951171875,302.4200134277344,302.1199951171875,302.3500061035156,39940
2026-03-04 20:12:00+00:00,302.2200012207031,302.2699890136719,302.1000061035156,302.114990234375,30040
2026-03-04 20:13:00+00:00,302.3500061035156,302.3500061035156,302.2099914550781,302.2300109863281,37201
2026-03-04 20:14:00+00:00,302.4100036621094,302.44000244140625,302.30999755859375,302.3450012207031,36510
2026-03-04 20:15:00+00:00,302.3800048828125,302.3901062011719,302.2900085449219,302.3599853515625,27774
2026-03-04 20:16:00+00:00,302.5050048828125,302.510009765625,302.3699951171875,302.3699951171875,15787
2026-03-04 20:17:00+00:00,302.4200134277344,302.552001953125,302.3424987792969,302.5400085449219,22960
2026-03-04 20:18:00+00:00,302.44500732421875,302.4800109863281,302.4100036621094,302.4580993652344,13408
2026-03-04 20:19:00+00:00,302.4106140136719,302.5299987792969,302.4100036621094,302.45001220703125,17674
2026-03-04 20:20:00+00:00,302.42999267578125,302.489990234375,302.3800048828125,302.42999267578125,19635
2026-03-04 20:21:00+00:00,302.32000732421875,302.42999267578125,302.239990234375,302.3900146484375,35198
2026-03-04 20:22:00+00:00,302.4200134277344,302.5,302.2300109863281,302.3299865722656,41791
2026-03-04 20:23:00+00:00,302.3902893066406,302.4700012207031,302.3699951171875,302.42999267578125,26987
2026-03-04 20:24:00+00:00,302.5199890136719,302.6199951171875,302.4100036621094,302.4100036621094,25001
2026-03-04 20:25:00+00:00,302.5906982421875,302.68499755859375,302.5150146484375,302.5150146484375,19344
2026-03-04 20:26:00+00:00,302.6300048828125,302.6659851074219,302.54998779296875,302.5899963378906,14469
2026-03-04 20:27:00+00:00,302.7001037597656,302.7001037597656,302.54058837890625,302.6199951171875,17321
2026-03-04 20:28:00+00:00,302.7799987792969,302.80999755859375,302.6700134277344,302.67999267578125,25564
2026-03-04 20:29:00+00:00,302.8999938964844,302.9100036621094,302.7900085449219,302.79998779296875,21655
2026-03-04 20:30:00+00:00,303.0199890136719,303.1199951171875,302.8399963378906,302.8900146484375,41323
2026-03-04 20:31:00+00:00,302.989990234375,303.0400085449219,302.8799133300781,303.02740478515625,34039
2026-03-04 20:32:00+00:00,303.010009765625,303.0199890136719,302.8900146484375,303.0050048828125,21611
2026-03-04 20:33:00+00:00,303.1199951171875,303.19000244140625,302.9700012207031,303.0,28290
2026-03-04 20:34:00+00:00,303.0,303.2049865722656,303.0,303.125,28613
2026-03-04 20:35:00+00:00,303.0703125,303.1099853515625,302.9599914550781,302.9700012207031,26143
2026-03-04 20:36:00+00:00,303.05999755859375,303.1499938964844,303.0299987792969,303.0700988769531,27936
2026-03-04 20:37:00+00:00,303.1199951171875,303.1400146484375,303.0199890136719,303.0199890136719,29544
2026-03-04 20:38:00+00:00,302.9700012207031,303.1080017089844,302.9700012207031,303.1080017089844,238617
2026-03-04 20:39:00+00:00,302.8999938964844,302.9700012207031,302.875,302.95001220703125,32361
2026-03-04 20:40:00+00:00,302.70001220703125,302.8500061035156,302.6400146484375,302.8500061035156,52176
2026-03-04 20:41:00+00:00,302.9200134277344,302.9200134277344,302.5899963378906,302.7099914550781,43333
2026-03-04 20:42:00+00:00,303.08990478515625,303.0899963378906,302.82000732421875,302.8900146484375,28817
2026-03-04 20:43:00+00:00,303.1000061035156,303.1400146484375,303.05999755859375,303.07000732421875,20312
2026-03-04 20:44:00+00:00,303.07000732421875,303.1648864746094,303.04998779296875,303.1300048828125,30832
2026-03-04 20:45:00+00:00,303.10321044921875,303.21990966796875,303.0400085449219,303.0400085449219,35224
2026-03-04 20:46:00+00:00,303.1000061035156,303.19500732421875,303.0799865722656,303.1400146484375,46574
2026-03-04 20:47:00+00:00,302.8999938964844,303.1300048828125,302.8599853515625,303.0899963378906,41713
2026-03-04 20:48:00+00:00,302.9599914550781,302.9599914550781,302.8399963378906,302.8900146484375,33572
2026-03-04 20:49:00+00:00,303.010009765625,303.0450134277344,302.8800048828125,302.9100036621094,38145
2026-03-04 20:50:00+00:00,302.7699890136719,303.1600036621094,302.5799865722656,303.010009765625,123239
2026-03-04 20:51:00+00:00,303.0400085449219,303.0400085449219,302.75,302.75,86487
2026-03-04 20:52:00+00:00,303.05999755859375,303.07000732421875,302.94000244140625,303.0400085449219,52750
2026-03-04 20:53:00+00:00,303.0,303.1099853515625,302.8999938964844,303.05999755859375,84841
2026-03-04 20:54:00+00:00,303.57000732421875,303.65869140625,302.9800109863281,302.989990234375,159834
2026-03-04 20:55:00+00:00,303.25,303.7699890136719,303.1300048828125,303.5299987792969,144510
2026-03-04 20:56:00+00:00,303.0799865722656,303.32000732421875,303.0249938964844,303.2301025390625,110861
2026-03-04 20:57:00+00:00,303.5,303.5199890136719,302.9700012207031,303.0799865722656,247178
2026-03-04 20:58:00+00:00,303.3399963378906,303.5050048828125,303.3399963378906,303.5,209646
2026-03-04 20:59:00+00:00,303.19000244140625,303.3800048828125,303.19000244140625,303.3399963378906,531643
2026-03-05 14:30:00+00:00,299.43499755859375,303.3699951171875,299.3399963378906,303.0899963378906,1008551
2026-03-05 14:31:00+00:00,299.8190002441406,300.3399963378906,299.1700134277344,299.5400085449219,170917
2026-03-05 14:32:00+00:00,300.7322082519531,300.8800048828125,299.4599914550781,299.75,117776
2026-03-05 14:33:00+00:00,300.8699951171875,301.1400146484375,300.4700012207031,300.7699890136719,140342
2026-03-05 14:34:00+00:00,301.2099914550781,301.3800048828125,300.70001220703125,301.010009765625,121186
2026-03-05 14:35:00+00:00,301.2099914550781,301.2099914550781,300.7200012207031,301.1499938964844,113979
2026-03-05 14:36:00+00:00,300.95001220703125,301.489990234375,300.75,301.239990234375,145515
2026-03-05 14:37:00+00:00,300.8299865722656,300.989990234375,300.1600036621094,300.989990234375,101060
2026-03-05 14:38:00+00:00,300.7701110839844,301.19000244140625,300.7149963378906,300.8500061035156,112612
2026-03-05 14:39:00+00:00,300.80999755859375,300.8900146484375,300.1400146484375,300.7699890136719,98802
2026-03-05 14:40:00+00:00,299.93011474609375,300.919189453125,299.8699951171875,300.8581848144531,112222
2026-03-05 14:41:00+00:00,299.8900146484375,300.2200012207031,299.6199951171875,299.9599914550781,192489
2026-03-05 14:42:00+00:00,300.2300109863281,301.0,299.8500061035156,299.91119384765625,125036
2026-03-05 14:43:00+00:00,299.7099914550781,300.44000244140625,299.489990234375,300.2699890136719,117882
2026-03-05 14:44:00+00:00,299.6300048828125,300.05999755859375,299.54998779296875,299.7200012207031,85969
2026-03-05 14:45:00+00:00,300.385009765625,300.6300048828125,299.3999938964844,299.6400146484375,126665
2026-03-05 14:46:00+00:00,300.2550048828125,300.8500061035156,300.1499938964844,300.4200134277344,59020
2026-03-05 14:47:00+00:00,300.45001220703125,300.739990234375,300.29998779296875,300.3399963378906,40302
2026-03-05 14:48:00+00:00,300.4800109863281,300.5899963378906,299.80999755859375,300.5299987792969,80396
2026-03-05 14:49:00+00:00,300.6199951171875,300.8800048828125,300.3999938964844,300.5,69277
2026-03-05 14:50:00+00:00,300.17999267578125,300.7300109863281,300.010009765625,300.69000244140625,66861
2026-03-05 14:51:00+00:00,300.7850036621094,300.864990234375,300.2699890136719,300.2749938964844,58589
2026-03-05 14:52:00+00:00,300.3800048828125,301.0400085449219,300.3500061035156,300.8500061035156,63700
2026-03-05 14:53:00+00:00,300.4150085449219,300.6650085449219,300.1000061035156,300.4100036621094,56853
2026-03-05 14:54:00+00:00,300.6400146484375,300.69000244140625,300.32000732421875,300.3900146484375,55218
2026-03-05 14:55:00+00:00,300.5494079589844,300.7200012207031,300.3500061035156,300.57000732421875,37301
2026-03-05 14:56:00+00:00,300.3699951171875,300.5,300.1600036621094,300.489990234375,54802
2026-03-05 14:57:00+00:00,301.1199951171875,301.17999267578125,300.3299865722656,300.375,52916
2026-03-05 14:58:00+00:00,301.5350036621094,301.8800048828125,301.1199951171875,301.2099914550781,86821
2026-03-05 14:59:00+00:00,301.5400085449219,301.70001220703125,301.3399963378906,301.5400085449219,66122
2026-03-05 15:00:00+00:00,301.9150085449219,301.9800109863281,301.4100036621094,301.5400085449219,73499
2026-03-05 15:01:00+00:00,301.6000061035156,302.010009765625,301.5799865722656,301.97601318359375,48539
2026-03-05 15:02:00+00:00,301.3800048828125,301.6600036621094,301.25,301.6099853515625,37257
2026-03-05 15:03:00+00:00,300.9200134277344,301.4200134277344,300.739990234375,301.3500061035156,90180
2026-03-05 15:04:00+00:00,300.7900085449219,301.2799987792969,300.75,300.95001220703125,54809
2026-03-05 15:05:00+00:00,300.6000061035156,300.94000244140625,300.489990234375,300.8900146484375,58347
2026-03-05 15:06:00+00:00,300.6400146484375,301.1636962890625,300.6000061035156,300.6199951171875,62066
2026-03-05 15:07:00+00:00,300.864990234375,301.2799072265625,300.70001220703125,300.70001220703125,50170
2026-03-05 15:08:00+00:00,300.6600036621094,300.95001220703125,300.55999755859375,300.95001220703125,38103
2026-03-05 15:09:00+00:00,300.360107421875,300.7900085449219,300.3399963378906,300.7300109863281,53867
2026-03-05 15:10:00+00:00,300.7099914550781,300.80999755859375,300.29998779296875,300.29998779296875,57475
2026-03-05 15:11:00+00:00,300.70001220703125,300.875,300.625,300.7200012207031,36602
2026-03-05 15:12:00+00:00,301.29998779296875,301.29998779296875,300.70001220703125,300.70001220703125,56659
2026-03-05 15:13:00+00:00,301.7200012207031,301.7200012207031,301.1600036621094,301.25,43826
2026-03-05 15:14:00+00:00,301.8399963378906,301.9649963378906,301.7305908203125,301.739990234375,53462
2026-03-05 15:15:00+00:00,301.57000732421875,301.8500061035156,301.44000244140625,301.82000732421875,43197
2026-03-05 15:16:00+00:00,301.07000732421875,301.57000732421875,301.0299987792969,301.55999755859375,37101
2026-03-05 15:17:00+00:00,301.0119934082031,301.2200012207031,300.80999755859375,301.04998779296875,55235
2026-03-05 15:18:00+00:00,301.0400085449219,301.239990234375,300.82000732421875,301.0,37809
2026-03-05 15:19:00+00:00,300.8299865722656,300.989990234375,300.69000244140625,300.989990234375,29007
2026-03-05 15:20:00+00:00,300.7149963378906,300.8599853515625,300.6300048828125,300.7799987792969,30812
2026-03-05 15:21:00+00:00,300.4200134277344,300.7799987792969,300.3999938964844,300.6700134277344,48015
2026-03-05 15:22:00+00:00,300.29998779296875,300.4200134277344,300.04998779296875,300.4200134277344,51864
2026-03-05 15:23:00+00:00,299.8699951171875,300.3299865722656,299.8599853515625,300.3299865722656,83102
2026-03-05 15:24:00+00:00,299.32501220703125,299.8900146484375,299.32501220703125,299.8888854980469,85913
2026-03-05 15:25:00+00:00,299.8399963378906,299.8699951171875,299.20001220703125,299.2900085449219,52715
2026-03-05 15:26:00+00:00,299.739990234375,300.05499267578125,299.739990234375,299.8500061035156,43988
2026-03-05 15:27:00+00:00,299.6499938964844,299.8699951171875,299.5199890136719,299.739990234375,37518
2026-03-05 15:28:00+00:00,299.5899963378906,299.7699890136719,299.54998779296875,299.68499755859375,56649
2026-03-05 15:29:00+00:00,299.7699890136719,299.7799987792969,299.5400085449219,299.5899963378906,28824
2026-03-05 15:30:00+00:00,299.125,299.7799987792969,299.0199890136719,299.760009765625,84175
2026-03-05 15:31:00+00:00,298.9930114746094,299.2500915527344,298.92999267578125,299.1300048828125,81413
2026-03-05 15:32:00+00:00,299.30499267578125,299.30499267578125,298.9812927246094,299.0249938964844,60618
2026-03-05 15:33:00+00:00,299.635009765625,299.635009765625,299.23699951171875,299.30999755859375,41025
2026-03-05 15:34:00+00:00,300.1202087402344,300.1499938964844,299.6000061035156,299.6400146484375,102644
2026-03-05 15:35:00+00:00,299.8900146484375,300.1400146484375,299.6700134277344,300.1000061035156,87634
2026-03-05 15:36:00+00:00,299.7799987792969,300.135009765625,299.75,299.9100036621094,42650
2026-03-05 15:37:00+00:00,300.1000061035156,300.2850036621094,299.82000732421875,299.82000732421875,44238
2026-03-05 15:38:00+00:00,300.4100036621094,300.4100036621094,299.9599914550781,300.1499938964844,36019
2026-03-05 15:39:00+00:00,300.7502136230469,300.80999755859375,300.3699951171875,300.3699951171875,43474
2026-03-05 15:40:00+00:00,300.4200134277344,300.989990234375,300.4200134277344,300.8302917480469,63133
2026-03-05 15:41:00+00:00,300.7699890136719,300.7699890136719,300.3699951171875,300.4549865722656,25673
2026-03-05 15:42:00+00:00,300.8800048828125,301.0400085449219,300.55999755859375,300.7699890136719,35746
2026-03-05 15:43:00+00:00,300.6050109863281,300.8999938964844,300.4601135253906,300.885009765625,32090
2026-03-05 15:44:00+00:00,300.7900085449219,300.82000732421875,300.46990966796875,300.6099853515625,24016
2026-03-05 15:45:00+00:00,300.54998779296875,300.9700012207031,300.5199890136719,300.82000732421875,32817
2026-03-05 15:46:00+00:00,300.6091003417969,300.6300048828125,300.260009765625,300.57000732421875,34094
2026-03-05 15:47:00+00:00,300.60009765625,300.69500732421875,300.55499267578125,300.69000244140625,16974
2026-03-05 15:48:00+00:00,300.5,300.739990234375,300.3699951171875,300.6000061035156,43838
2026-03-05 15:49:00+00:00,300.239990234375,300.5150146484375,300.239990234375,300.5150146484375,26756
2026-03-05 15:50:00+00:00,300.5199890136719,300.5400085449219,300.1499938964844,300.2145080566406,29896
2026-03-05 15:51:00+00:00,300.3500061035156,300.54998779296875,300.33648681640625,300.54998779296875,32401
2026-03-05 15:52:00+00:00,300.3999938964844,300.5400085449219,300.2799987792969,300.3699951171875,34340
2026-03-05 15:53:00+00:00,300.3599853515625,300.4200134277344,300.2300109863281,300.3900146484375,35491
2026-03-05 15:54:00+00:00,300.45001220703125,300.6199951171875,300.32000732421875,300.5050048828125,57827
2026-03-05 15:55:00+00:00,300.4049987792969,300.5400085449219,300.30999755859375,300.4700012207031,31224
2026-03-05 15:56:00+00:00,300.25,300.45001220703125,300.1700134277344,300.44500732421875,49341
2026-03-05 15:57:00+00:00,300.2300109863281,300.44000244140625,300.19000244140625,300.260009765625,41716
2026-03-05 15:58:00+00:00,300.43499755859375,300.4700012207031,300.2099914550781,300.239990234375,29594
2026-03-05 15:59:00+00:00,300.3699951171875,300.5899963378906,300.239990234375,300.4800109863281,33245
2026-03-05 16:00:00+00:00,300.42999267578125,300.55999755859375,300.260009765625,300.3599853515625,41281
2026-03-05 16:01:00+00:00,300.4200134277344,300.5799865722656,300.260009765625,300.44000244140625,47090
2026-03-05 16:02:00+00:00,300.1700134277344,300.4100036621094,300.1199951171875,300.4100036621094,37962
2026-03-05 16:03:00+00:00,300.0,300.2799987792969,299.9599914550781,300.1199951171875,55502
2026-03-05 16:04:00+00:00,299.92999267578125,300.1600036621094,299.80999755859375,299.989990234375,44391
2026-03-05 16:05:00+00:00,299.8599853515625,300.04998779296875,299.8399963378906,299.9200134277344,37168
2026-03-05 16:06:00+00:00,299.8099060058594,299.8599853515625,299.6099853515625,299.8599853515625,44519
2026-03-05 16:07:00+00:00,299.6700134277344,299.8399963378906,299.6700134277344,299.760009765625,30463
2026-03-05 16:08:00+00:00,299.4599914550781,299.70001220703125,299.3699951171875,299.70001220703125,49143
2026-03-05 16:09:00+00:00,299.2900085449219,299.55999755859375,299.2900085449219,299.4800109863281,40481
2026-03-05 16:10:00+00:00,298.9930114746094,299.3299865722656,298.989990234375,299.2799987792969,61259
2026-03-05 16:11:00+00:00,299.0,299.04998779296875,298.8699951171875,298.9800109863281,63600
2026-03-05 16:12:00+00:00,298.8900146484375,299.07000732421875,298.7799987792969,299.0,62659
2026-03-05 16:13:00+00:00,299.2099914550781,299.3599853515625,298.739990234375,298.8999938964844,87753
2026-03-05 16:14:00+00:00,299.2200012207031,299.2699890136719,298.92999267578125,299.17999267578125,76084
2026-03-05 16:15:00+00:00,299.07000732421875,299.4469909667969,298.989990234375,299.2099914550781,61029
2026-03-05 16:16:00+00:00,299.0299987792969,299.2149963378906,298.9800109863281,299.05999755859375,42603
2026-03-05 16:17:00+00:00,298.79998779296875,299.1300048828125,298.79998779296875,299.0400085449219,66425
2026-03-05 16:18:00+00:00,299.0,299.0899963378906,298.75,298.80499267578125,60278
2026-03-05 16:19:00+00:00,298.3500061035156,299.0199890136719,298.3500061035156,299.0199890136719,89078
2026-03-05 16:20:00+00:00,298.6199951171875,298.6300048828125,298.3599853515625,298.3800048828125,52757
2026-03-05 16:21:00+00:00,298.8299865722656,298.8999938964844,298.4599914550781,298.6099853515625,61442
2026-03-05 16:22:00+00:00,298.9750061035156,299.07000732421875,298.793701171875,298.8699951171875,40218
2026-03-05 16:23:00+00:00,298.739990234375,299.07000732421875,298.6099853515625,299.010009765625,79810
2026-03-05 16:24:00+00:00,298.67999267578125,298.819091796875,298.6607971191406,298.7300109863281,34329
2026-03-05 16:25:00+00:00,298.90008544921875,298.9800109863281,298.45599365234375,298.6099853515625,57125
2026-03-05 16:26:00+00:00,298.760009765625,298.94000244140625,298.760009765625,298.89898681640625,26232
2026-03-05 16:27:00+00:00,298.9649963378906,299.0400085449219,298.760009765625,298.7724914550781,30052
2026-03-05 16:28:00+00:00,298.7900085449219,298.989990234375,298.68499755859375,298.9549865722656,29301
2026-03-05 16:29:00+00:00,298.9100036621094,298.9750061035156,298.67999267578125,298.760009765625,30134
2026-03-05 16:30:00+00:00,299.2900085449219,299.3500061035156,298.9100036621094,298.94000244140625,28525
2026-03-05 16:31:00+00:00,299.5299987792969,299.55999755859375,299.2749938964844,299.29339599609375,36403
2026-03-05 16:32:00+00:00,299.57000732421875,299.6000061035156,299.4700012207031,299.54998779296875,46191
2026-03-05 16:33:00+00:00,299.6650085449219,299.760009765625,299.5199890136719,299.5299987792969,35770
2026-03-05 16:34:00+00:00,299.70001220703125,299.739990234375,299.3999938964844,299.6400146484375,63345
2026-03-05 16:35:00+00:00,299.760009765625,299.8999938964844,299.6400146484375,299.67999267578125,38574
2026-03-05 16:36:00+00:00,299.7099914550781,299.8500061035156,299.6099853515625,299.82000732421875,29745
2026-03-05 16:37:00+00:00,300.11700439453125,300.11700439453125,299.69500732421875,299.7699890136719,44791
2026-03-05 16:38:00+00:00,300.0400085449219,300.1759948730469,299.9700012207031,300.1050109863281,31167
2026-03-05 16:39:00+00:00,300.0950012207031,300.1499938964844,299.8800048828125,300.07000732421875,26358
2026-03-05 16:40:00+00:00,300.19500732421875,300.2510070800781,300.05999755859375,300.1000061035156,33117
2026-03-05 16:41:00+00:00,299.6499938964844,300.114990234375,299.5799865722656,300.114990234375,52918
2026-03-05 16:42:00+00:00,299.364990234375,299.7300109863281,299.2699890136719,299.6499938964844,26476
2026-03-05 16:43:00+00:00,299.5050048828125,299.5870056152344,299.3699951171875,299.4100036621094,36702
2026-03-05 16:44:00+00:00,299.32000732421875,299.7799987792969,299.29998779296875,299.489990234375,124392
2026-03-05 16:45:00+00:00,299.92498779296875,299.92498779296875,299.3699951171875,299.3999938964844,37285
2026-03-05 16:46:00+00:00,300.0,300.05999755859375,299.75,299.9100036621094,53575
2026-03-05 16:47:00+00:00,299.9601135253906,300.0899963378906,299.9100036621094,299.95001220703125,21709
2026-03-05 16:48:00+00:00,299.864990234375,300.0094909667969,299.79998779296875,299.94000244140625,27853
2026-03-05 16:49:00+00:00,299.9200134277344,300.010009765625,299.82501220703125,299.8500061035156,36058
2026-03-05 16:50:00+00:00,300.19000244140625,300.2398986816406,299.92999267578125,299.92999267578125,33341
2026-03-05 16:51:00+00:00,299.8999938964844,300.2174987792969,299.8999938964844,300.2174987792969,23767
2026-03-05 16:52:00+00:00,300.05999755859375,300.05999755859375,299.75,299.8999938964844,40321
2026-03-05 16:53:00+00:00,299.8500061035156,300.0450134277344,299.80999755859375,300.0201110839844,24172
2026-03-05 16:54:00+00:00,299.91009521484375,300.04998779296875,299.80999755859375,299.80999755859375,21357
2026-03-05 16:55:00+00:00,300.0400085449219,300.20001220703125,299.9700012207031,299.9700012207031,27097
2026-03-05 16:56:00+00:00,299.7900085449219,300.1499938964844,299.7799987792969,300.0557861328125,21047
2026-03-05 16:57:00+00:00,299.7749938964844,299.94000244140625,299.7099914550781,299.7900085449219,20819
2026-03-05 16:58:00+00:00,299.75,299.81500244140625,299.70001220703125,299.7699890136719,90423
2026-03-05 16:59:00+00:00,299.7850036621094,300.07000732421875,299.7300109863281,299.7749938964844,26437
2026-03-05 17:00:00+00:00,299.67999267578125,299.9100036621094,299.6700134277344,299.8599853515625,24386
2026-03-05 17:01:00+00:00,299.6700134277344,299.8299865722656,299.5950012207031,299.70001220703125,48317
2026-03-05 17:02:00+00:00,299.6700134277344,299.8299865722656,299.6549987792969,299.7049865722656,29788
2026-03-05 17:03:00+00:00,299.8900146484375,299.95001220703125,299.5899963378906,299.6499938964844,66116
2026-03-05 17:04:00+00:00,300.2300109863281,300.25,299.8599853515625,299.9100036621094,46002
2026-03-05 17:05:00+00:00,300.3699951171875,300.3900146484375,300.2449951171875,300.260009765625,24792
2026-03-05 17:06:00+00:00,299.8399963378906,300.4599914550781,299.80999755859375,300.44000244140625,41423
2026-03-05 17:07:00+00:00,299.510009765625,299.7699890136719,299.4100036621094,299.7200012207031,36038
2026-03-05 17:08:00+00:00,299.7699890136719,299.7699890136719,299.510009765625,299.510009765625,0
2026-03-05 17:09:00+00:00,299.5400085449219,299.8299865722656,299.4949951171875,299.760009765625,14608
2026-03-05 17:10:00+00:00,299.20001220703125,299.5400085449219,299.1449890136719,299.5400085449219,34035
2026-03-05 17:11:00+00:00,299.6200866699219,299.6200866699219,299.1549987792969,299.1549987792969,19877
2026-03-05 17:12:00+00:00,299.57000732421875,299.7799987792969,299.44000244140625,299.6000061035156,15364
2026-03-05 17:13:00+00:00,299.2699890136719,299.5400085449219,299.0199890136719,299.5400085449219,64760
2026-03-05 17:14:00+00:00,299.19000244140625,299.3399963378906,299.1499938964844,299.2099914550781,25756
2026-03-05 17:15:00+00:00,298.7900085449219,299.1600036621094,298.7099914550781,299.1499938964844,149306
2026-03-05 17:16:00+00:00,298.82000732421875,298.989990234375,298.7449951171875,298.80999755859375,53755
2026-03-05 17:17:00+00:00,298.80499267578125,298.94000244140625,298.7900085449219,298.8349914550781,43035
2026-03-05 17:18:00+00:00,298.6499938964844,298.8399963378906,298.6499938964844,298.79998779296875,33533
2026-03-05 17:19:00+00:00,298.69000244140625,298.6947937011719,298.5450134277344,298.6300048828125,36306
2026-03-05 17:20:00+00:00,298.69000244140625,298.82000732421875,298.6700134277344,298.69000244140625,24229
2026-03-05 17:21:00+00:00,298.6300048828125,298.7300109863281,298.5400085449219,298.69000244140625,23875
2026-03-05 17:22:00+00:00,298.760009765625,298.79998779296875,298.6600036621094,298.6700134277344,16581
2026-03-05 17:23:00+00:00,298.79998779296875,298.82000732421875,298.67999267578125,298.760009765625,20534
2026-03-05 17:24:00+00:00,298.9530029296875,299.0450134277344,298.7950134277344,298.8599853515625,19584
2026-03-05 17:25:00+00:00,299.0,299.0050048828125,298.8251037597656,298.947509765625,14894
2026-03-05 17:26:00+00:00,298.9700012207031,298.98199462890625,298.69000244140625,298.98199462890625,24138
2026-03-05 17:27:00+00:00,298.92999267578125,299.0799865722656,298.9107971191406,298.9599914550781,26586
2026-03-05 17:28:00+00:00,298.9700012207031,299.2300109863281,298.94970703125,298.94970703125,31207
2026-03-05 17:29:00+00:00,298.67999267578125,299.05999755859375,298.6700134277344,299.05999755859375,42934
2026-03-05 17:30:00+00:00,298.739990234375,298.80999755859375,298.7099914550781,298.7300109863281,19488
2026-03-05 17:31:00+00:00,298.510009765625,298.7200012207031,298.4599914550781,298.70001220703125,59868
2026-03-05 17:32:00+00:00,298.3500061035156,298.57000732421875,298.239990234375,298.5150146484375,43466
2026-03-05 17:33:00+00:00,298.4501037597656,298.6700134277344,298.4100036621094,298.4100036621094,29595
2026-03-05 17:34:00+00:00,298.3399963378906,298.468994140625,298.29998779296875,298.468994140625,26308
2026-03-05 17:35:00+00:00,298.6000061035156,298.69000244140625,298.3699951171875,298.3699951171875,31049
2026-03-05 17:36:00+00:00,298.67010498046875,298.7449951171875,298.54998779296875,298.6099853515625,25569
2026-03-05 17:37:00+00:00,299.2699890136719,299.2699890136719,298.5299987792969,298.5899963378906,85355
2026-03-05 17:38:00+00:00,298.989990234375,299.3699951171875,298.9200134277344,299.30999755859375,35365
2026-03-05 17:39:00+00:00,298.9849853515625,299.0899963378906,298.8900146484375,298.9800109863281,32428
2026-03-05 17:40:00+00:00,299.1438903808594,299.18499755859375,298.8900146484375,299.07000732421875,20705
2026-03-05 17:41:00+00:00,298.8200988769531,299.1434020996094,298.80999755859375,299.1434020996094,18781
2026-03-05 17:42:00+00:00,298.989990234375,299.07000732421875,298.8349914550781,298.8999938964844,27850
2026-03-05 17:43:00+00:00,299.07000732421875,299.19000244140625,298.8500061035156,298.9599914550781,21555
2026-03-05 17:44:00+00:00,299.2099914550781,299.2099914550781,298.9599914550781,299.010009765625,21157
2026-03-05 17:45:00+00:00,299.260009765625,299.29998779296875,299.1600036621094,299.2087097167969,30408
2026-03-05 17:46:00+00:00,299.239990234375,299.30999755859375,299.15008544921875,299.260009765625,35424
2026-03-05 17:47:00+00:00,299.2300109863281,299.36248779296875,299.1600036621094,299.239990234375,23928
2026-03-05 17:48:00+00:00,299.0602111816406,299.29998779296875,298.8999938964844,299.19500732421875,33146
2026-03-05 17:49:00+00:00,298.9200134277344,299.1700134277344,298.8544921875,299.0799865722656,30382
2026-03-05 17:50:00+00:00,299.0,299.0299987792969,298.7799987792969,298.9100036621094,29116
2026-03-05 17:51:00+00:00,299.1099853515625,299.20001220703125,298.9200134277344,299.0,35847
2026-03-05 17:52:00+00:00,299.42999267578125,299.4800109863281,299.06500244140625,299.0799865722656,31203
2026-03-05 17:53:00+00:00,299.2200012207031,299.489990234375,299.2200012207031,299.4599914550781,21200
2026-03-05 17:54:00+00:00,299.2799987792969,299.2900085449219,299.0799865722656,299.2149963378906,13127
2026-03-05 17:55:00+00:00,299.17999267578125,299.2799987792969,298.989990234375,299.2799987792969,18976
2026-03-05 17:56:00+00:00,299.239990234375,299.2699890136719,299.1099853515625,299.1099853515625,23957
2026-03-05 17:57:00+00:00,299.4949951171875,299.5050048828125,299.25,299.29998779296875,27032
2026-03-05 17:58:00+00:00,299.3699951171875,299.57000732421875,299.3699951171875,299.4800109863281,26091
2026-03-05 17:59:00+00:00,299.44500732421875,299.489990234375,299.3299865722656,299.3699951171875,24181
2026-03-05 18:00:00+00:00,299.6300048828125,299.67498779296875,299.3900146484375,299.3900146484375,31681
2026-03-05 18:01:00+00:00,299.5,299.67999267578125,299.44000244140625,299.635009765625,28579
2026-03-05 18:02:00+00:00,299.2699890136719,299.5899963378906,299.2699890136719,299.5199890136719,34277
2026-03-05 18:03:00+00:00,299.4200134277344,299.45001220703125,299.25,299.25,20115
2026-03-05 18:04:00+00:00,299.4700012207031,299.5400085449219,299.3100891113281,299.3900146484375,20516
2026-03-05 18:05:00+00:00,299.6698913574219,299.7300109863281,299.3900146484375,299.4100036621094,17205
2026-03-05 18:06:00+00:00,299.80999755859375,299.80999755859375,299.55999755859375,299.6000061035156,35064
2026-03-05 18:07:00+00:00,300.2099914550781,300.25,299.82000732421875,299.82000732421875,46474
2026-03-05 18:08:00+00:00,300.2200012207031,300.3699951171875,300.1600036621094,300.239990234375,33756
2026-03-05 18:09:00+00:00,300.05999755859375,300.2799987792969,300.0,300.25,47713
2026-03-05 18:10:00+00:00,300.0148010253906,300.07000732421875,299.9100036621094,300.0199890136719,37131
2026-03-05 18:11:00+00:00,299.8299865722656,300.07000732421875,299.8299865722656,299.989990234375,58551
2026-03-05 18:12:00+00:00,300.17999267578125,300.2250061035156,299.82000732421875,299.8599853515625,64920
2026-03-05 18:13:00+00:00,300.0469970703125,300.19000244140625,299.9200134277344,300.19000244140625,28004
2026-03-05 18:14:00+00:00,300.1499938964844,300.29998779296875,299.8500061035156,300.0400085449219,38741
2026-03-05 18:15:00+00:00,300.010009765625,300.260009765625,299.8999938964844,300.1300048828125,28663
2026-03-05 18:16:00+00:00,299.75,300.0199890136719,299.7099914550781,299.9949951171875,36509
2026-03-05 18:17:00+00:00,299.4800109863281,299.7300109863281,299.4599914550781,299.69000244140625,27212
2026-03-05 18:18:00+00:00,299.3800048828125,299.4849853515625,299.23748779296875,299.44000244140625,31352
2026-03-05 18:19:00+00:00,299.1600036621094,299.3900146484375,299.1099853515625,299.3800048828125,31271
2026-03-05 18:20:00+00:00,299.18499755859375,299.3500061035156,299.1600036621094,299.1600036621094,32401
2026-03-05 18:21:00+00:00,299.04998779296875,299.2749938964844,299.0400085449219,299.2099914550781,39429
2026-03-05 18:22:00+00:00,299.239990234375,299.3534851074219,299.0,299.05999755859375,48324
2026-03-05 18:23:00+00:00,299.0199890136719,299.2900085449219,299.010009765625,299.2449951171875,14010
2026-03-05 18:24:00+00:00,299.1199951171875,299.20001220703125,299.0,299.0,24491
2026-03-05 18:25:00+00:00,298.67498779296875,299.12139892578125,298.6300048828125,299.1050109863281,34855
2026-03-05 18:26:00+00:00,298.5199890136719,298.6659851074219,298.510009765625,298.6499938964844,31072
2026-03-05 18:27:00+00:00,298.6700134277344,298.7200012207031,298.55999755859375,298.57000732421875,26304
2026-03-05 18:28:00+00:00,298.54998779296875,298.7300109863281,298.5,298.69000244140625,23408
2026-03-05 18:29:00+00:00,298.3800048828125,298.57000732421875,298.2799987792969,298.55999755859375,46378
2026-03-05 18:30:00+00:00,298.3699951171875,298.63250732421875,298.3500061035156,298.3500061035156,40869
2026-03-05 18:31:00+00:00,298.4599914550781,298.5199890136719,298.239990234375,298.3999938964844,25943
2026-03-05 18:32:00+00:00,298.3299865722656,298.45001220703125,298.20001220703125,298.3999938964844,26999
2026-03-05 18:33:00+00:00,298.3900146484375,298.5,298.2799987792969,298.3196105957031,23336
2026-03-05 18:34:00+00:00,298.29998779296875,298.42498779296875,298.29998779296875,298.3999938964844,16685
2026-03-05 18:35:00+00:00,298.4800109863281,298.52508544921875,298.3393859863281,298.3393859863281,15526
2026-03-05 18:36:00+00:00,298.4800109863281,298.635009765625,298.3999938964844,298.4700012207031,34988
2026-03-05 18:37:00+00:00,298.4859924316406,298.6000061035156,298.45001220703125,298.5199890136719,20656
2026-03-05 18:38:00+00:00,298.6300048828125,298.67999267578125,298.4750061035156,298.5,32411
2026-03-05 18:39:00+00:00,298.489990234375,298.67999267578125,298.46990966796875,298.6300048828125,17508
2026-03-05 18:40:00+00:00,298.6499938964844,298.6499938964844,298.3599853515625,298.45001220703125,20870
2026-03-05 18:41:00+00:00,298.4599914550781,298.6300048828125,298.3900146484375,298.6300048828125,124182
2026-03-05 18:42:00+00:00,298.5274963378906,298.55999755859375,298.44549560546875,298.5,16753
2026-03-05 18:43:00+00:00,298.4849853515625,298.6099853515625,298.42999267578125,298.6099853515625,22362
2026-03-05 18:44:00+00:00,298.5199890136719,298.5799865722656,298.3500061035156,298.4800109863281,29310
2026-03-05 18:45:00+00:00,298.1600036621094,298.5400085449219,298.1300048828125,298.5299987792969,35179
2026-03-05 18:46:00+00:00,298.5600891113281,298.6300048828125,298.07000732421875,298.1400146484375,64472
2026-03-05 18:47:00+00:00,298.5599060058594,298.6130065917969,298.44000244140625,298.57000732421875,30660
2026-03-05 18:48:00+00:00,298.7200012207031,298.82000732421875,298.32501220703125,298.5799865722656,58027
2026-03-05 18:49:00+00:00,298.7099914550781,298.7099914550781,298.5199890136719,298.69000244140625,13018
2026-03-05 18:50:00+00:00,298.67999267578125,298.760009765625,298.5,298.7099914550781,21450
2026-03-05 18:51:00+00:00,298.4599914550781,298.8251037597656,298.4599914550781,298.6650085449219,22272
2026-03-05 18:52:00+00:00,298.5299987792969,298.6300048828125,298.3900146484375,298.44500732421875,30716
2026-03-05 18:53:00+00:00,298.4599914550781,298.54998779296875,298.44000244140625,298.5249938964844,18564
2026-03-05 18:54:00+00:00,298.2099914550781,298.5400085449219,298.19000244140625,298.4549865722656,26133
2026-03-05 18:55:00+00:00,298.2799987792969,298.3799133300781,298.2349853515625,298.25,17785
2026-03-05 18:56:00+00:00,298.2200012207031,298.42999267578125,298.20001220703125,298.2950134277344,14754
2026-03-05 18:57:00+00:00,298.4737854003906,298.5,298.2200012207031,298.2300109863281,19830
2026-03-05 18:58:00+00:00,298.5799865722656,298.7799987792969,298.5199890136719,298.54998779296875,30347
2026-03-05 18:59:00+00:00,298.6099853515625,298.6698913574219,298.5799865722656,298.6099853515625,13280
2026-03-05 19:00:00+00:00,298.6449890136719,298.7099914550781,298.4700012207031,298.6400146484375,22727
2026-03-05 19:01:00+00:00,298.7200012207031,298.8399963378906,298.6600036621094,298.68499755859375,16740
2026-03-05 19:02:00+00:00,298.98779296875,299.02130126953125,298.67999267578125,298.7149963378906,67355
2026-03-05 19:03:00+00:00,298.8999938964844,299.0899963378906,298.8599853515625,298.9599914550781,26808
2026-03-05 19:04:00+00:00,298.8699951171875,299.0199890136719,298.7650146484375,298.8800048828125,24833
2026-03-05 19:05:00+00:00,298.9100036621094,298.9100036621094,298.760009765625,298.9100036621094,16219
2026-03-05 19:06:00+00:00,298.75,299.07000732421875,298.7449951171875,298.8900146484375,41360
2026-03-05 19:07:00+00:00,298.75,298.84991455078125,298.6600036621094,298.75,17853
2026-03-05 19:08:00+00:00,298.79998779296875,298.8500061035156,298.7099914550781,298.7900085449219,23040
2026-03-05 19:09:00+00:00,298.8399963378906,298.8500061035156,298.69000244140625,298.760009765625,18796
2026-03-05 19:10:00+00:00,298.92999267578125,298.9750061035156,298.6700134277344,298.7799987792969,45085
2026-03-05 19:11:00+00:00,298.9100036621094,299.0799865722656,298.8800048828125,298.9800109863281,27619
2026-03-05 19:12:00+00:00,299.1400146484375,299.2099914550781,298.9200134277344,298.95001220703125,19716
2026-03-05 19:13:00+00:00,299.17999267578125,299.30999755859375,299.0400085449219,299.1700134277344,23304
2026-03-05 19:14:00+00:00,299.010009765625,299.2099914550781,298.92999267578125,299.20001220703125,20523
2026-03-05 19:15:00+00:00,298.9200134277344,299.03021240234375,298.8409118652344,299.03021240234375,19571
2026-03-05 19:16:00+00:00,298.95001220703125,299.04998779296875,298.8699951171875,298.9100036621094,25144
2026-03-05 19:17:00+00:00,299.0899963378906,299.1700134277344,298.9375,298.9527893066406,13794
2026-03-05 19:18:00+00:00,299.0350036621094,299.0899963378906,298.9750061035156,299.0299987792969,19048
2026-03-05 19:19:00+00:00,299.2099914550781,299.25,299.0177001953125,299.0199890136719,39118
2026-03-05 19:20:00+00:00,299.2200012207031,299.4599914550781,299.2087097167969,299.2799987792969,23707
2026-03-05 19:21:00+00:00,299.25360107421875,299.2699890136719,299.1199951171875,299.20001220703125,16930
2026-03-05 19:22:00+00:00,299.2699890136719,299.3800048828125,299.1700134277344,299.2200012207031,28322
2026-03-05 19:23:00+00:00,299.2980041503906,299.3500061035156,299.2099914550781,299.260009765625,10467
2026-03-05 19:24:00+00:00,299.5,299.5,299.17498779296875,299.2900085449219,15056
2026-03-05 19:25:00+00:00,299.1300048828125,299.6300048828125,299.1300048828125,299.510009765625,35158
2026-03-05 19:26:00+00:00,299.2099914550781,299.239990234375,299.0400085449219,299.1600036621094,36984
2026-03-05 19:27:00+00:00,299.19000244140625,299.3299865722656,299.1050109863281,299.239990234375,20869
2026-03-05 19:28:00+00:00,299.30499267578125,299.42999267578125,299.17999267578125,299.20001220703125,48661
2026-03-05 19:29:00+00:00,299.4200134277344,299.42999267578125,299.239990234375,299.3299865722656,34564
2026-03-05 19:30:00+00:00,299.1300048828125,299.32000732421875,299.0400085449219,299.32000732421875,37372
2026-03-05 19:31:00+00:00,299.0799865722656,299.2099914550781,299.0799865722656,299.19000244140625,22950
2026-03-05 19:32:00+00:00,299.05999755859375,299.1099853515625,298.8699951171875,299.0799865722656,42038
2026-03-05 19:33:00+00:00,299.1400146484375,299.2699890136719,299.04998779296875,299.1499938964844,46903
2026-03-05 19:34:00+00:00,299.1300048828125,299.17999267578125,299.04998779296875,299.1400146484375,21664
2026-03-05 19:35:00+00:00,299.05999755859375,299.1600036621094,299.0400085449219,299.0899963378906,15379
2026-03-05 19:36:00+00:00,299.30999755859375,299.3800048828125,299.0,299.0400085449219,26870
2026-03-05 19:37:00+00:00,299.7298889160156,299.7300109863281,299.3999938964844,299.3999938964844,55299
2026-03-05 19:38:00+00:00,299.7799987792969,299.93499755859375,299.739990234375,299.739990234375,34934
2026-03-05 19:39:00+00:00,299.7300109863281,299.7300109863281,299.5299987792969,299.7099914550781,17826
2026-03-05 19:40:00+00:00,299.80999755859375,299.80999755859375,299.6099853515625,299.67999267578125,26864
2026-03-05 19:41:00+00:00,299.739990234375,299.9100036621094,299.7130126953125,299.8399963378906,31909
2026-03-05 19:42:00+00:00,299.6199951171875,299.7499084472656,299.4700012207031,299.7499084472656,22082
2026-03-05 19:43:00+00:00,299.6400146484375,299.6700134277344,299.489990234375,299.6600036621094,16652
2026-03-05 19:44:00+00:00,299.8500061035156,299.8500061035156,299.67999267578125,299.67999267578125,22341
2026-03-05 19:45:00+00:00,299.79998779296875,299.8699951171875,299.54998779296875,299.8699951171875,30118
2026-03-05 19:46:00+00:00,299.67498779296875,299.8299865722656,299.54998779296875,299.79510498046875,22220
2026-03-05 19:47:00+00:00,299.6401062011719,299.67999267578125,299.4599914550781,299.6600036621094,27884
2026-03-05 19:48:00+00:00,299.625,299.7049865722656,299.55999755859375,299.69000244140625,15139
2026-03-05 19:49:00+00:00,299.7099914550781,299.79998779296875,299.6000061035156,299.6000061035156,24329
2026-03-05 19:50:00+00:00,299.760009765625,299.8599853515625,299.7300109863281,299.7300109863281,25715
2026-03-05 19:51:00+00:00,299.7300109863281,299.8550109863281,299.6000061035156,299.8550109863281,36187
2026-03-05 19:52:00+00:00,299.6549987792969,299.8399963378906,299.5329895019531,299.75,30533
2026-03-05 19:53:00+00:00,299.6400146484375,299.7049865722656,299.6000061035156,299.6400146484375,15382
2026-03-05 19:54:00+00:00,299.45001220703125,299.6182861328125,299.45001220703125,299.6182861328125,21491
2026-03-05 19:55:00+00:00,299.3200988769531,299.4800109863281,299.260009765625,299.4400939941406,17302
2026-03-05 19:56:00+00:00,299.3341979980469,299.42999267578125,299.2699890136719,299.3319091796875,24345
2026-03-05 19:57:00+00:00,299.4599914550781,299.55999755859375,299.3450927734375,299.3450927734375,22759
2026-03-05 19:58:00+00:00,299.3999938964844,299.44000244140625,299.25,299.44000244140625,20392
2026-03-05 19:59:00+00:00,299.260009765625,299.33929443359375,299.2300109863281,299.3299865722656,23374
2026-03-05 20:00:00+00:00,299.1400146484375,299.260009765625,299.07000732421875,299.260009765625,27395
2026-03-05 20:01:00+00:00,299.2699890136719,299.29998779296875,299.135009765625,299.1600036621094,19312
2026-03-05 20:02:00+00:00,299.2149963378906,299.3500061035156,299.1400146484375,299.2900085449219,20690
2026-03-05 20:03:00+00:00,299.010009765625,299.1600036621094,298.9100036621094,299.1600036621094,28820
2026-03-05 20:04:00+00:00,299.45001220703125,299.57000732421875,298.80999755859375,299.010009765625,133889
2026-03-05 20:05:00+00:00,299.0199890136719,299.42999267578125,298.94000244140625,299.42999267578125,61666
2026-03-05 20:06:00+00:00,298.8999938964844,299.07000732421875,298.7799987792969,298.989990234375,39059
2026-03-05 20:07:00+00:00,298.7799987792969,299.0899963378906,298.7799987792969,298.95001220703125,23699
2026-03-05 20:08:00+00:00,299.489990234375,299.489990234375,298.7699890136719,298.7699890136719,44568
2026-03-05 20:09:00+00:00,299.2300109863281,299.54998779296875,299.17999267578125,299.4800109863281,36419
2026-03-05 20:10:00+00:00,299.57000732421875,299.57000732421875,299.19000244140625,299.2200927734375,24541
2026-03-05 20:11:00+00:00,299.5450134277344,299.7099914550781,299.4800109863281,299.54998779296875,29247
2026-03-05 20:12:00+00:00,299.3900146484375,299.6896057128906,299.3900146484375,299.4549865722656,24952
2026-03-05 20:13:00+00:00,299.6400146484375,299.67999267578125,299.3399963378906,299.3399963378906,38352
2026-03-05 20:14:00+00:00,299.9549865722656,299.9549865722656,299.6039123535156,299.6039123535156,30821
2026-03-05 20:15:00+00:00,299.9800109863281,300.3699951171875,299.95001220703125,299.95001220703125,67756
2026-03-05 20:16:00+00:00,300.2300109863281,300.23699951171875,299.9599914550781,300.0,32100
2026-03-05 20:17:00+00:00,299.989990234375,300.3599853515625,299.95001220703125,300.2598876953125,35419
2026-03-05 20:18:00+00:00,300.3900146484375,300.4179992675781,299.989990234375,299.989990234375,32422
2026-03-05 20:19:00+00:00,300.239990234375,300.4800109863281,300.2200012207031,300.3800048828125,34340
2026-03-05 20:20:00+00:00,300.25,300.3800048828125,300.1700134277344,300.239990234375,23834
2026-03-05 20:21:00+00:00,300.30999755859375,300.4750061035156,300.239990234375,300.260009765625,58693
2026-03-05 20:22:00+00:00,300.32000732421875,300.3599853515625,300.1600036621094,300.260009765625,27235
2026-03-05 20:23:00+00:00,300.2799987792969,300.4100036621094,300.1099853515625,300.2650146484375,32381
2026-03-05 20:24:00+00:00,300.3699035644531,300.3900146484375,300.0899963378906,300.2200012207031,38583
2026-03-05 20:25:00+00:00,300.4800109863281,300.7449951171875,300.3699951171875,300.3999938964844,69853
2026-03-05 20:26:00+00:00,300.3800048828125,300.55999755859375,300.3399963378906,300.4750061035156,39763
2026-03-05 20:27:00+00:00,300.1499938964844,300.44000244140625,300.1499938964844,300.3800048828125,29126
2026-03-05 20:28:00+00:00,299.989990234375,300.25,299.989990234375,300.14300537109375,38888
2026-03-05 20:29:00+00:00,299.989990234375,300.0450134277344,299.8299865722656,299.9800109863281,33035
2026-03-05 20:30:00+00:00,299.9798889160156,300.1700134277344,299.7300109863281,300.04998779296875,41476
2026-03-05 20:31:00+00:00,300.0400085449219,300.1000061035156,299.8599853515625,300.010009765625,27758
2026-03-05 20:32:00+00:00,299.8900146484375,300.0799865722656,299.860107421875,300.0350036621094,57142
2026-03-05 20:33:00+00:00,299.9198913574219,299.95001220703125,299.6099853515625,299.95001220703125,41571
2026-03-05 20:34:00+00:00,299.9200134277344,300.07501220703125,299.8900146484375,299.989990234375,46229
2026-03-05 20:35:00+00:00,299.9208984375,300.1091003417969,299.8800964355469,299.9599914550781,20335
2026-03-05 20:36:00+00:00,299.7799987792969,299.95001220703125,299.7445068359375,299.95001220703125,25436
2026-03-05 20:37:00+00:00,299.82000732421875,299.9385986328125,299.75,299.7900085449219,14947
2026-03-05 20:38:00+00:00,299.80999755859375,299.8951110839844,299.7099914550781,299.8399963378906,33702
2026-03-05 20:39:00+00:00,299.7300109863281,299.8500061035156,299.6400146484375,299.7799987792969,28040
2026-03-05 20:40:00+00:00,299.5899963378906,299.7300109863281,299.5899963378906,299.7300109863281,22442
2026-03-05 20:41:00+00:00,299.5199890136719,299.57000732421875,299.4100036621094,299.54998779296875,29503
2026-03-05 20:42:00+00:00,299.3900146484375,299.6000061035156,299.3900146484375,299.54998779296875,32400
2026-03-05 20:43:00+00:00,299.1487121582031,299.3399963378906,299.1000061035156,299.3399963378906,34302
2026-03-05 20:44:00+00:00,299.239990234375,299.239990234375,299.1099853515625,299.1400146484375,24013
2026-03-05 20:45:00+00:00,299.3699035644531,299.44000244140625,299.2799987792969,299.2799987792969,35845
2026-03-05 20:46:00+00:00,299.43499755859375,299.4800109863281,299.29998779296875,299.39990234375,35627
2026-03-05 20:47:00+00:00,299.40948486328125,299.5299987792969,299.31500244140625,299.465087890625,34763
2026-03-05 20:48:00+00:00,299.57000732421875,299.6000061035156,299.30999755859375,299.4200134277344,33167
2026-03-05 20:49:00+00:00,299.6600036621094,299.6600036621094,299.510009765625,299.58990478515625,27641
2026-03-05 20:50:00+00:00,300.1499938964844,300.29998779296875,299.70001220703125,299.7200012207031,166446
2026-03-05 20:51:00+00:00,300.0899963378906,300.21600341796875,299.83770751953125,300.1400146484375,41568
2026-03-05 20:52:00+00:00,300.2699890136719,300.2699890136719,300.04998779296875,300.1000061035156,51405
2026-03-05 20:53:00+00:00,300.4100036621094,300.5199890136719,300.20001220703125,300.2799987792969,60858
2026-03-05 20:54:00+00:00,300.7200012207031,300.79998779296875,300.35101318359375,300.3699951171875,122594
2026-03-05 20:55:00+00:00,300.7074890136719,301.07000732421875,300.6700134277344,300.75,229825
2026-03-05 20:56:00+00:00,301.1400146484375,301.1499938964844,300.6199951171875,300.67999267578125,156313
2026-03-05 20:57:00+00:00,301.2764892578125,301.42999267578125,301.06500244140625,301.1600036621094,278574
2026-03-05 20:58:00+00:00,301.0400085449219,301.2900085449219,301.0249938964844,301.2799987792969,241342
2026-03-05 20:59:00+00:00,301.010009765625,301.07000732421875,300.7300109863281,301.0400085449219,516875
2026-03-06 14:30:00+00:00,295.7300109863281,296.4991149902344,295.2699890136719,296.0719909667969,934008
2026-03-06 14:31:00+00:00,296.5199890136719,296.67999267578125,295.7300109863281,295.75,119958
2026-03-06 14:32:00+00:00,297.32000732421875,297.4200134277344,296.25,296.510009765625,80941
2026-03-06 14:33:00+00:00,297.510009765625,298.25,297.239990234375,297.29998779296875,130396
2026-03-06 14:34:00+00:00,297.7724914550781,297.8800048828125,297.2799987792969,297.5,68840
2026-03-06 14:35:00+00:00,296.8500061035156,297.8800048828125,296.6400146484375,297.82000732421875,63374
2026-03-06 14:36:00+00:00,296.55499267578125,296.80999755859375,295.760009765625,296.75,123210
2026-03-06 14:37:00+00:00,296.0150146484375,296.69879150390625,295.80999755859375,296.5050048828125,61310
2026-03-06 14:38:00+00:00,296.7250061035156,296.8299865722656,295.7799987792969,296.05999755859375,66051
2026-03-06 14:39:00+00:00,296.135009765625,296.80499267578125,296.1000061035156,296.80499267578125,32880
2026-03-06 14:40:00+00:00,296.4800109863281,297.17999267578125,296.0299987792969,296.1600036621094,67302
2026-03-06 14:41:00+00:00,297.3299865722656,297.375,296.3999938964844,296.5299987792969,40907
2026-03-06 14:42:00+00:00,297.1099853515625,297.45001220703125,296.93011474609375,297.42999267578125,48654
2026-03-06 14:43:00+00:00,297.0950012207031,297.6400146484375,296.9330139160156,297.1499938964844,42339
2026-03-06 14:44:00+00:00,297.17999267578125,297.43499755859375,297.1000061035156,297.1300048828125,43668
2026-03-06 14:45:00+00:00,297.3800048828125,297.739990234375,297.0899963378906,297.2200012207031,42001
2026-03-06 14:46:00+00:00,297.0,297.69500732421875,296.8599853515625,297.3999938964844,47780
2026-03-06 14:47:00+00:00,297.77508544921875,297.8999938964844,296.79998779296875,296.95001220703125,44351
2026-03-06 14:48:00+00:00,297.8450012207031,297.9399108886719,297.4599914550781,297.8299865722656,52762
2026-03-06 14:49:00+00:00,297.6600036621094,298.0,297.6000061035156,297.8599853515625,53701
2026-03-06 14:50:00+00:00,297.57000732421875,298.0799865722656,297.45001220703125,297.6401062011719,50166
2026-03-06 14:51:00+00:00,297.69000244140625,298.0794982910156,297.4599914550781,297.7200012207031,32694
2026-03-06 14:52:00+00:00,297.1459045410156,297.75,297.0849914550781,297.6700134277344,20311
2026-03-06 14:53:00+00:00,297.2300109863281,297.5350036621094,297.0,297.1650085449219,31842
2026-03-06 14:54:00+00:00,297.4433898925781,297.5249938964844,297.2099914550781,297.2099914550781,56389
2026-03-06 14:55:00+00:00,297.6700134277344,297.7300109863281,297.3299865722656,297.5299987792969,37302
2026-03-06 14:56:00+00:00,297.75,297.75,297.1600036621094,297.6199951171875,33299
2026-03-06 14:57:00+00:00,298.1400146484375,298.20001220703125,297.5700988769531,297.7699890136719,43988
2026-03-06 14:58:00+00:00,297.5400085449219,298.1650085449219,297.3699951171875,298.1650085449219,147971
2026-03-06 14:59:00+00:00,298.3500061035156,298.5799865722656,297.3900146484375,297.4599914550781,72431
2026-03-06 15:00:00+00:00,298.79998779296875,299.0,298.3599853515625,298.45001220703125,67674
2026-03-06 15:01:00+00:00,298.8210144042969,299.1400146484375,298.6400146484375,298.9184875488281,60796
2026-03-06 15:02:00+00:00,299.30499267578125,299.3599853515625,298.864990234375,298.864990234375,46595
2026-03-06 15:03:00+00:00,299.0,299.3500061035156,299.0,299.2200927734375,32693
2026-03-06 15:04:00+00:00,299.07000732421875,299.1400146484375,298.69000244140625,298.9100036621094,30525
2026-03-06 15:05:00+00:00,298.9901123046875,299.2300109863281,298.67999267578125,299.1228942871094,36260
2026-03-06 15:06:00+00:00,298.9800109863281,299.29998779296875,298.9599914550781,299.07000732421875,30568
2026-03-06 15:07:00+00:00,298.364990234375,299.0,298.25,298.92999267578125,37302
2026-03-06 15:08:00+00:00,298.17999267578125,298.53509521484375,298.1199951171875,298.3699951171875,43158
2026-03-06 15:09:00+00:00,298.0799865722656,298.260009765625,297.80010986328125,298.1499938964844,48099
2026-03-06 15:10:00+00:00,297.92010498046875,298.2099914550781,297.8399963378906,298.19000244140625,57911
2026-03-06 15:11:00+00:00,298.7300109863281,298.80999755859375,298.04998779296875,298.0799865722656,54225
2026-03-06 15:12:00+00:00,298.94000244140625,299.0799865722656,298.79998779296875,298.8800048828125,60945
2026-03-06 15:13:00+00:00,299.50750732421875,299.54998779296875,298.9700012207031,299.0199890136719,60693
2026-03-06 15:14:00+00:00,299.510009765625,299.5639953613281,299.1199951171875,299.5,32520
2026-03-06 15:15:00+00:00,299.3399963378906,299.6000061035156,299.2401123046875,299.4100036621094,23054
2026-03-06 15:16:00+00:00,299.1600036621094,299.4700012207031,299.0299987792969,299.2900085449219,36594
2026-03-06 15:17:00+00:00,299.5,299.5799865722656,299.1000061035156,299.114990234375,36427
2026-03-06 15:18:00+00:00,299.360107421875,299.67999267578125,299.30999755859375,299.6000061035156,31602
2026-03-06 15:19:00+00:00,299.8900146484375,299.8900146484375,299.385009765625,299.385009765625,47701
2026-03-06 15:20:00+00:00,299.70001220703125,300.0799865722656,299.69000244140625,299.875,41301
2026-03-06 15:21:00+00:00,299.5450134277344,299.8599853515625,299.32000732421875,299.7300109863281,25196
2026-03-06 15:22:00+00:00,299.69189453125,299.69189453125,299.32000732421875,299.5199890136719,29293
2026-03-06 15:23:00+00:00,299.5899963378906,299.8900146484375,299.5249938964844,299.760009765625,18540
2026-03-06 15:24:00+00:00,299.6499938964844,299.80999755859375,299.5950012207031,299.5950012207031,214924
2026-03-06 15:25:00+00:00,299.3699951171875,299.57000732421875,299.35009765625,299.57000732421875,14883
2026-03-06 15:26:00+00:00,299.3599853515625,299.54998779296875,299.29998779296875,299.3399963378906,32331
2026-03-06 15:27:00+00:00,299.5400085449219,299.5968933105469,299.32000732421875,299.44000244140625,20595
2026-03-06 15:28:00+00:00,299.4100036621094,299.6400146484375,299.25,299.6400146484375,10780
2026-03-06 15:29:00+00:00,299.67999267578125,299.67999267578125,299.42999267578125,299.5,19385
2026-03-06 15:30:00+00:00,299.69000244140625,299.8450012207031,299.6300048828125,299.739990234375,27882
2026-03-06 15:31:00+00:00,299.65509033203125,300.010009765625,299.6549987792969,299.7049865722656,26542
2026-03-06 15:32:00+00:00,299.68499755859375,299.7650146484375,299.5299987792969,299.7200012207031,21233
2026-03-06 15:33:00+00:00,299.6499938964844,299.7298889160156,299.5,299.6499938964844,21880
2026-03-06 15:34:00+00:00,299.7200012207031,299.7200012207031,299.4800109863281,299.68499755859375,22914
2026-03-06 15:35:00+00:00,300.0,300.0,299.5899963378906,299.7049865722656,30380
2026-03-06 15:36:00+00:00,300.02801513671875,300.1700134277344,299.8900146484375,300.0,53365
2026-03-06 15:37:00+00:00,300.07000732421875,300.1400146484375,299.94500732421875,300.0,21453
2026-03-06 15:38:00+00:00,300.2799987792969,300.3299865722656,300.0249938964844,300.04998779296875,26310
2026-03-06 15:39:00+00:00,300.260009765625,300.29998779296875,300.0799865722656,300.260009765625,35654
2026-03-06 15:40:00+00:00,300.0199890136719,300.2699890136719,300.0,300.239990234375,29380
2026-03-06 15:41:00+00:00,299.5799865722656,300.0199890136719,299.510009765625,300.0199890136719,26127
2026-03-06 15:42:00+00:00,299.44000244140625,299.6300048828125,299.44000244140625,299.58551025390625,35651
2026-03-06 15:43:00+00:00,299.4750061035156,299.5350036621094,299.3599853515625,299.45001220703125,24038
2026-03-06 15:44:00+00:00,299.45440673828125,299.6694030761719,299.45001220703125,299.4700012207031,38086
2026-03-06 15:45:00+00:00,299.3900146484375,299.6199951171875,299.2799987792969,299.4649963378906,20092
2026-03-06 15:46:00+00:00,299.3599853515625,299.5299987792969,299.2550048828125,299.5,15567
2026-03-06 15:47:00+00:00,299.4700012207031,299.56878662109375,299.3550109863281,299.3550109863281,13934
2026-03-06 15:48:00+00:00,299.4599914550781,299.5400085449219,299.25,299.5,18867
2026-03-06 15:49:00+00:00,299.42999267578125,299.4607849121094,299.2300109863281,299.4590148925781,18296
2026-03-06 15:50:00+00:00,299.0400085449219,299.4200134277344,298.9515075683594,299.4200134277344,40498
2026-03-06 15:51:00+00:00,298.75,298.9800109863281,298.7300109863281,298.9200134277344,22149
2026-03-06 15:52:00+00:00,298.95001220703125,299.0,298.75,298.7900085449219,31450
2026-03-06 15:53:00+00:00,298.989990234375,299.19000244140625,298.8699951171875,299.010009765625,213136
2026-03-06 15:54:00+00:00,299.0400085449219,299.19000244140625,298.8900146484375,299.04998779296875,22453
2026-03-06 15:55:00+00:00,299.6050109863281,299.6199951171875,298.989990234375,299.0400085449219,29694
2026-03-06 15:56:00+00:00,299.9747009277344,300.0400085449219,299.6199951171875,299.6700134277344,43857
2026-03-06 15:57:00+00:00,299.9100036621094,300.0899963378906,299.8800048828125,300.0,23687
2026-03-06 15:58:00+00:00,299.875,300.04998779296875,299.67999267578125,299.92498779296875,22855
2026-03-06 15:59:00+00:00,299.54998779296875,299.9700012207031,299.44500732421875,299.8299865722656,25372
2026-03-06 16:00:00+00:00,299.7749938964844,299.8299865722656,299.3999938964844,299.6000061035156,18444
2026-03-06 16:01:00+00:00,299.8999938964844,300.05999755859375,299.8299865722656,299.8299865722656,32417
2026-03-06 16:02:00+00:00,299.7550048828125,299.8699951171875,299.6499938964844,299.8699951171875,30869
2026-03-06 16:03:00+00:00,299.8800048828125,299.9200134277344,299.75,299.76849365234375,14480
2026-03-06 16:04:00+00:00,300.1065979003906,300.1300048828125,299.8699951171875,299.92999267578125,29004
2026-03-06 16:05:00+00:00,299.7300109863281,300.1099853515625,299.7099914550781,300.0950012207031,13766
2026-03-06 16:06:00+00:00,299.3900146484375,299.8699951171875,299.3599853515625,299.7301025390625,24102
2026-03-06 16:07:00+00:00,299.44000244140625,299.54998779296875,299.3599853515625,299.5,18172
2026-03-06 16:08:00+00:00,299.3800048828125,299.5,299.3699951171875,299.4200134277344,13211
2026-03-06 16:09:00+00:00,299.5899963378906,299.7799987792969,299.3599853515625,299.3599853515625,15659
2026-03-06 16:10:00+00:00,299.5539855957031,299.5539855957031,299.4200134277344,299.510009765625,13122
2026-03-06 16:11:00+00:00,299.3450012207031,299.5199890136719,299.25,299.4800109863281,27157
2026-03-06 16:12:00+00:00,299.260009765625,299.4800109863281,299.260009765625,299.3500061035156,13362
2026-03-06 16:13:00+00:00,299.3399963378906,299.4700012207031,299.30999755859375,299.3346862792969,13243
2026-03-06 16:14:00+00:00,299.3399963378906,299.42999267578125,299.260009765625,299.30999755859375,14997
2026-03-06 16:15:00+00:00,299.45001220703125,299.4700012207031,299.25,299.3800048828125,14210
2026-03-06 16:16:00+00:00,299.5400085449219,299.95001220703125,299.5000915527344,299.5000915527344,16964
2026-03-06 16:17:00+00:00,299.5899963378906,299.79998779296875,299.5899963378906,299.6499938964844,23000
2026-03-06 16:18:00+00:00,299.8699951171875,299.8999938964844,299.6000061035156,299.6300048828125,9357
2026-03-06 16:19:00+00:00,299.9599914550781,299.9800109863281,299.7799987792969,299.95001220703125,17950
2026-03-06 16:20:00+00:00,299.4649963378906,299.989990234375,299.3999938964844,299.95001220703125,14879
2026-03-06 16:21:00+00:00,299.3299865722656,299.5799865722656,299.2099914550781,299.54998779296875,19383
2026-03-06 16:22:00+00:00,299.05999755859375,299.30999755859375,299.0199890136719,299.29998779296875,14750
2026-03-06 16:23:00+00:00,298.8399963378906,299.0799865722656,298.7699890136719,299.05999755859375,56627
2026-03-06 16:24:00+00:00,299.0799865722656,299.1000061035156,298.69000244140625,298.8999938964844,20728
2026-03-06 16:25:00+00:00,299.17010498046875,299.29998779296875,299.0799865722656,299.0799865722656,11603
2026-03-06 16:26:00+00:00,299.0199890136719,299.19000244140625,298.95001220703125,299.19000244140625,32829
2026-03-06 16:27:00+00:00,298.989990234375,299.1650085449219,298.989990234375,299.05499267578125,10161
2026-03-06 16:28:00+00:00,299.17498779296875,299.17498779296875,298.9700012207031,298.989990234375,24949
2026-03-06 16:29:00+00:00,299.42999267578125,299.4693908691406,299.135009765625,299.18499755859375,9579
2026-03-06 16:30:00+00:00,299.07000732421875,299.42999267578125,299.0299987792969,299.4200134277344,11862
2026-03-06 16:31:00+00:00,299.1199951171875,299.17999267578125,298.92999267578125,299.05999755859375,17981
2026-03-06 16:32:00+00:00,299.2950134277344,299.2950134277344,299.0950012207031,299.0950012207031,13110
2026-03-06 16:33:00+00:00,299.04998779296875,299.3099060058594,298.9700012207031,299.3099060058594,12663
2026-03-06 16:34:00+00:00,298.9100036621094,299.1000061035156,298.739990234375,299.1000061035156,21811
2026-03-06 16:35:00+00:00,298.9599914550781,299.17999267578125,298.8299865722656,298.8399963378906,16461
2026-03-06 16:36:00+00:00,299.3699951171875,299.3699951171875,299.0050048828125,299.05999755859375,22403
2026-03-06 16:37:00+00:00,299.5,299.6099853515625,299.385009765625,299.385009765625,19127
2026-03-06 16:38:00+00:00,299.45001220703125,299.54998779296875,299.3299865722656,299.5199890136719,9251
2026-03-06 16:39:00+00:00,299.3599853515625,299.4822998046875,299.30999755859375,299.3999938964844,9406
2026-03-06 16:40:00+00:00,299.2149963378906,299.4599914550781,299.0899963378906,299.4200134277344,14859
2026-03-06 16:41:00+00:00,299.1000061035156,299.3599853515625,299.0199890136719,299.2349853515625,21997
2026-03-06 16:42:00+00:00,299.2699890136719,299.3599853515625,299.0899963378906,299.1199951171875,12426
2026-03-06 16:43:00+00:00,299.5299987792969,299.5299987792969,299.17449951171875,299.2799987792969,13153
2026-03-06 16:44:00+00:00,299.3399963378906,299.5299987792969,299.260009765625,299.518310546875,28952
2026-03-06 16:45:00+00:00,299.849609375,299.849609375,299.2900085449219,299.32000732421875,12566
2026-03-06 16:46:00+00:00,299.6600036621094,299.8599853515625,299.5799865722656,299.8443908691406,20613
2026-03-06 16:47:00+00:00,299.5559997558594,299.8399963378906,299.44000244140625,299.6400146484375,22352
2026-03-06 16:48:00+00:00,299.72100830078125,299.760009765625,299.4200134277344,299.5400085449219,18767
2026-03-06 16:49:00+00:00,299.3699951171875,299.7099914550781,299.3699951171875,299.7099914550781,27496
2026-03-06 16:50:00+00:00,299.67498779296875,299.6986083984375,299.3800048828125,299.4599914550781,5828
2026-03-06 16:51:00+00:00,299.69000244140625,299.8699951171875,299.69000244140625,299.7749938964844,30097
2026-03-06 16:52:00+00:00,299.489990234375,299.69000244140625,299.4200134277344,299.67999267578125,18314
2026-03-06 16:53:00+00:00,299.4100036621094,299.6499938964844,299.3299865722656,299.5,20989
2026-03-06 16:54:00+00:00,298.92999267578125,299.385498046875,298.8500061035156,299.32000732421875,29407
2026-03-06 16:55:00+00:00,298.79998779296875,298.9117126464844,298.70001220703125,298.9117126464844,22923
2026-03-06 16:56:00+00:00,298.82000732421875,298.82000732421875,298.5899963378906,298.75,31602
2026-03-06 16:57:00+00:00,299.2300109863281,299.2919006347656,298.70001220703125,298.7701110839844,19347
2026-03-06 16:58:00+00:00,299.16729736328125,299.2499084472656,298.989990234375,299.20001220703125,19775
2026-03-06 16:59:00+00:00,299.0199890136719,299.1199951171875,299.0101013183594,299.1000061035156,16426
2026-03-06 17:00:00+00:00,299.0299987792969,299.0899963378906,298.80999755859375,299.04998779296875,32386
2026-03-06 17:01:00+00:00,299.12921142578125,299.1600036621094,298.9750061035156,299.0249938964844,16139
2026-03-06 17:02:00+00:00,298.885009765625,299.1700134277344,298.8800048828125,299.114990234375,19484
2026-03-06 17:03:00+00:00,299.32000732421875,299.3599853515625,298.864990234375,298.864990234375,21677
2026-03-06 17:04:00+00:00,299.3949890136719,299.7099914550781,299.31201171875,299.3500061035156,34000
2026-03-06 17:05:00+00:00,299.3999938964844,299.510009765625,299.2301025390625,299.375,30147
2026-03-06 17:06:00+00:00,299.07000732421875,299.3999938964844,298.9700012207031,299.3999938964844,38546
2026-03-06 17:07:00+00:00,299.0310974121094,299.1449890136719,298.95001220703125,299.04010009765625,15832
2026-03-06 17:08:00+00:00,298.8999938964844,299.1400146484375,298.8900146484375,299.0899963378906,20275
2026-03-06 17:09:00+00:00,299.0498962402344,299.1199951171875,298.8599853515625,298.8999938964844,32183
2026-03-06 17:10:00+00:00,298.92999267578125,299.1700134277344,298.92999267578125,299.07000732421875,15568
2026-03-06 17:11:00+00:00,298.8900146484375,299.0199890136719,298.8616943359375,298.9100036621094,18521
2026-03-06 17:12:00+00:00,298.9700012207031,298.9986877441406,298.8500061035156,298.8500061035156,21028
2026-03-06 17:13:00+00:00,298.94000244140625,299.0376892089844,298.8900146484375,298.8900146484375,8878
2026-03-06 17:14:00+00:00,298.9100036621094,298.92999267578125,298.79998779296875,298.8999938964844,14878
2026-03-06 17:15:00+00:00,298.94000244140625,299.0400085449219,298.8204040527344,298.9700927734375,17718
2026-03-06 17:16:00+00:00,298.81500244140625,298.8951110839844,298.6199951171875,298.80999755859375,19985
2026-03-06 17:17:00+00:00,298.8999938964844,299.0259094238281,298.8409118652344,298.8550109863281,27773
2026-03-06 17:18:00+00:00,299.1499938964844,299.1700134277344,298.8450012207031,298.9200134277344,16184
2026-03-06 17:19:00+00:00,299.2799987792969,299.2799987792969,299.0799865722656,299.1499938964844,20049
2026-03-06 17:20:00+00:00,299.04998779296875,299.260009765625,298.9700012207031,299.25,18190
2026-03-06 17:21:00+00:00,299.010009765625,299.1300048828125,298.9100036621094,299.0150146484375,21344
2026-03-06 17:22:00+00:00,299.1600036621094,299.32000732421875,298.9800109863281,299.04998779296875,12683
2026-03-06 17:23:00+00:00,298.9849853515625,299.19000244140625,298.9800109863281,299.19000244140625,14269
2026-03-06 17:24:00+00:00,298.94000244140625,299.0400085449219,298.8299865722656,299.0,20350
2026-03-06 17:25:00+00:00,298.7099914550781,299.0199890136719,298.6000061035156,298.9100036621094,28341
2026-03-06 17:26:00+00:00,298.6401062011719,298.8500061035156,298.5799865722656,298.6700134277344,25200
2026-03-06 17:27:00+00:00,298.760009765625,298.7699890136719,298.6099853515625,298.6700134277344,15329
2026-03-06 17:28:00+00:00,298.95001220703125,299.0400085449219,298.80999755859375,298.80999755859375,15053
2026-03-06 17:29:00+00:00,298.9599914550781,299.1700134277344,298.9599914550781,299.0212097167969,15804
2026-03-06 17:30:00+00:00,299.1400146484375,299.17498779296875,298.9599914550781,298.9700012207031,16327
2026-03-06 17:31:00+00:00,299.19500732421875,299.19500732421875,298.989990234375,299.1199951171875,14694
2026-03-06 17:32:00+00:00,299.0199890136719,299.2300109863281,299.0101013183594,299.2099914550781,16140
2026-03-06 17:33:00+00:00,299.19000244140625,299.2101135253906,299.0400085449219,299.0400085449219,14488
2026-03-06 17:34:00+00:00,299.18011474609375,299.2900085449219,299.1300048828125,299.2099914550781,21607
2026-03-06 17:35:00+00:00,298.9200134277344,299.21990966796875,298.9200134277344,299.1499938964844,18033
2026-03-06 17:36:00+00:00,298.70001220703125,299.0,298.6700134277344,298.95001220703125,36093
2026-03-06 17:37:00+00:00,298.69000244140625,298.79998779296875,298.5899963378906,298.67999267578125,45203
2026-03-06 17:38:00+00:00,298.8699951171875,298.8699951171875,298.6300048828125,298.6914978027344,30282
2026-03-06 17:39:00+00:00,298.8800048828125,298.92498779296875,298.7099914550781,298.8699951171875,21473
2026-03-06 17:40:00+00:00,298.82000732421875,298.94000244140625,298.7900085449219,298.8900146484375,20873
2026-03-06 17:41:00+00:00,299.0,299.0299987792969,298.7900085449219,298.80010986328125,22214
2026-03-06 17:42:00+00:00,298.42999267578125,298.989990234375,298.3699951171875,298.989990234375,91631
2026-03-06 17:43:00+00:00,298.32989501953125,298.45001220703125,298.2250061035156,298.42999267578125,34382
2026-03-06 17:44:00+00:00,298.3500061035156,298.4032897949219,298.2200927734375,298.2900085449219,24354
2026-03-06 17:45:00+00:00,298.510009765625,298.510009765625,298.30999755859375,298.3450012207031,33833
2026-03-06 17:46:00+00:00,298.42999267578125,298.5899963378906,298.3299865722656,298.55999755859375,13899
2026-03-06 17:47:00+00:00,298.364990234375,298.510009765625,298.3599853515625,298.4150085449219,13777
2026-03-06 17:48:00+00:00,298.54998779296875,298.6000061035156,298.4599914550781,298.4700012207031,11785
2026-03-06 17:49:00+00:00,298.7049865722656,298.739990234375,298.510009765625,298.5498962402344,12047
2026-03-06 17:50:00+00:00,298.7799987792969,298.8550109863281,298.69000244140625,298.69000244140625,13279
2026-03-06 17:51:00+00:00,298.510009765625,298.7900085449219,298.510009765625,298.7900085449219,12216
2026-03-06 17:52:00+00:00,298.41009521484375,298.5799865722656,298.29998779296875,298.57000732421875,28582
2026-03-06 17:53:00+00:00,298.4649963378906,298.56451416015625,298.4200134277344,298.43499755859375,13663
2026-03-06 17:54:00+00:00,298.4100036621094,298.57000732421875,298.4100036621094,298.4700012207031,11190
2026-03-06 17:55:00+00:00,298.32000732421875,298.6000061035156,298.32000732421875,298.42999267578125,26720
2026-03-06 17:56:00+00:00,298.4800109863281,298.6400146484375,298.3099060058594,298.32000732421875,13758
2026-03-06 17:57:00+00:00,298.3599853515625,298.5,298.3599853515625,298.5,18452
2026-03-06 17:58:00+00:00,298.3399963378906,298.4222106933594,298.29998779296875,298.3599853515625,10963
2026-03-06 17:59:00+00:00,298.2130126953125,298.4049987792969,298.20001220703125,298.3500061035156,14982
2026-03-06 18:00:00+00:00,298.3450012207031,298.3999938964844,298.18499755859375,298.2200012207031,21398
2026-03-06 18:01:00+00:00,298.7550048828125,298.82000732421875,298.3450012207031,298.3599853515625,35838
2026-03-06 18:02:00+00:00,298.7099914550781,298.79998779296875,298.67498779296875,298.7900085449219,9705
2026-03-06 18:03:00+00:00,298.6400146484375,298.7200012207031,298.55999755859375,298.7099914550781,12116
2026-03-06 18:04:00+00:00,298.3999938964844,298.7300109863281,298.32000732421875,298.6400146484375,23254
2026-03-06 18:05:00+00:00,298.5950927734375,298.5950927734375,298.3599853515625,298.4049987792969,12690
2026-03-06 18:06:00+00:00,298.614990234375,298.7699890136719,298.614990234375,298.6300048828125,12948
2026-03-06 18:07:00+00:00,298.7699890136719,298.7699890136719,298.5799865722656,298.5799865722656,10304
2026-03-06 18:08:00+00:00,298.94000244140625,298.9599914550781,298.7300109863281,298.7900085449219,30432
2026-03-06 18:09:00+00:00,298.9100036621094,299.1099853515625,298.9100036621094,298.94000244140625,25050
2026-03-06 18:10:00+00:00,298.875,298.9649963378906,298.7799987792969,298.9200134277344,22261
2026-03-06 18:11:00+00:00,299.1300048828125,299.1499938964844,298.8399963378906,298.8399963378906,16688
2026-03-06 18:12:00+00:00,299.239990234375,299.2799987792969,299.05999755859375,299.0899963378906,16127
2026-03-06 18:13:00+00:00,299.80999755859375,299.8399963378906,299.2099914550781,299.25,51977
2026-03-06 18:14:00+00:00,299.7900085449219,299.8299865722656,299.6499938964844,299.79998779296875,26899
2026-03-06 18:15:00+00:00,299.8700866699219,299.8900146484375,299.70001220703125,299.7799987792969,25620
2026-03-06 18:16:00+00:00,299.7699890136719,299.8699951171875,299.70001220703125,299.8699951171875,32973
2026-03-06 18:17:00+00:00,299.4201965332031,299.739990234375,299.27301025390625,299.739990234375,45984
2026-03-06 18:18:00+00:00,299.6300048828125,299.6300048828125,299.4200134277344,299.4200134277344,13805
2026-03-06 18:19:00+00:00,299.5899963378906,299.6000061035156,299.4599914550781,299.6000061035156,18078
2026-03-06 18:20:00+00:00,299.5400085449219,299.6099853515625,299.4750061035156,299.57501220703125,13823
2026-03-06 18:21:00+00:00,299.55999755859375,299.56988525390625,299.460205078125,299.55999755859375,11698
2026-03-06 18:22:00+00:00,299.3500061035156,299.54998779296875,299.29998779296875,299.5199890136719,19200
2026-03-06 18:23:00+00:00,299.52508544921875,299.52508544921875,299.32000732421875,299.32000732421875,14184
2026-03-06 18:24:00+00:00,299.4200134277344,299.510009765625,299.260009765625,299.510009765625,26574
2026-03-06 18:25:00+00:00,299.214111328125,299.4599914550781,299.0799865722656,299.4599914550781,16750
2026-03-06 18:26:00+00:00,299.19000244140625,299.2099914550781,299.1099853515625,299.19000244140625,17084
2026-03-06 18:27:00+00:00,299.010009765625,299.19000244140625,298.989990234375,299.17999267578125,19411
2026-03-06 18:28:00+00:00,299.05999755859375,299.1700134277344,299.0,299.0,16327
2026-03-06 18:29:00+00:00,299.20001220703125,299.2200012207031,298.9800109863281,299.010009765625,27226
2026-03-06 18:30:00+00:00,299.31500244140625,299.364990234375,299.1400146484375,299.1900939941406,33563
2026-03-06 18:31:00+00:00,299.4700012207031,299.57000732421875,299.3299865722656,299.3500061035156,28005
2026-03-06 18:32:00+00:00,299.3500061035156,299.5899963378906,299.3299865722656,299.489990234375,12527
2026-03-06 18:33:00+00:00,299.375,299.375,299.2200012207031,299.3399963378906,14586
2026-03-06 18:34:00+00:00,299.489990234375,299.5,299.3599853515625,299.37908935546875,20148
2026-03-06 18:35:00+00:00,299.44000244140625,299.489990234375,299.3399963378906,299.4700012207031,13746
2026-03-06 18:36:00+00:00,299.3299865722656,299.5799865722656,299.3299865722656,299.4700012207031,19696
2026-03-06 18:37:00+00:00,299.2699890136719,299.34991455078125,299.1300048828125,299.3399963378906,34908
2026-03-06 18:38:00+00:00,299.3999938964844,299.4649963378906,299.1700134277344,299.2200012207031,16989
2026-03-06 18:39:00+00:00,299.4100036621094,299.5498962402344,299.3999938964844,299.4324035644531,13837
2026-03-06 18:40:00+00:00,299.3949890136719,299.489990234375,299.3399963378906,299.3999938964844,14779
2026-03-06 18:41:00+00:00,299.54010009765625,299.54998779296875,299.44000244140625,299.45001220703125,10965
2026-03-06 18:42:00+00:00,299.5400085449219,299.69000244140625,299.5299987792969,299.5400085449219,14856
2026-03-06 18:43:00+00:00,299.6377868652344,299.6549987792969,299.510009765625,299.510009765625,12599
2026-03-06 18:44:00+00:00,299.4700012207031,299.67999267578125,299.44000244140625,299.6199951171875,10871
2026-03-06 18:45:00+00:00,299.5199890136719,299.5299987792969,299.3699951171875,299.510009765625,21833
2026-03-06 18:46:00+00:00,299.5299987792969,299.5799865722656,299.4700012207031,299.4800109863281,9946
2026-03-06 18:47:00+00:00,299.3500061035156,299.5299987792969,299.32000732421875,299.489990234375,15198
2026-03-06 18:48:00+00:00,299.4200134277344,299.5199890136719,299.29998779296875,299.3699951171875,16742
2026-03-06 18:49:00+00:00,299.4800109863281,299.5303039550781,299.3299865722656,299.42999267578125,17150
2026-03-06 18:50:00+00:00,299.0610046386719,299.489990234375,299.0610046386719,299.489990234375,21828
2026-03-06 18:51:00+00:00,299.102294921875,299.1600036621094,298.9800109863281,299.04998779296875,26291
2026-03-06 18:52:00+00:00,299.3559875488281,299.4200134277344,299.0799865722656,299.0799865722656,12891
2026-03-06 18:53:00+00:00,299.260009765625,299.3500061035156,299.260009765625,299.3500061035156,8661
2026-03-06 18:54:00+00:00,299.2016906738281,299.25909423828125,299.1000061035156,299.25909423828125,10997
2026-03-06 18:55:00+00:00,299.32000732421875,299.3299865722656,299.1400146484375,299.19000244140625,14777
2026-03-06 18:56:00+00:00,299.23028564453125,299.3399963378906,299.2200012207031,299.29998779296875,9367
2026-03-06 18:57:00+00:00,299.3299865722656,299.3500061035156,299.2099914550781,299.2099914550781,9402
2026-03-06 18:58:00+00:00,299.3500061035156,299.4100036621094,299.3299865722656,299.3500061035156,9195
2026-03-06 18:59:00+00:00,299.32000732421875,299.3800048828125,299.2900085449219,299.3599853515625,14231
2026-03-06 19:00:00+00:00,299.4599914550781,299.4700927734375,299.32000732421875,299.3299865722656,17549
2026-03-06 19:01:00+00:00,299.45001220703125,299.5199890136719,299.3599853515625,299.4599914550781,22004
2026-03-06 19:02:00+00:00,299.42999267578125,299.4700012207031,299.37799072265625,299.42999267578125,12583
2026-03-06 19:03:00+00:00,299.4599914550781,299.57000732421875,299.3999938964844,299.45001220703125,19288
2026-03-06 19:04:00+00:00,299.3500061035156,299.3599853515625,299.30999755859375,299.3599853515625,9933
2026-03-06 19:05:00+00:00,299.4599914550781,299.5400085449219,299.2799987792969,299.3399963378906,23181
2026-03-06 19:06:00+00:00,299.3949890136719,299.54998779296875,299.3949890136719,299.489990234375,13963
2026-03-06 19:07:00+00:00,299.3999938964844,299.6499938964844,299.3999938964844,299.40789794921875,13731
2026-03-06 19:08:00+00:00,299.29998779296875,299.3999938964844,299.17999267578125,299.3999938964844,45549
2026-03-06 19:09:00+00:00,299.5400085449219,299.6199951171875,299.32000732421875,299.32000732421875,41069
2026-03-06 19:10:00+00:00,299.6499938964844,299.67999267578125,299.489990234375,299.55999755859375,22277
2026-03-06 19:11:00+00:00,299.5899963378906,299.7300109863281,299.5899963378906,299.6099853515625,22039
2026-03-06 19:12:00+00:00,299.3800048828125,299.6199951171875,299.3599853515625,299.6099853515625,38393
2026-03-06 19:13:00+00:00,299.55999755859375,299.55999755859375,299.3900146484375,299.42498779296875,18211
2026-03-06 19:14:00+00:00,299.5849914550781,299.6293029785156,299.4949951171875,299.614990234375,21510
2026-03-06 19:15:00+00:00,299.5799865722656,299.6000061035156,299.4599914550781,299.5799865722656,15480
2026-03-06 19:16:00+00:00,299.5400085449219,299.6099853515625,299.5400085449219,299.5899963378906,17243
2026-03-06 19:17:00+00:00,299.385009765625,299.5899963378906,299.385009765625,299.5596008300781,50489
2026-03-06 19:18:00+00:00,299.1499938964844,299.45001220703125,299.1000061035156,299.42999267578125,26382
2026-03-06 19:19:00+00:00,299.2950134277344,299.3500061035156,299.19000244140625,299.2099914550781,24310
2026-03-06 19:20:00+00:00,299.1300048828125,299.2799987792969,299.07000732421875,299.25,24717
2026-03-06 19:21:00+00:00,298.9549865722656,299.1600036621094,298.8699951171875,299.1600036621094,24189
2026-03-06 19:22:00+00:00,298.739990234375,299.0,298.739990234375,298.92999267578125,17383
2026-03-06 19:23:00+00:00,298.989990234375,299.1400146484375,298.6099853515625,298.7869873046875,43533
2026-03-06 19:24:00+00:00,298.739990234375,298.9202880859375,298.739990234375,298.9202880859375,16603
2026-03-06 19:25:00+00:00,298.8399963378906,298.95928955078125,298.7200012207031,298.7200012207031,22358
2026-03-06 19:26:00+00:00,298.8399963378906,298.9700012207031,298.80999755859375,298.8599853515625,15948
2026-03-06 19:27:00+00:00,298.9700012207031,299.05999755859375,298.8399963378906,298.8500061035156,23564
2026-03-06 19:28:00+00:00,298.8800048828125,298.9599914550781,298.8599853515625,298.9599914550781,16533
2026-03-06 19:29:00+00:00,299.0299987792969,299.05999755859375,298.8699951171875,298.9049987792969,13687
2026-03-06 19:30:00+00:00,299.1000061035156,299.2300109863281,298.989990234375,299.0199890136719,29851
2026-03-06 19:31:00+00:00,299.1481018066406,299.1900939941406,298.9800109863281,299.0799865722656,32894
2026-03-06 19:32:00+00:00,298.9800109863281,299.1099853515625,298.92999267578125,299.1099853515625,26517
2026-03-06 19:33:00+00:00,299.1099853515625,299.2099914550781,298.9599914550781,298.9800109863281,23674
2026-03-06 19:34:00+00:00,298.989990234375,299.114990234375,298.95001220703125,299.06500244140625,23351
2026-03-06 19:35:00+00:00,298.989990234375,299.05999755859375,298.9599914550781,298.9800109863281,15508
2026-03-06 19:36:00+00:00,298.8699951171875,298.989990234375,298.739990234375,298.989990234375,31716
2026-03-06 19:37:00+00:00,298.7349853515625,298.9200134277344,298.7200012207031,298.864990234375,28800
2026-03-06 19:38:00+00:00,298.4100036621094,298.7300109863281,298.3399963378906,298.7300109863281,35047
2026-03-06 19:39:00+00:00,298.3299865722656,298.4599914550781,298.29998779296875,298.3800048828125,25366
2026-03-06 19:40:00+00:00,298.6499938964844,298.6700134277344,298.3450012207031,298.3450012207031,55752
2026-03-06 19:41:00+00:00,298.8500061035156,298.9200134277344,298.5799865722656,298.6400146484375,23194
2026-03-06 19:42:00+00:00,298.6700134277344,298.8399963378906,298.6700134277344,298.8399963378906,21706
2026-03-06 19:43:00+00:00,298.5849914550781,298.7699890136719,298.5849914550781,298.69000244140625,17127
2026-03-06 19:44:00+00:00,298.4200134277344,298.5899963378906,298.4100036621094,298.5199890136719,26862
2026-03-06 19:45:00+00:00,298.4100036621094,298.4920959472656,298.3599853515625,298.4100036621094,23774
2026-03-06 19:46:00+00:00,298.4501037597656,298.5,298.2690124511719,298.4100036621094,22610
2026-03-06 19:47:00+00:00,298.2099914550781,298.44000244140625,298.2099914550781,298.44000244140625,28747
2026-03-06 19:48:00+00:00,298.2850036621094,298.3900146484375,298.2099914550781,298.25,18323
2026-03-06 19:49:00+00:00,298.239990234375,298.31500244140625,298.1700134277344,298.20001220703125,15416
2026-03-06 19:50:00+00:00,298.2099914550781,298.32000732421875,298.1600036621094,298.260009765625,423294
2026-03-06 19:51:00+00:00,298.0199890136719,298.2300109863281,298.0199890136719,298.2099914550781,25093
2026-03-06 19:52:00+00:00,298.1700134277344,298.239990234375,298.0400085449219,298.05999755859375,15349
2026-03-06 19:53:00+00:00,298.0199890136719,298.25,298.0199890136719,298.2200012207031,17629
2026-03-06 19:54:00+00:00,298.2699890136719,298.3299865722656,298.0,298.0450134277344,52009
2026-03-06 19:55:00+00:00,298.3110046386719,298.44989013671875,298.2300109863281,298.260009765625,42516
2026-03-06 19:56:00+00:00,298.4700012207031,298.4700012207031,298.2799987792969,298.32000732421875,29924
2026-03-06 19:57:00+00:00,298.2699890136719,298.4599914550781,298.2200012207031,298.4599914550781,22173
2026-03-06 19:58:00+00:00,298.5400085449219,298.56500244140625,298.2699890136719,298.2699890136719,22757
2026-03-06 19:59:00+00:00,298.5,298.55999755859375,298.45001220703125,298.5299987792969,17531
2026-03-06 20:00:00+00:00,298.55999755859375,298.67999267578125,298.5299987792969,298.54998779296875,32846
2026-03-06 20:01:00+00:00,298.989990234375,299.0199890136719,298.5199890136719,298.5950012207031,34207
2026-03-06 20:02:00+00:00,299.05999755859375,299.3399963378906,299.0199890136719,299.0199890136719,29726
2026-03-06 20:03:00+00:00,299.4100036621094,299.410400390625,299.0378112792969,299.07000732421875,16866
2026-03-06 20:04:00+00:00,299.3999938964844,299.45001220703125,299.3299865722656,299.3999938964844,19500
2026-03-06 20:05:00+00:00,299.3800048828125,299.5,299.3399963378906,299.4200134277344,17934
2026-03-06 20:06:00+00:00,299.3800048828125,299.489990234375,299.25,299.3800048828125,16489
2026-03-06 20:07:00+00:00,299.2200012207031,299.3999938964844,299.2200012207031,299.3299865722656,16320
2026-03-06 20:08:00+00:00,298.9599914550781,299.2101135253906,298.92999267578125,299.17999267578125,28894
2026-03-06 20:09:00+00:00,299.04998779296875,299.1400146484375,298.8918151855469,298.92999267578125,32130
2026-03-06 20:10:00+00:00,298.80999755859375,299.1700134277344,298.7799987792969,299.04998779296875,34111
2026-03-06 20:11:00+00:00,298.79998779296875,298.82501220703125,298.54998779296875,298.7699890136719,31080
2026-03-06 20:12:00+00:00,298.6600036621094,298.8699951171875,298.6499938964844,298.70001220703125,19913
2026-03-06 20:13:00+00:00,298.9200134277344,298.94000244140625,298.5899963378906,298.6499938964844,31988
2026-03-06 20:14:00+00:00,299.0299987792969,299.07000732421875,298.8399963378906,298.9700012207031,15805
2026-03-06 20:15:00+00:00,298.7900085449219,299.0050048828125,298.7099914550781,298.9700012207031,21167
2026-03-06 20:16:00+00:00,298.9100036621094,299.07830810546875,298.75,298.8399963378906,21518
2026-03-06 20:17:00+00:00,298.8900146484375,299.1199951171875,298.7900085449219,298.9200134277344,32610
2026-03-06 20:18:00+00:00,298.80999755859375,298.9200134277344,298.68499755859375,298.8399963378906,20097
2026-03-06 20:19:00+00:00,298.7200012207031,298.9100036621094,298.7200012207031,298.79998779296875,15371
2026-03-06 20:20:00+00:00,298.7449951171875,298.7900085449219,298.6400146484375,298.760009765625,21428
2026-03-06 20:21:00+00:00,298.55999755859375,298.7200012207031,298.260009765625,298.7200012207031,40620
2026-03-06 20:22:00+00:00,298.4599914550781,298.6000061035156,298.4599914550781,298.5450134277344,22984
2026-03-06 20:23:00+00:00,298.44000244140625,298.57000732421875,298.4200134277344,298.510009765625,29688
2026-03-06 20:24:00+00:00,298.3800048828125,298.57000732421875,298.3500061035156,298.4800109863281,26852
2026-03-06 20:25:00+00:00,298.260009765625,298.3999938964844,298.2200012207031,298.3999938964844,26434
2026-03-06 20:26:00+00:00,298.29998779296875,298.29998779296875,298.05999755859375,298.2099914550781,35336
2026-03-06 20:27:00+00:00,297.8500061035156,298.3500061035156,297.8500061035156,298.2900085449219,33180
2026-03-06 20:28:00+00:00,297.9599914550781,298.1300048828125,297.75,297.75,40597
2026-03-06 20:29:00+00:00,298.07000732421875,298.07000732421875,297.8901062011719,297.9100036621094,21036
2026-03-06 20:30:00+00:00,298.0799865722656,298.1700134277344,297.8999938964844,298.0899963378906,37540
2026-03-06 20:31:00+00:00,297.94000244140625,298.0799865722656,297.91009521484375,298.0400085449219,21316
2026-03-06 20:32:00+00:00,297.8826904296875,297.9700012207031,297.79998779296875,297.965087890625,23066
2026-03-06 20:33:00+00:00,298.010009765625,298.010009765625,297.82000732421875,297.8999938964844,33693
2026-03-06 20:34:00+00:00,297.9501037597656,298.1499938964844,297.9501037597656,298.0199890136719,29343
2026-03-06 20:35:00+00:00,297.7200012207031,297.94000244140625,297.3299865722656,297.94000244140625,183688
2026-03-06 20:36:00+00:00,297.5899963378906,297.8900146484375,297.5299987792969,297.69000244140625,45898
2026-03-06 20:37:00+00:00,297.82000732421875,297.8999938964844,297.5799865722656,297.6400146484375,59481
2026-03-06 20:38:00+00:00,297.54998779296875,297.8900146484375,297.5,297.80828857421875,45660
2026-03-06 20:39:00+00:00,297.8599853515625,297.8599853515625,297.5249938964844,297.5299987792969,40897
2026-03-06 20:40:00+00:00,298.3699951171875,298.4599914550781,297.6700134277344,297.8599853515625,78519
2026-03-06 20:41:00+00:00,298.2099914550781,298.3399963378906,298.1099853515625,298.30999755859375,35451
2026-03-06 20:42:00+00:00,298.260009765625,298.3800048828125,298.1300048828125,298.1400146484375,31246
2026-03-06 20:43:00+00:00,298.44000244140625,298.5799865722656,298.2099914550781,298.2616882324219,69757
2026-03-06 20:44:00+00:00,298.1199951171875,298.4750061035156,298.05999755859375,298.4750061035156,34485
2026-03-06 20:45:00+00:00,298.30999755859375,298.30999755859375,298.1600036621094,298.19000244140625,22636
2026-03-06 20:46:00+00:00,298.260009765625,298.54998779296875,298.260009765625,298.32000732421875,35077
2026-03-06 20:47:00+00:00,298.3800048828125,298.5,298.239990234375,298.239990234375,28894
2026-03-06 20:48:00+00:00,298.3900146484375,298.45001220703125,298.1449890136719,298.32000732421875,39968
2026-03-06 20:49:00+00:00,298.4700012207031,298.489990234375,298.30999755859375,298.4100036621094,44296
2026-03-06 20:50:00+00:00,298.0050048828125,298.5899963378906,297.8699951171875,298.44000244140625,104374
2026-03-06 20:51:00+00:00,297.8004150390625,298.0400085449219,297.7300109863281,297.9502868652344,98843
2026-03-06 20:52:00+00:00,297.8599853515625,297.989990234375,297.6499938964844,297.82000732421875,75237
2026-03-06 20:53:00+00:00,297.8500061035156,298.0,297.69000244140625,297.8599853515625,55282
2026-03-06 20:54:00+00:00,298.3500061035156,298.5350036621094,297.8299865722656,297.8299865722656,108121
2026-03-06 20:55:00+00:00,297.79998779296875,298.42999267578125,297.79998779296875,298.3299865722656,115776
2026-03-06 20:56:00+00:00,298.0899963378906,298.11370849609375,297.7012023925781,297.7929992675781,88992
2026-03-06 20:57:00+00:00,298.510009765625,298.6000061035156,298.07000732421875,298.0799865722656,103220
2026-03-06 20:58:00+00:00,298.29998779296875,298.5400085449219,298.25,298.5400085449219,199730
2026-03-06 20:59:00+00:00,298.1700134277344,298.3399963378906,297.9200134277344,298.32000732421875,630595
