Datetime,Open,High,Low,Close,Volume
2026-02-27 09:30:00,80.39,80.51,80.1,80.25,894793
2026-02-27 09:31:00,79.75,80.51,79.6,80.18,827444
2026-02-27 09:32:00,80.64,80.76,80.19,80.5,1123401
2026-02-27 09:33:00,81.4,81.81,80.9,81.26,1052250
2026-02-27 09:34:00,81.07,81.19,80.54,81.15,1081730
2026-02-27 09:35:00,80.82,81.44,80.37,81.03,1222537
2026-02-27 09:36:00,81.69,82.28,81.53,81.82,658528
2026-02-27 09:37:00,81.98,82.57,81.93,82.2,890342
2026-02-27 09:38:00,82.0,82.15,81.63,81.97,1289699
2026-02-27 09:39:00,82.17,82.64,82.04,82.24,1052056
2026-02-27 09:40:00,81.82,82.3,81.71,82.01,990269
2026-02-27 09:41:00,81.78,82.01,81.71,81.78,815153
2026-02-27 09:42:00,82.07,82.39,81.34,81.9,814097
2026-02-27 09:43:00,80.64,81.14,80.62,80.94,710070
2026-02-27 09:44:00,79.89,80.38,79.83,80.08,1013868
2026-02-27 09:45:00,79.65,79.85,79.49,79.8,945668
2026-02-27 09:46:00,79.62,80.03,78.9,79.29,1165946
2026-02-27 09:47:00,79.61,79.95,79.2,79.45,1307586
2026-02-27 09:48:00,78.77,79.27,78.46,78.99,1054299
2026-02-27 09:49:00,78.4,78.5,78.17,78.29,734705
2026-02-27 09:50:00,79.23,79.58,78.95,79.02,991304
2026-02-27 09:51:00,78.6,79.06,78.43,78.91,987561
2026-02-27 09:52:00,79.17,79.27,78.77,78.94,796067
2026-02-27 09:53:00,78.22,78.28,78.16,78.23,926094
2026-02-27 09:54:00,77.93,78.2,77.8,77.96,678684
2026-02-27 09:55:00,78.36,78.78,77.62,78.01,1137941
2026-02-27 09:56:00,77.34,77.52,77.25,77.44,953118
2026-02-27 09:57:00,77.47,77.83,77.19,77.62,833635
2026-02-27 09:58:00,77.31,77.54,77.11,77.32,1297449
2026-02-27 09:59:00,77.06,77.25,76.91,77.18,1094400
2026-02-27 10:00:00,76.89,77.11,76.73,76.88,752467
2026-02-27 10:01:00,77.98,78.24,77.57,77.8,1007587
2026-02-27 10:02:00,77.93,78.0,77.47,77.8,1472774
2026-02-27 10:03:00,77.11,77.68,77.02,77.27,1144312
2026-02-27 10:04:00,77.63,78.11,77.23,77.68,1138583
2026-02-27 10:05:00,76.95,77.58,76.35,77.07,846668
2026-02-27 10:06:00,77.06,77.43,76.95,77.17,990917
2026-02-27 10:07:00,76.2,76.77,76.19,76.19,862054
2026-02-27 10:08:00,75.43,75.96,75.05,75.53,1162641
2026-02-27 10:09:00,75.57,75.71,75.33,75.63,1068010
2026-02-27 10:10:00,76.11,76.4,75.9,76.0,877552
2026-02-27 10:11:00,75.87,76.33,74.98,76.08,1248935
2026-02-27 10:12:00,75.75,76.42,75.61,76.02,1109452
2026-02-27 10:13:00,75.98,76.06,75.84,75.87,1065575
2026-02-27 10:14:00,75.15,75.82,75.07,75.13,829718
2026-02-27 10:15:00,74.81,75.71,74.66,74.77,937294
2026-02-27 10:16:00,74.73,74.87,74.42,74.54,1121370
2026-02-27 10:17:00,75.48,75.82,74.93,75.07,814723
2026-02-27 10:18:00,75.36,75.63,75.12,75.24,940982
2026-02-27 10:19:00,74.56,74.83,73.99,74.36,1010986
2026-02-27 10:20:00,74.38,74.9,74.32,74.53,938303
2026-02-27 10:21:00,74.82,74.95,73.92,74.33,887045
2026-02-27 10:22:00,74.2,74.83,73.52,73.99,624015
2026-02-27 10:23:00,74.67,74.79,74.04,74.3,1106925
2026-02-27 10:24:00,74.29,74.82,74.19,74.82,1184854
2026-02-27 10:25:00,75.08,75.31,74.8,75.28,1051076
2026-02-27 10:26:00,74.68,74.98,74.38,74.86,1130227
2026-02-27 10:27:00,74.88,74.95,74.7,74.71,710281
2026-02-27 10:28:00,74.81,74.89,74.03,74.87,777606
2026-02-27 10:29:00,75.65,75.95,75.28,75.36,1351724
2026-02-27 10:30:00,75.2,75.31,75.1,75.12,1244713
2026-02-27 10:31:00,75.25,75.43,74.63,75.03,959403
2026-02-27 10:32:00,74.31,74.49,73.94,74.47,908539
2026-02-27 10:33:00,73.87,73.89,73.61,73.88,550622
2026-02-27 10:34:00,74.16,74.35,73.8,74.28,901619
2026-02-27 10:35:00,74.59,75.15,74.4,74.96,762066
2026-02-27 10:36:00,74.8,74.98,74.62,74.93,558886
2026-02-27 10:37:00,75.61,75.99,75.23,75.43,772462
2026-02-27 10:38:00,75.57,75.61,75.39,75.61,1133668
2026-02-27 10:39:00,75.14,75.31,75.0,75.29,1291164
2026-02-27 10:40:00,75.61,75.84,75.44,75.47,1282091
2026-02-27 10:41:00,76.32,76.58,75.81,76.23,1139580
2026-02-27 10:42:00,76.13,76.36,76.04,76.22,1092636
2026-02-27 10:43:00,77.04,77.13,76.49,77.0,1214308
2026-02-27 10:44:00,75.73,76.01,75.38,75.69,1079585
2026-02-27 10:45:00,76.46,76.53,75.85,76.1,869582
2026-02-27 10:46:00,75.93,76.38,75.81,76.14,718886
2026-02-27 10:47:00,76.0,76.27,75.72,75.99,1303856
2026-02-27 10:48:00,76.14,76.45,75.84,76.04,1170905
2026-02-27 10:49:00,74.83,75.31,74.78,75.05,1110650
2026-02-27 10:50:00,74.7,75.21,74.52,74.94,810330
2026-02-27 10:51:00,75.21,75.62,74.86,75.12,753495
2026-02-27 10:52:00,75.96,76.15,75.65,75.85,1116405
2026-02-27 10:53:00,75.65,75.81,75.29,75.59,607474
2026-02-27 10:54:00,75.26,75.73,75.16,75.19,947310
2026-02-27 10:55:00,75.08,75.17,74.84,74.94,1146374
2026-02-27 10:56:00,75.46,75.56,75.26,75.4,692885
2026-02-27 10:57:00,75.71,75.9,75.26,75.56,951183
2026-02-27 10:58:00,75.29,75.34,75.19,75.3,1286273
2026-02-27 10:59:00,75.77,76.16,75.37,75.55,1265786
2026-02-27 11:00:00,75.68,76.01,75.0,75.6,1204741
2026-02-27 11:01:00,76.14,76.45,76.04,76.09,1004780
2026-02-27 11:02:00,75.67,76.2,75.42,75.74,1306473
2026-02-27 11:03:00,75.67,76.09,75.46,75.57,579994
2026-02-27 11:04:00,75.5,75.77,75.2,75.38,1024709
2026-02-27 11:05:00,75.03,75.19,74.33,74.64,1296332
2026-02-27 11:06:00,75.18,75.19,74.49,74.79,1268295
2026-02-27 11:07:00,74.77,75.07,74.4,74.92,1337002
2026-02-27 11:08:00,75.04,75.3,74.33,74.92,893805
2026-02-27 11:09:00,74.74,74.91,74.27,74.81,1170795
2026-02-27 11:10:00,74.18,74.32,74.09,74.1,1111627
2026-02-27 11:11:00,73.38,73.98,73.31,73.89,769797
2026-02-27 11:12:00,73.8,73.86,73.19,73.72,1314603
2026-02-27 11:13:00,73.22,73.36,73.2,73.32,909668
2026-02-27 11:14:00,73.28,73.5,72.9,73.24,1124542
2026-02-27 11:15:00,73.56,73.81,73.17,73.44,873684
2026-02-27 11:16:00,74.43,74.68,74.37,74.38,1090948
2026-02-27 11:17:00,74.37,74.53,74.3,74.47,850684
2026-02-27 11:18:00,74.56,75.06,74.42,74.6,943024
2026-02-27 11:19:00,74.51,74.63,74.49,74.56,1095888
2026-02-27 11:20:00,73.78,73.97,73.24,73.6,791591
2026-02-27 11:21:00,73.49,73.69,73.26,73.59,740776
2026-02-27 11:22:00,73.53,73.67,73.35,73.62,888515
2026-02-27 11:23:00,74.77,75.13,74.76,74.85,830314
2026-02-27 11:24:00,74.87,75.4,74.65,74.75,1060221
2026-02-27 11:25:00,74.94,75.75,74.8,74.9,799189
2026-02-27 11:26:00,74.87,75.42,74.84,74.89,833388
2026-02-27 11:27:00,74.49,74.65,74.27,74.3,872888
2026-02-27 11:28:00,75.22,75.32,74.32,74.87,1162830
2026-02-27 11:29:00,75.35,75.46,75.13,75.25,614465
2026-02-27 11:30:00,75.59,75.9,75.57,75.65,718962
2026-02-27 11:31:00,75.18,75.7,74.81,75.19,987599
2026-02-27 11:32:00,76.08,76.19,75.38,75.89,815106
2026-02-27 11:33:00,75.5,75.59,75.12,75.19,940032
2026-02-27 11:34:00,75.87,76.35,74.82,75.48,968190
2026-02-27 11:35:00,76.64,77.09,76.14,76.58,766444
2026-02-27 11:36:00,76.13,76.46,75.91,76.08,832547
2026-02-27 11:37:00,75.68,75.96,75.52,75.8,1166666
2026-02-27 11:38:00,75.63,75.92,75.26,75.85,897360
2026-02-27 11:39:00,75.46,75.67,75.1,75.6,1038821
2026-02-27 11:40:00,74.72,74.97,74.39,74.82,1136271
2026-02-27 11:41:00,74.94,75.03,74.61,74.86,822663
2026-02-27 11:42:00,74.43,74.8,74.14,74.33,1091677
2026-02-27 11:43:00,74.15,74.74,74.14,74.56,818063
2026-02-27 11:44:00,73.92,74.3,73.83,74.1,962534
2026-02-27 11:45:00,74.43,75.52,74.25,74.88,1091537
2026-02-27 11:46:00,73.94,74.64,73.78,74.49,1277667
2026-02-27 11:47:00,74.25,74.44,74.21,74.33,573886
2026-02-27 11:48:00,74.89,74.95,74.58,74.73,1785247
2026-02-27 11:49:00,73.7,74.64,73.61,74.12,1057465
2026-02-27 11:50:00,74.22,74.36,74.05,74.23,1065901
2026-02-27 11:51:00,74.58,75.11,74.46,74.89,773986
2026-02-27 11:52:00,73.99,74.46,73.83,74.08,1071690
2026-02-27 11:53:00,74.03,74.4,73.82,74.17,1369721
2026-02-27 11:54:00,74.27,74.5,74.24,74.3,1259174
2026-02-27 11:55:00,74.55,74.92,74.49,74.69,987162
2026-02-27 11:56:00,74.09,74.17,74.04,74.08,1042942
2026-02-27 11:57:00,73.73,74.03,73.16,73.42,908892
2026-02-27 11:58:00,73.5,73.96,73.24,73.68,1294534
2026-02-27 11:59:00,73.7,73.89,73.21,73.83,921505
2026-02-27 12:00:00,74.15,74.29,73.76,73.95,961899
2026-02-27 12:01:00,74.19,74.53,74.1,74.12,401772
2026-02-27 12:02:00,73.75,74.27,73.38,73.78,1155481
2026-02-27 12:03:00,73.99,74.45,73.62,73.9,1349472
2026-02-27 12:04:00,74.23,74.3,73.71,74.05,778741
2026-02-27 12:05:00,73.52,73.87,73.37,73.69,788688
2026-02-27 12:06:00,74.87,74.94,74.52,74.62,885929
2026-02-27 12:07:00,74.5,74.94,73.92,74.86,986273
2026-02-27 12:08:00,73.99,74.86,73.72,74.26,1021150
2026-02-27 12:09:00,74.84,75.1,74.43,74.59,1039962
2026-02-27 12:10:00,74.16,74.54,73.88,74.1,1057744
2026-02-27 12:11:00,74.17,74.79,74.13,74.5,1018674
2026-02-27 12:12:00,74.85,75.8,74.4,75.08,1120423
2026-02-27 12:13:00,74.68,74.75,74.38,74.67,1015496
2026-02-27 12:14:00,75.2,75.57,75.05,75.15,968948
2026-02-27 12:15:00,74.97,75.61,74.85,75.36,1377537
2026-02-27 12:16:00,75.88,76.28,75.62,75.77,690539
2026-02-27 12:17:00,76.93,77.07,76.69,76.71,1265159
2026-02-27 12:18:00,76.33,77.01,76.16,76.59,1207675
2026-02-27 12:19:00,75.91,77.06,75.78,76.21,1110348
2026-02-27 12:20:00,76.01,76.15,75.65,75.77,1230780
2026-02-27 12:21:00,74.99,75.48,74.93,75.36,1089843
2026-02-27 12:22:00,75.22,75.33,74.48,75.32,868350
2026-02-27 12:23:00,75.59,75.88,75.48,75.49,1089374
2026-02-27 12:24:00,75.56,75.68,75.28,75.63,958677
2026-02-27 12:25:00,76.17,76.22,75.87,76.05,1044843
2026-02-27 12:26:00,76.2,76.81,75.71,76.05,932749
2026-02-27 12:27:00,76.86,77.22,76.37,76.78,858111
2026-02-27 12:28:00,76.59,76.88,76.07,76.65,828645
2026-02-27 12:29:00,77.9,78.07,77.54,78.01,920863
2026-02-27 12:30:00,78.38,78.48,78.29,78.32,894133
2026-02-27 12:31:00,77.59,77.99,77.06,77.89,1003680
2026-02-27 12:32:00,77.4,77.61,76.98,77.36,1340502
2026-02-27 12:33:00,77.64,78.13,77.38,77.6,1363612
2026-02-27 12:34:00,77.64,77.81,77.42,77.49,950294
2026-02-27 12:35:00,78.08,78.12,77.25,77.84,776562
2026-02-27 12:36:00,78.04,78.17,78.03,78.08,1243794
2026-02-27 12:37:00,77.65,78.09,77.11,78.04,1151942
2026-02-27 12:38:00,77.6,77.75,77.34,77.62,1255892
2026-02-27 12:39:00,77.07,77.25,76.82,76.86,1115971
2026-02-27 12:40:00,76.5,76.9,76.0,76.64,1214122
2026-02-27 12:41:00,76.92,77.18,76.53,77.07,1114478
2026-02-27 12:42:00,77.26,77.83,76.83,77.17,943372
2026-02-27 12:43:00,76.49,76.91,76.37,76.55,1050294
2026-02-27 12:44:00,76.6,76.86,76.28,76.64,1331081
2026-02-27 12:45:00,76.73,77.01,76.59,76.83,928394
2026-02-27 12:46:00,76.36,76.61,75.79,76.39,1263660
2026-02-27 12:47:00,76.48,76.6,76.44,76.47,992485
2026-02-27 12:48:00,76.15,76.94,76.14,76.49,1088600
2026-02-27 12:49:00,76.11,76.42,75.78,75.92,946471
2026-02-27 12:50:00,76.27,76.91,76.07,76.1,879435
2026-02-27 12:51:00,76.47,76.61,76.17,76.38,857565
2026-02-27 12:52:00,76.9,77.19,76.65,76.92,926158
2026-02-27 12:53:00,76.87,77.56,76.56,77.45,673744
2026-02-27 12:54:00,76.51,76.79,76.12,76.76,1062636
2026-02-27 12:55:00,76.17,76.43,76.03,76.29,861079
2026-02-27 12:56:00,76.32,77.08,76.2,76.55,1031610
2026-02-27 12:57:00,76.79,76.93,76.5,76.81,1121649
2026-02-27 12:58:00,76.8,77.3,76.5,77.06,849512
2026-02-27 12:59:00,78.7,79.14,78.41,78.99,1103125
2026-02-27 13:00:00,79.47,79.63,78.95,79.28,933842
2026-02-27 13:01:00,79.69,80.24,79.33,79.84,1178739
2026-02-27 13:02:00,80.5,81.05,80.2,80.32,1142464
2026-02-27 13:03:00,81.1,81.29,80.19,80.65,623997
2026-02-27 13:04:00,80.63,81.2,80.38,80.49,1087462
2026-02-27 13:05:00,80.91,81.03,80.8,80.87,1255773
2026-02-27 13:06:00,80.29,80.69,80.06,80.48,1166038
2026-02-27 13:07:00,80.54,80.68,80.01,80.36,764391
2026-02-27 13:08:00,80.45,80.91,79.9,80.12,1356359
2026-02-27 13:09:00,79.83,80.32,79.61,80.16,1144295
2026-02-27 13:10:00,81.11,81.55,80.7,81.32,1139040
2026-02-27 13:11:00,80.44,80.74,80.13,80.39,1249923
2026-02-27 13:12:00,80.89,80.9,80.6,80.73,594838
2026-02-27 13:13:00,79.71,80.5,79.32,79.92,1037895
2026-02-27 13:14:00,79.89,80.26,79.63,79.69,1187583
2026-02-27 13:15:00,80.23,81.09,79.73,80.23,1211745
2026-02-27 13:16:00,80.23,80.5,80.1,80.26,853368
2026-02-27 13:17:00,79.77,80.33,79.54,79.72,1059631
2026-02-27 13:18:00,79.49,79.81,79.26,79.37,1029617
2026-02-27 13:19:00,79.53,79.92,79.17,79.71,1287267
2026-02-27 13:20:00,79.29,79.36,79.02,79.34,1234551
2026-02-27 13:21:00,79.58,80.17,79.19,79.45,924398
2026-02-27 13:22:00,79.52,79.71,79.41,79.47,825407
2026-02-27 13:23:00,79.32,79.54,78.87,79.15,1271088
2026-02-27 13:24:00,80.45,80.49,80.19,80.22,1110811
2026-02-27 13:25:00,80.36,80.54,79.72,80.54,1175291
2026-02-27 13:26:00,79.21,79.97,79.11,79.52,957666
2026-02-27 13:27:00,79.49,79.7,79.07,79.62,502438
2026-02-27 13:28:00,79.54,79.64,78.92,79.29,784937
2026-02-27 13:29:00,80.05,80.33,79.37,79.71,1227462
2026-02-27 13:30:00,79.38,79.66,79.25,79.32,794849
2026-02-27 13:31:00,79.48,79.8,79.1,79.26,1072332
2026-02-27 13:32:00,79.86,79.86,79.16,79.51,1089894
2026-02-27 13:33:00,80.36,80.67,79.84,79.94,1083289
2026-02-27 13:34:00,79.33,79.64,79.0,79.34,1464008
2026-02-27 13:35:00,79.22,79.49,78.71,79.18,1051595
2026-02-27 13:36:00,79.16,79.3,78.94,78.94,882145
2026-02-27 13:37:00,78.39,78.86,78.12,78.61,690854
2026-02-27 13:38:00,79.81,79.98,79.07,79.49,731574
2026-02-27 13:39:00,79.42,79.74,79.27,79.7,1359272
2026-02-27 13:40:00,79.21,79.28,78.76,79.07,1246000
2026-02-27 13:41:00,79.33,80.01,79.25,79.53,1318116
2026-02-27 13:42:00,80.72,80.76,80.43,80.59,931818
2026-02-27 13:43:00,81.19,81.21,80.92,81.1,966873
2026-02-27 13:44:00,80.36,81.0,80.21,80.34,804055
2026-02-27 13:45:00,79.87,80.61,79.33,80.1,728910
2026-02-27 13:46:00,80.59,81.32,80.44,80.73,1035550
2026-02-27 13:47:00,80.46,80.5,80.36,80.38,760941
2026-02-27 13:48:00,80.89,81.44,80.1,80.6,795194
2026-02-27 13:49:00,80.93,81.28,80.78,80.99,854345
2026-02-27 13:50:00,80.96,81.32,80.46,80.53,1205397
2026-02-27 13:51:00,80.72,80.89,80.25,80.5,1015628
2026-02-27 13:52:00,79.05,79.09,78.4,78.88,839435
2026-02-27 13:53:00,78.35,78.39,77.76,78.36,722802
2026-02-27 13:54:00,78.34,78.79,77.56,78.24,919120
2026-02-27 13:55:00,77.71,77.88,77.56,77.61,980230
2026-02-27 13:56:00,78.52,79.28,78.23,78.43,1025235
2026-02-27 13:57:00,77.67,78.33,77.47,77.71,919384
2026-02-27 13:58:00,77.89,78.14,77.33,77.49,970594
2026-02-27 13:59:00,77.73,77.79,77.17,77.56,893566
2026-02-27 14:00:00,78.16,78.3,78.03,78.28,1083641
2026-02-27 14:01:00,77.21,77.88,77.13,77.56,1276906
2026-02-27 14:02:00,78.23,78.56,78.0,78.14,1269245
2026-02-27 14:03:00,78.25,78.28,77.47,78.15,1177807
2026-02-27 14:04:00,77.77,78.16,77.27,77.66,1058543
2026-02-27 14:05:00,77.92,78.1,77.85,77.89,1317725
2026-02-27 14:06:00,78.13,78.47,77.96,77.99,839006
2026-02-27 14:07:00,77.61,77.81,77.47,77.69,748972
2026-02-27 14:08:00,77.7,77.89,76.82,77.72,1410594
2026-02-27 14:09:00,77.75,77.86,77.53,77.53,765669
2026-02-27 14:10:00,77.93,78.5,77.54,77.59,1204706
2026-02-27 14:11:00,77.95,78.36,77.8,77.92,1026385
2026-02-27 14:12:00,78.62,78.78,78.59,78.71,983824
2026-02-27 14:13:00,78.1,78.42,77.88,78.09,743083
2026-02-27 14:14:00,79.36,79.99,78.81,79.16,1277269
2026-02-27 14:15:00,78.12,78.96,78.02,78.18,987163
2026-02-27 14:16:00,77.91,78.26,77.45,78.11,1132985
2026-02-27 14:17:00,78.22,78.88,78.12,78.4,957308
2026-02-27 14:18:00,78.64,78.8,78.39,78.54,1387030
2026-02-27 14:19:00,78.39,78.41,78.18,78.23,928665
2026-02-27 14:20:00,78.36,78.55,78.11,78.13,1010239
2026-02-27 14:21:00,77.78,78.29,77.68,77.88,987799
2026-02-27 14:22:00,77.69,77.85,77.22,77.59,824645
2026-02-27 14:23:00,78.35,78.88,77.88,78.01,1095086
2026-02-27 14:24:00,78.03,78.32,77.65,78.19,556636
2026-02-27 14:25:00,77.94,78.69,77.55,77.84,1325833
2026-02-27 14:26:00,78.18,78.64,78.12,78.29,1413581
2026-02-27 14:27:00,78.08,78.76,77.63,78.45,1371540
2026-02-27 14:28:00,78.83,79.22,78.2,78.85,1318888
2026-02-27 14:29:00,79.3,79.55,79.15,79.17,967927
2026-02-27 14:30:00,78.82,79.25,78.49,78.75,784524
2026-02-27 14:31:00,78.75,78.84,78.27,78.47,1293308
2026-02-27 14:32:00,78.62,78.86,78.47,78.85,686428
2026-02-27 14:33:00,79.22,79.97,78.6,79.15,993543
2026-02-27 14:34:00,79.27,79.31,79.11,79.14,740156
2026-02-27 14:35:00,79.25,79.47,78.54,79.2,1238918
2026-02-27 14:36:00,80.03,80.05,79.77,79.84,1214863
2026-02-27 14:37:00,79.59,79.86,79.45,79.54,1262396
2026-02-27 14:38:00,79.88,79.94,79.44,79.82,1057391
2026-02-27 14:39:00,79.55,79.91,79.3,79.72,786753
2026-02-27 14:40:00,80.03,80.43,79.03,79.61,755420
2026-02-27 14:41:00,80.17,80.56,79.95,80.16,816374
2026-02-27 14:42:00,80.82,80.94,80.25,80.57,1120824
2026-02-27 14:43:00,81.44,81.88,80.6,80.98,1229288
2026-02-27 14:44:00,81.43,81.93,81.33,81.63,954504
2026-02-27 14:45:00,81.47,81.85,80.86,81.64,1000136
2026-02-27 14:46:00,82.14,82.37,81.75,81.98,1216396
2026-02-27 14:47:00,81.55,81.95,81.54,81.82,1022274
2026-02-27 14:48:00,81.95,82.11,81.74,81.99,1146927
2026-02-27 14:49:00,81.72,82.01,81.37,81.92,1178929
2026-02-27 14:50:00,81.7,82.08,81.1,81.97,1009386
2026-02-27 14:51:00,82.65,82.93,82.02,82.27,1152805
2026-02-27 14:52:00,81.55,82.05,81.37,81.86,873142
2026-02-27 14:53:00,82.86,83.13,82.73,82.9,1053363
2026-02-27 14:54:00,82.33,82.51,82.3,82.4,1091561
2026-02-27 14:55:00,81.7,81.85,81.4,81.79,992998
2026-02-27 14:56:00,82.21,82.71,82.13,82.37,1042547
2026-02-27 14:57:00,82.93,83.06,82.65,82.77,1110159
2026-02-27 14:58:00,83.17,83.42,83.04,83.08,1072828
2026-02-27 14:59:00,83.4,84.02,83.35,83.4,1442506
2026-02-27 15:00:00,83.32,83.61,83.21,83.39,1062475
2026-02-27 15:01:00,83.18,83.56,82.72,82.94,1118084
2026-02-27 15:02:00,82.95,83.08,82.64,82.98,1174463
2026-02-27 15:03:00,82.41,82.89,82.39,82.64,1014574
2026-02-27 15:04:00,83.14,83.19,82.77,83.13,983256
2026-02-27 15:05:00,82.83,83.17,82.78,83.05,1245842
2026-02-27 15:06:00,82.76,83.02,81.9,82.64,1052955
2026-02-27 15:07:00,82.74,82.78,82.32,82.48,1167893
2026-02-27 15:08:00,82.93,83.25,82.43,82.69,936982
2026-02-27 15:09:00,82.29,82.51,82.01,82.41,955455
2026-02-27 15:10:00,82.21,82.64,81.72,81.99,832615
2026-02-27 15:11:00,82.09,82.21,81.93,82.12,1270440
2026-02-27 15:12:00,82.32,82.34,81.81,82.24,736836
2026-02-27 15:13:00,82.04,82.68,81.68,81.99,968369
2026-02-27 15:14:00,82.4,83.09,81.7,81.75,978732
2026-02-27 15:15:00,82.07,82.58,81.37,81.87,642724
2026-02-27 15:16:00,81.02,81.32,80.87,81.14,1213954
2026-02-27 15:17:00,80.2,81.13,79.94,80.44,834360
2026-02-27 15:18:00,79.68,80.12,79.44,80.08,975588
2026-02-27 15:19:00,79.88,80.02,79.77,79.97,730390
2026-02-27 15:20:00,79.98,80.28,79.89,80.13,1033611
2026-02-27 15:21:00,80.67,80.92,80.01,80.87,1035695
2026-02-27 15:22:00,81.58,82.02,81.12,81.29,1065821
2026-02-27 15:23:00,81.46,81.6,81.01,81.21,606215
2026-02-27 15:24:00,81.23,81.84,81.12,81.2,995544
2026-02-27 15:25:00,80.77,80.77,80.46,80.7,1164655
2026-02-27 15:26:00,80.74,80.74,80.4,80.69,1260701
2026-02-27 15:27:00,80.68,80.85,80.25,80.55,900485
2026-02-27 15:28:00,80.55,80.94,80.02,80.71,1094308
2026-02-27 15:29:00,79.93,80.67,79.31,80.3,982786
2026-02-27 15:30:00,80.53,80.66,80.21,80.56,765553
2026-02-27 15:31:00,81.42,81.58,81.23,81.32,822950
2026-02-27 15:32:00,81.31,81.7,81.09,81.27,917517
2026-02-27 15:33:00,81.52,81.59,81.47,81.47,934877
2026-02-27 15:34:00,81.78,81.88,81.48,81.82,796824
2026-02-27 15:35:00,81.34,82.09,80.97,81.61,1031892
2026-02-27 15:36:00,81.55,81.88,81.54,81.73,606299
2026-02-27 15:37:00,81.86,82.11,81.43,81.73,1084038
2026-02-27 15:38:00,81.61,81.81,81.23,81.78,641378
2026-02-27 15:39:00,81.32,81.43,81.2,81.4,763193
2026-02-27 15:40:00,81.33,81.49,81.31,81.41,1036500
2026-02-27 15:41:00,81.52,82.01,81.17,81.66,1097512
2026-02-27 15:42:00,82.62,82.76,82.32,82.38,894340
2026-02-27 15:43:00,83.07,83.5,82.57,82.86,920488
2026-02-27 15:44:00,84.19,84.3,83.65,83.94,937938
2026-02-27 15:45:00,83.43,83.77,83.14,83.55,725651
2026-02-27 15:46:00,84.31,84.56,83.66,83.99,907412
2026-02-27 15:47:00,84.05,84.51,83.9,84.08,1098730
2026-02-27 15:48:00,85.44,85.77,85.07,85.18,969740
2026-02-27 15:49:00,84.49,84.95,84.28,84.77,960921
2026-02-27 15:50:00,84.26,84.59,84.26,84.35,956878
2026-02-27 15:51:00,83.98,84.27,83.88,84.05,1330723
2026-02-27 15:52:00,83.02,83.32,82.57,82.99,1031552
2026-02-27 15:53:00,82.51,83.17,82.29,82.73,1238379
2026-02-27 15:54:00,82.54,82.61,81.89,82.35,960743
2026-02-27 15:55:00,82.48,82.54,81.87,82.42,821936
2026-02-27 15:56:00,82.58,82.76,81.92,82.6,967575
2026-02-27 15:57:00,83.56,83.82,83.33,83.53,1116514
2026-02-27 15:58:00,83.85,84.58,83.73,84.01,1200326
2026-02-27 15:59:00,84.0,84.21,83.59,83.72,1075927
2026-03-02 09:30:00,83.16,83.31,82.66,83.27,811488
2026-03-02 09:31:00,83.84,83.94,83.12,83.52,718636
2026-03-02 09:32:00,82.97,83.2,82.43,82.86,1043706
2026-03-02 09:33:00,83.97,84.23,83.32,83.77,981631
2026-03-02 09:34:00,84.34,84.53,84.06,84.36,988116
2026-03-02 09:35:00,84.5,84.57,84.02,84.13,677686
2026-03-02 09:36:00,83.22,83.37,82.93,83.27,1092496
2026-03-02 09:37:00,83.71,84.0,83.51,83.95,1305606
2026-03-02 09:38:00,84.07,84.3,83.87,83.89,1077662
2026-03-02 09:39:00,84.76,85.16,84.4,84.51,845486
2026-03-02 09:40:00,83.79,84.16,83.53,83.71,521939
2026-03-02 09:41:00,83.33,83.69,83.17,83.41,1085637
2026-03-02 09:42:00,83.36,83.8,83.2,83.42,833143
2026-03-02 09:43:00,83.88,84.05,83.26,83.44,877722
2026-03-02 09:44:00,83.2,83.29,82.86,83.21,1037283
2026-03-02 09:45:00,83.38,84.09,83.36,83.53,1153767
2026-03-02 09:46:00,82.87,83.1,82.78,82.99,622070
2026-03-02 09:47:00,83.32,83.71,82.8,82.92,779546
2026-03-02 09:48:00,83.05,83.08,82.87,82.98,1038315
2026-03-02 09:49:00,83.34,83.77,83.07,83.24,790068
2026-03-02 09:50:00,83.87,84.36,82.65,83.59,775301
2026-03-02 09:51:00,83.08,83.7,82.87,83.03,890359
2026-03-02 09:52:00,82.65,82.88,81.76,82.26,905747
2026-03-02 09:53:00,82.51,83.13,81.89,82.9,1005691
2026-03-02 09:54:00,82.65,83.17,82.16,83.07,1072129
2026-03-02 09:55:00,82.52,82.7,82.52,82.69,1094526
2026-03-02 09:56:00,83.2,83.65,82.39,83.47,874023
2026-03-02 09:57:00,83.43,83.72,83.42,83.53,718887
2026-03-02 09:58:00,83.92,84.18,83.9,84.12,884175
2026-03-02 09:59:00,84.06,84.36,83.9,84.15,982381
2026-03-02 10:00:00,85.62,86.04,84.63,85.18,1156717
2026-03-02 10:01:00,85.92,86.16,85.69,86.06,948039
2026-03-02 10:02:00,86.25,86.5,85.68,85.94,716754
2026-03-02 10:03:00,86.19,87.27,85.95,86.42,1191340
2026-03-02 10:04:00,86.85,86.91,86.74,86.74,862222
2026-03-02 10:05:00,87.47,87.7,86.94,87.43,1059929
2026-03-02 10:06:00,87.13,87.26,86.74,86.95,1562930
2026-03-02 10:07:00,87.27,87.41,87.05,87.29,1036250
2026-03-02 10:08:00,87.91,87.97,87.51,87.82,1041272
2026-03-02 10:09:00,87.23,87.37,86.65,86.94,952597
2026-03-02 10:10:00,86.5,86.58,86.06,86.35,1063704
2026-03-02 10:11:00,85.13,85.52,85.07,85.33,1059448
2026-03-02 10:12:00,84.95,85.51,84.78,85.19,859054
2026-03-02 10:13:00,85.24,85.59,85.11,85.55,1022628
2026-03-02 10:14:00,86.23,86.9,86.11,86.3,938876
2026-03-02 10:15:00,86.47,86.68,85.84,86.34,617671
2026-03-02 10:16:00,87.42,87.48,86.9,87.15,1015960
2026-03-02 10:17:00,86.69,86.81,86.13,86.46,1284100
2026-03-02 10:18:00,85.59,85.68,85.22,85.61,793608
2026-03-02 10:19:00,85.7,85.88,85.54,85.58,1014455
2026-03-02 10:20:00,85.48,86.01,85.07,85.78,1177238
2026-03-02 10:21:00,85.75,85.83,85.66,85.76,1271316
2026-03-02 10:22:00,84.69,84.8,84.34,84.73,844525
2026-03-02 10:23:00,84.99,85.45,84.19,84.68,925464
2026-03-02 10:24:00,83.98,84.6,83.84,84.03,792038
2026-03-02 10:25:00,84.24,84.41,83.96,84.36,1041520
2026-03-02 10:26:00,84.61,84.94,84.28,84.55,1359745
2026-03-02 10:27:00,83.93,84.57,83.86,84.08,1000457
2026-03-02 10:28:00,84.03,84.42,83.79,83.82,922351
2026-03-02 10:29:00,83.28,83.39,83.01,83.29,1000845
2026-03-02 10:30:00,83.38,83.88,83.15,83.26,1062330
2026-03-02 10:31:00,83.43,84.53,83.32,83.74,981035
2026-03-02 10:32:00,83.14,83.32,83.12,83.24,1225556
2026-03-02 10:33:00,83.51,83.74,83.2,83.5,956573
2026-03-02 10:34:00,83.34,83.48,83.04,83.23,1016833
2026-03-02 10:35:00,82.84,82.98,82.75,82.83,632728
2026-03-02 10:36:00,82.69,83.02,82.61,82.78,950723
2026-03-02 10:37:00,82.46,82.67,81.8,82.26,967873
2026-03-02 10:38:00,81.89,82.28,81.84,81.99,1098301
2026-03-02 10:39:00,81.39,81.48,80.84,81.39,931424
2026-03-02 10:40:00,82.43,82.58,82.12,82.37,883018
2026-03-02 10:41:00,82.29,82.5,81.59,82.39,856791
2026-03-02 10:42:00,81.95,82.06,81.84,82.04,1052710
2026-03-02 10:43:00,82.4,83.13,81.43,82.15,900824
2026-03-02 10:44:00,82.31,82.78,81.19,82.09,1114235
2026-03-02 10:45:00,82.03,82.35,81.68,81.98,806051
2026-03-02 10:46:00,82.31,82.5,82.14,82.29,429074
2026-03-02 10:47:00,82.49,83.0,82.42,82.66,892390
2026-03-02 10:48:00,82.56,83.12,82.39,82.4,1111667
2026-03-02 10:49:00,82.48,82.63,82.01,82.11,639227
2026-03-02 10:50:00,81.5,82.23,81.49,81.97,1235702
2026-03-02 10:51:00,80.55,80.98,79.99,80.82,1083941
2026-03-02 10:52:00,80.12,80.12,79.59,80.07,1271114
2026-03-02 10:53:00,80.63,80.9,80.16,80.75,764108
2026-03-02 10:54:00,81.86,81.96,81.14,81.57,984353
2026-03-02 10:55:00,81.08,81.71,80.9,81.45,1139737
2026-03-02 10:56:00,81.74,82.2,81.69,81.73,1439244
2026-03-02 10:57:00,81.99,82.01,81.57,81.89,1042133
2026-03-02 10:58:00,83.47,83.8,83.36,83.43,1207088
2026-03-02 10:59:00,83.82,84.42,83.79,83.99,822446
2026-03-02 11:00:00,84.13,84.21,83.7,83.93,941648
2026-03-02 11:01:00,83.44,83.6,83.35,83.45,600893
2026-03-02 11:02:00,82.42,82.92,82.38,82.64,895253
2026-03-02 11:03:00,82.47,83.07,81.87,82.75,979743
2026-03-02 11:04:00,82.25,82.66,82.23,82.37,1072794
2026-03-02 11:05:00,82.08,82.53,81.31,81.66,1194620
2026-03-02 11:06:00,81.18,81.39,81.04,81.33,1037137
2026-03-02 11:07:00,81.09,81.28,80.64,80.79,913938
2026-03-02 11:08:00,81.34,81.7,80.98,81.64,694566
2026-03-02 11:09:00,81.87,82.12,81.57,82.08,841495
2026-03-02 11:10:00,81.99,82.48,81.7,82.07,1140685
2026-03-02 11:11:00,82.55,83.29,82.36,82.81,1146391
2026-03-02 11:12:00,82.81,82.99,82.8,82.85,650858
2026-03-02 11:13:00,82.52,82.64,82.3,82.42,1201184
2026-03-02 11:14:00,82.96,83.52,82.91,83.18,932689
2026-03-02 11:15:00,83.45,83.48,83.08,83.45,784664
2026-03-02 11:16:00,82.78,83.24,82.6,82.93,1180106
2026-03-02 11:17:00,83.18,83.3,82.63,82.84,769261
2026-03-02 11:18:00,82.55,82.61,82.26,82.4,870885
2026-03-02 11:19:00,81.38,81.86,80.76,81.71,936529
2026-03-02 11:20:00,82.36,82.42,81.59,82.17,1205021
2026-03-02 11:21:00,83.0,83.14,82.98,83.13,683564
2026-03-02 11:22:00,82.24,82.6,81.63,82.43,1009498
2026-03-02 11:23:00,82.66,83.21,82.54,82.71,1143174
2026-03-02 11:24:00,82.43,82.53,82.21,82.38,1136044
2026-03-02 11:25:00,82.2,82.45,82.06,82.14,1239096
2026-03-02 11:26:00,81.73,82.47,81.57,81.84,1006481
2026-03-02 11:27:00,81.28,81.48,80.76,81.41,890791
2026-03-02 11:28:00,81.22,81.48,80.92,81.44,1129201
2026-03-02 11:29:00,80.55,81.63,80.46,81.02,844700
2026-03-02 11:30:00,81.19,81.24,80.96,81.16,1039583
2026-03-02 11:31:00,81.01,81.25,80.8,81.13,713465
2026-03-02 11:32:00,81.04,81.22,80.86,81.01,1163985
2026-03-02 11:33:00,80.62,80.78,80.31,80.56,728496
2026-03-02 11:34:00,80.09,80.56,79.77,80.27,1188557
2026-03-02 11:35:00,80.74,81.07,80.38,80.65,1069719
2026-03-02 11:36:00,80.87,81.15,80.84,80.9,923011
2026-03-02 11:37:00,80.52,80.78,80.21,80.41,987784
2026-03-02 11:38:00,80.25,81.21,80.19,80.46,1121781
2026-03-02 11:39:00,80.89,81.47,80.73,80.83,556330
2026-03-02 11:40:00,80.27,80.6,79.62,80.0,1189173
2026-03-02 11:41:00,80.09,80.61,79.99,80.27,831135
2026-03-02 11:42:00,79.96,80.11,79.41,79.94,553906
2026-03-02 11:43:00,80.27,80.44,80.06,80.23,1139172
2026-03-02 11:44:00,80.08,80.16,79.74,79.84,1100028
2026-03-02 11:45:00,78.67,79.01,78.5,78.94,1136046
2026-03-02 11:46:00,77.74,78.36,77.48,78.13,1019977
2026-03-02 11:47:00,78.25,78.7,78.0,78.15,900485
2026-03-02 11:48:00,78.51,78.6,77.9,78.28,1057745
2026-03-02 11:49:00,77.6,78.23,77.13,77.83,1132410
2026-03-02 11:50:00,78.39,78.94,77.9,78.15,1232567
2026-03-02 11:51:00,77.2,77.66,76.95,77.32,1083536
2026-03-02 11:52:00,77.31,77.42,77.19,77.28,1256763
2026-03-02 11:53:00,76.94,77.1,76.43,76.68,1102812
2026-03-02 11:54:00,76.26,76.58,75.84,76.35,1210778
2026-03-02 11:55:00,76.14,76.46,75.88,76.38,1110677
2026-03-02 11:56:00,75.94,76.43,75.81,75.95,884415
2026-03-02 11:57:00,75.93,75.93,75.64,75.75,808486
2026-03-02 11:58:00,76.14,76.4,75.88,76.26,1335475
2026-03-02 11:59:00,75.81,76.29,75.16,75.97,761162
2026-03-02 12:00:00,76.2,76.79,75.72,76.39,1082599
2026-03-02 12:01:00,75.78,75.94,75.57,75.82,1053123
2026-03-02 12:02:00,76.22,76.24,75.73,76.09,1211562
2026-03-02 12:03:00,76.69,77.09,76.64,76.81,817437
2026-03-02 12:04:00,75.49,75.68,75.38,75.57,820433
2026-03-02 12:05:00,75.08,75.5,74.93,75.17,1415013
2026-03-02 12:06:00,75.7,76.04,75.05,75.46,1152772
2026-03-02 12:07:00,75.35,75.53,75.3,75.36,1189042
2026-03-02 12:08:00,75.65,75.91,75.32,75.55,872482
2026-03-02 12:09:00,75.29,75.38,75.18,75.24,1153248
2026-03-02 12:10:00,75.08,75.87,74.53,75.29,880466
2026-03-02 12:11:00,75.28,75.46,75.18,75.21,988521
2026-03-02 12:12:00,75.88,75.95,75.38,75.79,1167869
2026-03-02 12:13:00,76.1,76.39,75.9,75.92,939906
2026-03-02 12:14:00,75.89,76.2,75.73,76.09,1131080
2026-03-02 12:15:00,75.67,76.4,75.4,75.88,1043860
2026-03-02 12:16:00,75.8,75.97,75.38,75.64,754163
2026-03-02 12:17:00,75.71,75.72,75.24,75.42,940163
2026-03-02 12:18:00,75.78,75.96,75.4,75.62,955692
2026-03-02 12:19:00,75.17,75.96,75.01,75.41,1166323
2026-03-02 12:20:00,75.6,75.89,75.55,75.56,1156800
2026-03-02 12:21:00,76.56,76.95,76.25,76.59,1183782
2026-03-02 12:22:00,76.94,77.35,76.75,77.03,1039248
2026-03-02 12:23:00,76.97,77.63,76.86,76.87,1031617
2026-03-02 12:24:00,77.41,77.85,77.28,77.47,1262038
2026-03-02 12:25:00,77.22,77.54,76.73,77.26,1262338
2026-03-02 12:26:00,76.02,76.32,75.92,76.24,1097850
2026-03-02 12:27:00,75.88,76.13,75.72,75.74,596014
2026-03-02 12:28:00,75.09,75.25,74.79,74.8,938070
2026-03-02 12:29:00,74.86,75.71,74.62,74.63,978836
2026-03-02 12:30:00,74.55,75.15,74.28,74.64,1154359
2026-03-02 12:31:00,75.55,75.92,75.28,75.48,853406
2026-03-02 12:32:00,75.86,75.99,75.18,75.64,892138
2026-03-02 12:33:00,75.61,75.86,75.33,75.53,417148
2026-03-02 12:34:00,76.05,76.41,75.34,75.94,433534
2026-03-02 12:35:00,75.0,75.04,74.77,74.84,1277804
2026-03-02 12:36:00,75.08,75.57,74.54,74.96,993089
2026-03-02 12:37:00,75.02,75.41,74.94,75.34,1125322
2026-03-02 12:38:00,74.61,74.8,74.39,74.6,1430985
2026-03-02 12:39:00,75.11,75.46,75.04,75.17,839543
2026-03-02 12:40:00,75.64,75.72,75.17,75.34,905736
2026-03-02 12:41:00,75.28,75.33,74.94,75.14,1333070
2026-03-02 12:42:00,75.28,75.46,75.09,75.45,673732
2026-03-02 12:43:00,76.68,77.0,76.34,76.59,807469
2026-03-02 12:44:00,76.82,77.15,76.42,76.68,1050263
2026-03-02 12:45:00,76.76,76.98,76.31,76.8,860100
2026-03-02 12:46:00,76.37,76.77,76.13,76.57,809987
2026-03-02 12:47:00,75.86,76.29,75.83,76.15,1048618
2026-03-02 12:48:00,76.75,76.91,76.51,76.56,960360
2026-03-02 12:49:00,76.24,76.62,76.1,76.13,906173
2026-03-02 12:50:00,75.97,76.6,75.77,76.17,1115595
2026-03-02 12:51:00,76.05,76.09,75.51,75.93,903176
2026-03-02 12:52:00,76.36,76.37,75.99,76.17,1118506
2026-03-02 12:53:00,76.42,76.53,76.31,76.34,992421
2026-03-02 12:54:00,77.33,77.69,76.64,76.86,1022359
2026-03-02 12:55:00,76.8,76.96,76.59,76.6,939287
2026-03-02 12:56:00,76.45,77.42,76.39,76.47,902304
2026-03-02 12:57:00,76.3,76.3,75.62,75.98,990023
2026-03-02 12:58:00,75.55,75.9,75.46,75.76,1191567
2026-03-02 12:59:00,75.79,75.95,75.38,75.94,1140298
2026-03-02 13:00:00,76.43,76.58,76.32,76.32,1082954
2026-03-02 13:01:00,76.18,76.27,75.82,75.86,782774
2026-03-02 13:02:00,76.12,76.33,75.79,76.3,948743
2026-03-02 13:03:00,76.93,77.1,76.77,76.97,1058994
2026-03-02 13:04:00,76.88,77.57,76.68,77.18,1144380
2026-03-02 13:05:00,77.87,78.32,77.66,78.12,1076840
2026-03-02 13:06:00,77.53,77.81,77.18,77.73,949447
2026-03-02 13:07:00,77.32,77.56,77.11,77.11,805038
2026-03-02 13:08:00,76.35,76.36,75.52,76.22,1156525
2026-03-02 13:09:00,76.96,77.33,76.64,76.97,364659
2026-03-02 13:10:00,77.35,77.44,76.79,77.3,804300
2026-03-02 13:11:00,77.82,77.91,77.05,77.27,869868
2026-03-02 13:12:00,76.99,77.46,76.91,77.41,920024
2026-03-02 13:13:00,76.82,76.92,76.78,76.85,747198
2026-03-02 13:14:00,78.17,78.75,77.45,78.07,1147836
2026-03-02 13:15:00,78.23,78.25,77.71,78.13,858417
2026-03-02 13:16:00,78.14,78.67,77.91,78.19,1130466
2026-03-02 13:17:00,78.84,78.96,78.32,78.55,617187
2026-03-02 13:18:00,78.92,79.16,78.7,78.79,950449
2026-03-02 13:19:00,79.17,79.43,78.71,78.9,944098
2026-03-02 13:20:00,78.48,78.56,78.22,78.51,997180
2026-03-02 13:21:00,78.73,78.82,78.71,78.74,1159598
2026-03-02 13:22:00,79.87,80.18,79.42,79.68,762732
2026-03-02 13:23:00,80.47,80.66,79.78,80.36,1018595
2026-03-02 13:24:00,81.06,81.38,80.65,81.15,869264
2026-03-02 13:25:00,80.74,80.92,80.53,80.9,971670
2026-03-02 13:26:00,80.64,80.8,79.75,80.4,894106
2026-03-02 13:27:00,80.23,80.48,79.44,80.34,1509801
2026-03-02 13:28:00,80.47,80.52,80.01,80.37,1468730
2026-03-02 13:29:00,81.09,81.37,80.88,80.92,971694
2026-03-02 13:30:00,79.97,80.32,79.77,80.07,729888
2026-03-02 13:31:00,80.82,81.34,80.76,80.83,992733
2026-03-02 13:32:00,80.78,80.94,79.83,80.75,1272023
2026-03-02 13:33:00,80.29,80.61,80.11,80.54,797104
2026-03-02 13:34:00,79.77,80.17,79.56,80.04,1193565
2026-03-02 13:35:00,79.41,79.82,78.95,79.21,1095073
2026-03-02 13:36:00,79.75,79.89,79.39,79.62,1321904
2026-03-02 13:37:00,79.7,79.89,79.41,79.66,756143
2026-03-02 13:38:00,78.9,79.05,78.58,79.01,998031
2026-03-02 13:39:00,78.03,78.7,77.82,78.36,1120758
2026-03-02 13:40:00,78.12,78.5,77.81,78.2,925346
2026-03-02 13:41:00,79.16,79.44,78.88,79.03,769301
2026-03-02 13:42:00,78.95,79.2,78.75,78.9,1265055
2026-03-02 13:43:00,78.31,78.36,77.77,78.15,1042279
2026-03-02 13:44:00,78.24,78.35,77.62,78.03,1258549
2026-03-02 13:45:00,78.22,78.31,77.71,77.89,1282837
2026-03-02 13:46:00,76.63,76.78,76.41,76.54,1047710
2026-03-02 13:47:00,76.26,76.56,75.93,76.51,561749
2026-03-02 13:48:00,76.71,77.04,76.26,76.4,1108678
2026-03-02 13:49:00,76.75,77.12,76.45,76.75,719985
2026-03-02 13:50:00,77.79,77.85,77.65,77.67,854365
2026-03-02 13:51:00,78.58,78.9,78.01,78.23,733077
2026-03-02 13:52:00,78.02,78.23,77.95,78.1,1250626
2026-03-02 13:53:00,77.7,78.0,77.45,77.55,722140
2026-03-02 13:54:00,78.79,79.15,78.78,78.83,1100618
2026-03-02 13:55:00,78.8,79.17,78.76,78.86,1061809
2026-03-02 13:56:00,78.74,78.94,78.46,78.87,1223848
2026-03-02 13:57:00,78.8,79.29,78.34,78.86,983790
2026-03-02 13:58:00,78.76,79.58,78.31,78.96,725233
2026-03-02 13:59:00,79.16,79.2,78.77,78.88,555915
2026-03-02 14:00:00,78.36,78.86,78.27,78.6,970558
2026-03-02 14:01:00,78.44,78.93,78.26,78.32,1013873
2026-03-02 14:02:00,78.35,79.06,77.68,78.31,1136644
2026-03-02 14:03:00,78.01,78.21,77.82,78.04,990206
2026-03-02 14:04:00,77.82,78.76,77.44,77.68,830386
2026-03-02 14:05:00,77.65,77.87,77.11,77.73,933981
2026-03-02 14:06:00,77.75,78.13,77.29,77.61,1097554
2026-03-02 14:07:00,78.21,78.4,77.73,78.36,1146709
2026-03-02 14:08:00,77.03,77.11,77.01,77.03,897647
2026-03-02 14:09:00,77.16,78.19,77.11,77.58,1079629
2026-03-02 14:10:00,78.19,78.42,78.13,78.2,680121
2026-03-02 14:11:00,77.62,77.99,76.85,77.16,911948
2026-03-02 14:12:00,77.25,77.26,76.62,76.99,1250867
2026-03-02 14:13:00,76.95,77.12,76.59,76.81,1478872
2026-03-02 14:14:00,76.54,76.75,75.62,76.1,1076633
2026-03-02 14:15:00,75.81,76.32,75.66,75.71,837435
2026-03-02 14:16:00,75.33,75.65,74.54,75.16,995593
2026-03-02 14:17:00,76.26,76.32,75.82,76.04,1070233
2026-03-02 14:18:00,76.57,76.65,76.14,76.5,775693
2026-03-02 14:19:00,77.28,77.29,77.1,77.14,915221
2026-03-02 14:20:00,77.44,77.81,77.34,77.5,731787
2026-03-02 14:21:00,77.08,77.15,76.93,76.94,1321515
2026-03-02 14:22:00,76.67,76.76,76.32,76.67,956066
2026-03-02 14:23:00,77.04,77.51,76.86,76.92,1020158
2026-03-02 14:24:00,76.32,76.63,76.21,76.31,1295614
2026-03-02 14:25:00,76.46,76.7,76.44,76.66,786149
2026-03-02 14:26:00,76.73,77.43,76.54,76.54,1101004
2026-03-02 14:27:00,76.37,76.59,75.81,76.36,858845
2026-03-02 14:28:00,76.43,77.22,76.4,76.71,930816
2026-03-02 14:29:00,77.11,77.45,76.7,76.93,1013614
2026-03-02 14:30:00,76.96,77.11,76.68,76.75,1015623
2026-03-02 14:31:00,77.41,77.47,77.02,77.33,1009215
2026-03-02 14:32:00,76.58,76.82,76.43,76.79,1507876
2026-03-02 14:33:00,77.09,77.52,77.05,77.1,1103871
2026-03-02 14:34:00,77.73,77.91,76.92,77.4,1163367
2026-03-02 14:35:00,76.97,77.37,76.89,77.24,986073
2026-03-02 14:36:00,77.54,77.75,77.32,77.4,997145
2026-03-02 14:37:00,76.81,76.84,76.65,76.78,1168767
2026-03-02 14:38:00,77.32,77.46,76.77,77.24,1010045
2026-03-02 14:39:00,77.24,77.46,76.94,77.15,868192
2026-03-02 14:40:00,76.77,77.05,76.46,76.89,918507
2026-03-02 14:41:00,77.59,77.63,77.37,77.41,957723
2026-03-02 14:42:00,77.21,77.31,76.38,77.06,829555
2026-03-02 14:43:00,76.46,76.62,76.09,76.36,997826
2026-03-02 14:44:00,75.6,76.48,75.52,75.58,773964
2026-03-02 14:45:00,75.93,76.56,75.85,75.88,1003205
2026-03-02 14:46:00,75.4,75.69,75.09,75.24,969877
2026-03-02 14:47:00,75.96,76.46,75.87,76.12,745282
2026-03-02 14:48:00,74.99,75.38,74.83,75.08,1360286
2026-03-02 14:49:00,75.66,76.48,75.63,75.92,1003139
2026-03-02 14:50:00,76.07,76.21,75.97,76.03,1073502
2026-03-02 14:51:00,76.19,76.78,75.87,75.98,1042761
2026-03-02 14:52:00,75.53,76.23,75.34,75.71,991741
2026-03-02 14:53:00,76.02,76.2,75.36,75.91,914269
2026-03-02 14:54:00,76.1,76.2,75.64,75.89,1185134
2026-03-02 14:55:00,76.38,76.59,76.33,76.44,1154150
2026-03-02 14:56:00,76.98,77.22,76.15,76.5,898806
2026-03-02 14:57:00,76.37,76.59,76.34,76.57,784297
2026-03-02 14:58:00,76.36,76.51,76.25,76.39,1100857
2026-03-02 14:59:00,76.42,76.57,76.21,76.36,760209
2026-03-02 15:00:00,76.87,76.88,76.45,76.52,814241
2026-03-02 15:01:00,76.25,76.57,75.53,75.66,1083167
2026-03-02 15:02:00,75.11,75.4,74.45,74.99,1101231
2026-03-02 15:03:00,75.15,75.44,75.06,75.36,1413645
2026-03-02 15:04:00,75.17,75.81,75.11,75.45,1167566
2026-03-02 15:05:00,75.33,75.61,75.11,75.35,1130886
2026-03-02 15:06:00,75.56,75.56,75.18,75.36,688242
2026-03-02 15:07:00,75.7,75.83,75.25,75.54,892285
2026-03-02 15:08:00,75.17,75.71,74.93,75.27,773233
2026-03-02 15:09:00,74.8,75.1,74.31,74.88,1404518
2026-03-02 15:10:00,75.23,75.46,74.89,74.98,1083493
2026-03-02 15:11:00,74.72,74.97,74.16,74.49,890418
2026-03-02 15:12:00,74.42,74.91,74.04,74.69,1517581
2026-03-02 15:13:00,73.6,74.05,73.48,73.84,1156671
2026-03-02 15:14:00,74.06,74.73,73.83,74.35,1015792
2026-03-02 15:15:00,74.46,74.79,74.15,74.59,1119915
2026-03-02 15:16:00,75.04,75.17,74.35,74.72,1272675
2026-03-02 15:17:00,75.09,75.48,74.62,75.21,1091337
2026-03-02 15:18:00,75.74,76.32,75.35,76.04,966175
2026-03-02 15:19:00,76.57,76.79,76.34,76.55,1055759
2026-03-02 15:20:00,75.59,75.72,75.33,75.63,1110713
2026-03-02 15:21:00,74.94,75.31,74.9,74.99,829667
2026-03-02 15:22:00,74.52,74.97,74.44,74.68,1246744
2026-03-02 15:23:00,74.53,74.75,74.33,74.69,947938
2026-03-02 15:24:00,74.65,75.01,74.59,74.95,1108057
2026-03-02 15:25:00,74.63,74.99,74.26,74.59,1042060
2026-03-02 15:26:00,74.72,74.72,74.52,74.68,1043560
2026-03-02 15:27:00,74.4,74.92,74.14,74.3,949010
2026-03-02 15:28:00,74.05,74.4,73.76,74.0,900407
2026-03-02 15:29:00,73.19,73.53,73.09,73.29,1154160
2026-03-02 15:30:00,72.62,72.96,72.11,72.83,887732
2026-03-02 15:31:00,72.09,72.66,72.01,72.15,559751
2026-03-02 15:32:00,71.27,71.68,71.08,71.67,1075091
2026-03-02 15:33:00,72.23,72.58,72.03,72.19,1178982
2026-03-02 15:34:00,71.39,71.99,70.85,71.72,945030
2026-03-02 15:35:00,73.03,73.07,73.01,73.04,814489
2026-03-02 15:36:00,73.24,73.73,72.83,73.28,939274
2026-03-02 15:37:00,73.28,73.85,72.9,73.37,774882
2026-03-02 15:38:00,72.73,72.97,72.6,72.95,1147935
2026-03-02 15:39:00,73.81,74.48,73.11,73.3,888573
2026-03-02 15:40:00,72.89,73.19,72.62,73.01,1336904
2026-03-02 15:41:00,73.24,73.24,72.66,73.07,697494
2026-03-02 15:42:00,74.08,75.0,73.87,74.35,1032339
2026-03-02 15:43:00,74.32,74.37,73.88,74.3,1160630
2026-03-02 15:44:00,74.92,75.14,74.31,74.88,1062298
2026-03-02 15:45:00,74.29,74.64,74.13,74.52,1018218
2026-03-02 15:46:00,74.34,74.51,73.88,74.51,1230053
2026-03-02 15:47:00,75.35,75.73,75.19,75.39,895284
2026-03-02 15:48:00,74.93,75.34,74.71,75.08,1128919
2026-03-02 15:49:00,75.91,76.58,75.74,75.98,764178
2026-03-02 15:50:00,76.34,76.7,76.06,76.34,981784
2026-03-02 15:51:00,76.02,76.25,75.73,76.06,995980
2026-03-02 15:52:00,76.22,76.91,76.01,76.37,876557
2026-03-02 15:53:00,76.88,76.98,76.65,76.86,877403
2026-03-02 15:54:00,77.16,77.53,77.06,77.17,987992
2026-03-02 15:55:00,76.26,76.58,76.01,76.39,891798
2026-03-02 15:56:00,76.17,76.24,75.62,76.02,1353633
2026-03-02 15:57:00,75.96,76.38,75.77,75.9,1022177
2026-03-02 15:58:00,76.2,76.53,75.57,75.86,1279897
2026-03-02 15:59:00,76.05,76.25,75.73,76.17,959307
2026-03-03 09:30:00,76.25,76.46,75.93,76.26,850380
2026-03-03 09:31:00,75.2,75.6,75.11,75.59,1049883
2026-03-03 09:32:00,75.72,75.82,75.26,75.78,1076346
2026-03-03 09:33:00,76.01,76.24,75.96,76.09,1327347
2026-03-03 09:34:00,76.33,76.37,76.19,76.37,1219796
2026-03-03 09:35:00,77.3,77.43,76.88,76.91,1007356
2026-03-03 09:36:00,76.85,77.55,76.81,77.32,1085668
2026-03-03 09:37:00,77.41,77.67,77.29,77.55,1204324
2026-03-03 09:38:00,77.44,78.14,77.31,77.52,744863
2026-03-03 09:39:00,76.66,76.88,76.0,76.69,1319894
2026-03-03 09:40:00,77.04,77.2,76.85,76.9,723596
2026-03-03 09:41:00,76.91,77.26,76.6,77.01,493646
2026-03-03 09:42:00,77.1,77.19,77.06,77.14,1145703
2026-03-03 09:43:00,76.63,76.71,76.15,76.5,696206
2026-03-03 09:44:00,76.07,76.25,75.59,75.96,699425
2026-03-03 09:45:00,76.34,76.69,76.12,76.49,877092
2026-03-03 09:46:00,76.3,76.65,75.96,76.47,1002608
2026-03-03 09:47:00,76.78,76.84,76.39,76.81,850165
2026-03-03 09:48:00,77.09,77.15,76.78,76.83,1500180
2026-03-03 09:49:00,76.63,76.95,76.26,76.84,1190492
2026-03-03 09:50:00,77.65,78.15,76.94,77.31,960475
2026-03-03 09:51:00,76.98,77.55,76.37,77.05,1093795
2026-03-03 09:52:00,77.0,77.5,76.71,77.1,1081324
2026-03-03 09:53:00,76.83,77.06,76.82,76.87,709814
2026-03-03 09:54:00,76.67,76.98,76.64,76.65,1155023
2026-03-03 09:55:00,76.29,76.5,76.1,76.5,1149396
2026-03-03 09:56:00,76.61,76.82,76.28,76.61,1138323
2026-03-03 09:57:00,76.42,76.72,76.37,76.37,893381
2026-03-03 09:58:00,76.93,77.11,76.63,77.0,608532
2026-03-03 09:59:00,76.42,76.61,76.01,76.55,1003136
2026-03-03 10:00:00,76.84,77.14,75.96,76.46,1078225
2026-03-03 10:01:00,76.47,76.69,76.04,76.24,452171
2026-03-03 10:02:00,77.2,77.66,76.79,76.96,949209
2026-03-03 10:03:00,76.91,77.17,76.57,77.06,651445
2026-03-03 10:04:00,77.66,77.74,77.54,77.57,1091798
2026-03-03 10:05:00,76.79,76.86,76.73,76.83,1194063
2026-03-03 10:06:00,77.05,77.11,76.58,76.96,924284
2026-03-03 10:07:00,77.59,77.6,77.21,77.41,1353302
2026-03-03 10:08:00,77.66,77.69,77.3,77.45,489290
2026-03-03 10:09:00,77.95,78.08,77.83,77.98,969218
2026-03-03 10:10:00,77.66,78.26,77.38,77.72,1095330
2026-03-03 10:11:00,78.77,78.8,78.33,78.43,1190495
2026-03-03 10:12:00,79.42,79.69,79.19,79.58,1172964
2026-03-03 10:13:00,79.43,79.52,79.16,79.4,1141406
2026-03-03 10:14:00,79.59,79.89,79.07,79.17,1046321
2026-03-03 10:15:00,80.06,80.23,79.05,79.9,1271837
2026-03-03 10:16:00,80.84,81.37,80.51,80.69,1313636
2026-03-03 10:17:00,80.72,81.0,80.38,80.43,1016597
2026-03-03 10:18:00,80.19,80.56,79.93,80.22,838840
2026-03-03 10:19:00,80.28,80.29,79.67,80.08,865697
2026-03-03 10:20:00,79.4,79.68,79.39,79.41,704290
2026-03-03 10:21:00,78.85,79.38,78.64,78.95,1143317
2026-03-03 10:22:00,78.1,78.85,77.35,78.44,1009201
2026-03-03 10:23:00,77.93,78.91,77.54,78.06,1004021
2026-03-03 10:24:00,78.08,78.48,77.94,78.04,900273
2026-03-03 10:25:00,77.97,78.26,77.67,78.16,1009565
2026-03-03 10:26:00,78.82,79.38,78.45,78.94,900465
2026-03-03 10:27:00,78.18,78.49,78.16,78.44,650706
2026-03-03 10:28:00,79.0,79.31,78.42,78.93,1104792
2026-03-03 10:29:00,78.74,79.05,78.71,78.82,1122558
2026-03-03 10:30:00,78.79,78.86,78.77,78.8,879228
2026-03-03 10:31:00,79.07,79.76,78.77,79.13,1059759
2026-03-03 10:32:00,78.42,79.14,78.39,78.57,792771
2026-03-03 10:33:00,78.94,79.06,78.65,78.76,914848
2026-03-03 10:34:00,78.94,79.02,78.68,78.85,619011
2026-03-03 10:35:00,79.01,79.61,78.78,79.09,879232
2026-03-03 10:36:00,79.15,79.6,78.49,79.24,953882
2026-03-03 10:37:00,80.49,80.51,80.42,80.47,1008608
2026-03-03 10:38:00,80.35,80.41,79.98,80.15,943774
2026-03-03 10:39:00,80.0,80.42,79.69,79.88,1019786
2026-03-03 10:40:00,79.64,79.94,79.56,79.57,706865
2026-03-03 10:41:00,78.94,79.4,78.82,79.29,1040456
2026-03-03 10:42:00,78.97,79.27,78.96,78.97,753379
2026-03-03 10:43:00,79.85,80.25,79.51,79.57,791545
2026-03-03 10:44:00,80.39,80.49,80.12,80.28,1170640
2026-03-03 10:45:00,80.0,80.15,79.7,79.99,719036
2026-03-03 10:46:00,79.6,79.69,79.39,79.58,984018
2026-03-03 10:47:00,79.85,80.34,79.25,79.81,967151
2026-03-03 10:48:00,79.68,79.93,79.44,79.54,739431
2026-03-03 10:49:00,79.94,80.05,79.84,79.85,1139594
2026-03-03 10:50:00,79.71,80.16,79.57,79.95,1419644
2026-03-03 10:51:00,79.17,79.37,79.14,79.2,1388449
2026-03-03 10:52:00,79.62,80.0,79.13,79.97,498685
2026-03-03 10:53:00,80.93,80.97,80.78,80.87,978761
2026-03-03 10:54:00,81.18,81.26,80.41,80.56,870127
2026-03-03 10:55:00,80.43,80.5,80.25,80.37,1363779
2026-03-03 10:56:00,80.75,80.79,79.82,80.51,927798
2026-03-03 10:57:00,81.22,81.29,80.35,80.68,1288388
2026-03-03 10:58:00,81.05,81.3,80.28,81.01,1136832
2026-03-03 10:59:00,81.85,82.07,81.47,82.01,946952
2026-03-03 11:00:00,81.93,82.01,81.59,81.92,1239382
2026-03-03 11:01:00,81.41,82.03,81.37,81.53,1006875
2026-03-03 11:02:00,80.87,81.28,80.76,80.84,976076
2026-03-03 11:03:00,80.25,80.72,80.19,80.47,915994
2026-03-03 11:04:00,80.07,80.89,79.7,80.45,881744
2026-03-03 11:05:00,81.42,81.78,80.9,81.35,575210
2026-03-03 11:06:00,81.24,81.4,80.21,81.09,801128
2026-03-03 11:07:00,81.02,81.37,80.95,81.2,905959
2026-03-03 11:08:00,81.32,81.61,80.78,81.2,640357
2026-03-03 11:09:00,81.35,81.95,81.25,81.79,873712
2026-03-03 11:10:00,83.3,83.67,82.95,83.05,641215
2026-03-03 11:11:00,82.67,82.97,82.48,82.79,860456
2026-03-03 11:12:00,82.41,82.66,82.22,82.54,1041664
2026-03-03 11:13:00,83.14,83.41,82.68,83.07,803987
2026-03-03 11:14:00,83.08,83.52,82.84,83.41,1064258
2026-03-03 11:15:00,83.85,84.75,83.65,84.33,699904
2026-03-03 11:16:00,84.33,85.12,84.1,84.62,833163
2026-03-03 11:17:00,83.99,84.55,83.92,84.44,1143098
2026-03-03 11:18:00,84.46,85.19,84.32,84.74,1201346
2026-03-03 11:19:00,84.98,85.62,84.97,85.29,1218361
2026-03-03 11:20:00,85.69,86.46,85.64,85.7,1212028
2026-03-03 11:21:00,85.78,86.07,85.72,85.96,420097
2026-03-03 11:22:00,86.82,87.09,86.34,86.49,982659
2026-03-03 11:23:00,87.32,87.45,87.0,87.07,821296
2026-03-03 11:24:00,87.92,88.49,87.57,87.76,780191
2026-03-03 11:25:00,88.34,88.39,87.9,88.09,1016397
2026-03-03 11:26:00,87.65,88.26,87.45,88.01,1033331
2026-03-03 11:27:00,88.31,88.44,87.79,88.08,840787
2026-03-03 11:28:00,88.7,89.4,88.18,88.68,1088349
2026-03-03 11:29:00,88.52,88.99,87.9,88.27,1446299
2026-03-03 11:30:00,88.19,88.69,88.19,88.46,691113
2026-03-03 11:31:00,88.36,88.61,88.08,88.26,1233183
2026-03-03 11:32:00,87.94,88.72,87.9,88.28,1005077
2026-03-03 11:33:00,88.77,89.16,88.61,88.91,1171627
2026-03-03 11:34:00,88.99,89.19,88.85,89.01,1410763
2026-03-03 11:35:00,88.87,89.66,88.86,89.03,724897
2026-03-03 11:36:00,88.63,88.66,88.1,88.35,1244771
2026-03-03 11:37:00,88.79,88.97,88.43,88.73,1000151
2026-03-03 11:38:00,89.19,89.83,88.92,89.05,872282
2026-03-03 11:39:00,90.46,90.65,90.06,90.13,1097261
2026-03-03 11:40:00,89.78,90.46,89.18,89.98,1078582
2026-03-03 11:41:00,90.4,90.58,89.85,90.09,1008184
2026-03-03 11:42:00,90.3,90.42,90.05,90.21,1061277
2026-03-03 11:43:00,90.8,91.16,90.54,91.0,1034293
2026-03-03 11:44:00,91.18,91.55,90.81,90.95,765943
2026-03-03 11:45:00,90.87,91.28,90.59,91.09,890400
2026-03-03 11:46:00,91.35,91.65,91.26,91.4,682874
2026-03-03 11:47:00,91.72,91.97,91.47,91.49,1089307
2026-03-03 11:48:00,91.31,91.63,91.12,91.27,827738
2026-03-03 11:49:00,91.8,91.86,91.32,91.36,1192785
2026-03-03 11:50:00,91.95,92.07,91.15,91.9,944975
2026-03-03 11:51:00,91.32,91.42,91.0,91.39,698693
2026-03-03 11:52:00,91.06,91.63,90.57,91.45,915033
2026-03-03 11:53:00,91.2,91.47,90.67,91.1,1013867
2026-03-03 11:54:00,91.87,92.38,91.45,91.7,1163461
2026-03-03 11:55:00,91.13,91.5,90.28,90.94,928781
2026-03-03 11:56:00,90.68,90.81,90.66,90.66,1306574
2026-03-03 11:57:00,90.58,91.11,90.17,90.85,1204007
2026-03-03 11:58:00,91.56,91.89,91.46,91.63,1300054
2026-03-03 11:59:00,91.61,91.92,90.81,91.6,1119619
2026-03-03 12:00:00,91.33,91.55,91.21,91.32,1477593
2026-03-03 12:01:00,92.3,92.38,92.01,92.26,1219444
2026-03-03 12:02:00,91.71,91.86,91.36,91.54,698288
2026-03-03 12:03:00,90.47,90.61,89.93,90.44,845836
2026-03-03 12:04:00,90.4,90.93,90.0,90.66,1267331
2026-03-03 12:05:00,90.72,90.81,90.04,90.41,1026791
2026-03-03 12:06:00,89.88,90.0,89.78,89.9,690439
2026-03-03 12:07:00,90.3,90.31,90.03,90.25,1018704
2026-03-03 12:08:00,90.34,90.63,90.32,90.37,1147647
2026-03-03 12:09:00,89.86,90.12,89.79,90.09,856387
2026-03-03 12:10:00,89.33,89.52,88.99,89.45,1069984
2026-03-03 12:11:00,89.71,90.2,89.01,89.89,827848
2026-03-03 12:12:00,90.32,90.54,89.9,90.21,746948
2026-03-03 12:13:00,90.26,90.52,90.1,90.16,793794
2026-03-03 12:14:00,91.25,91.5,90.92,91.08,931180
2026-03-03 12:15:00,90.53,90.59,90.3,90.55,1042073
2026-03-03 12:16:00,90.09,90.33,89.44,89.79,1299619
2026-03-03 12:17:00,89.28,89.88,89.19,89.44,890518
2026-03-03 12:18:00,89.79,89.8,89.18,89.42,770568
2026-03-03 12:19:00,89.76,89.93,89.53,89.54,1191160
2026-03-03 12:20:00,89.32,89.43,89.32,89.42,1136664
2026-03-03 12:21:00,89.71,89.78,89.58,89.6,925644
2026-03-03 12:22:00,88.67,89.05,88.11,88.97,823256
2026-03-03 12:23:00,89.54,89.95,89.32,89.69,1089697
2026-03-03 12:24:00,89.62,89.93,89.59,89.65,687075
2026-03-03 12:25:00,90.24,90.5,89.83,90.21,693496
2026-03-03 12:26:00,90.7,90.88,90.04,90.38,969200
2026-03-03 12:27:00,90.58,90.74,90.31,90.61,1026499
2026-03-03 12:28:00,90.82,91.29,90.72,90.89,947338
2026-03-03 12:29:00,91.09,91.48,90.61,91.12,1175342
2026-03-03 12:30:00,91.63,91.72,90.92,91.44,1390583
2026-03-03 12:31:00,92.09,92.33,91.97,92.1,1233424
2026-03-03 12:32:00,92.2,92.59,91.87,92.2,784723
2026-03-03 12:33:00,92.42,92.84,91.61,92.56,970108
2026-03-03 12:34:00,92.23,92.65,92.14,92.51,928351
2026-03-03 12:35:00,93.12,93.56,92.43,93.23,1373492
2026-03-03 12:36:00,92.66,93.37,92.54,92.89,1025837
2026-03-03 12:37:00,93.78,93.99,93.49,93.79,1025177
2026-03-03 12:38:00,93.68,94.16,93.41,93.77,671723
2026-03-03 12:39:00,93.06,93.42,92.98,93.06,1274020
2026-03-03 12:40:00,93.36,93.37,93.1,93.12,1375974
2026-03-03 12:41:00,92.89,92.98,92.35,92.78,1078774
2026-03-03 12:42:00,93.37,93.56,93.11,93.2,927285
2026-03-03 12:43:00,92.84,93.62,92.77,92.88,1193873
2026-03-03 12:44:00,92.53,92.67,92.3,92.65,1072088
2026-03-03 12:45:00,91.66,91.99,91.26,91.71,1185786
2026-03-03 12:46:00,91.36,91.63,91.2,91.48,1128460
2026-03-03 12:47:00,89.93,90.57,89.76,90.27,928434
2026-03-03 12:48:00,90.01,90.1,89.36,89.48,558941
2026-03-03 12:49:00,90.14,90.54,89.56,89.86,933729
2026-03-03 12:50:00,90.53,90.77,90.2,90.25,1061658
2026-03-03 12:51:00,90.34,90.51,90.32,90.46,1193753
2026-03-03 12:52:00,90.17,90.32,89.87,89.98,1148364
2026-03-03 12:53:00,89.94,90.28,89.82,89.96,1016905
2026-03-03 12:54:00,90.14,90.19,89.59,89.95,1011348
2026-03-03 12:55:00,89.4,89.45,89.1,89.38,1203784
2026-03-03 12:56:00,90.01,90.31,89.7,90.13,1139763
2026-03-03 12:57:00,90.86,90.95,90.49,90.57,1293356
2026-03-03 12:58:00,90.56,90.69,90.1,90.46,1135745
2026-03-03 12:59:00,90.28,90.81,90.18,90.47,882841
2026-03-03 13:00:00,90.53,91.01,90.24,90.57,1225537
2026-03-03 13:01:00,89.16,89.85,88.92,89.55,1171395
2026-03-03 13:02:00,89.41,89.44,89.36,89.43,1242425
2026-03-03 13:03:00,88.84,89.27,88.51,89.09,1143268
2026-03-03 13:04:00,89.05,89.21,88.3,88.59,978781
2026-03-03 13:05:00,88.69,88.7,88.33,88.45,1261214
2026-03-03 13:06:00,89.25,89.77,89.09,89.34,1123806
2026-03-03 13:07:00,89.94,89.98,89.27,89.67,728365
2026-03-03 13:08:00,89.29,89.47,89.26,89.38,1016818
2026-03-03 13:09:00,89.8,89.94,89.62,89.67,990975
2026-03-03 13:10:00,90.18,90.4,90.14,90.37,966983
2026-03-03 13:11:00,90.83,90.86,90.7,90.83,1254542
2026-03-03 13:12:00,90.62,91.07,89.79,90.86,792401
2026-03-03 13:13:00,90.26,90.75,89.64,90.53,952945
2026-03-03 13:14:00,91.31,91.78,90.29,90.88,700163
2026-03-03 13:15:00,91.26,91.6,90.93,91.08,1136642
2026-03-03 13:16:00,91.81,92.34,91.45,91.53,539705
2026-03-03 13:17:00,91.68,91.97,91.6,91.85,962428
2026-03-03 13:18:00,92.59,92.98,92.32,92.37,1219696
2026-03-03 13:19:00,92.17,92.19,91.83,92.1,1014450
2026-03-03 13:20:00,93.17,93.6,92.61,92.76,974696
2026-03-03 13:21:00,92.95,93.33,92.85,92.86,715554
2026-03-03 13:22:00,94.07,94.29,93.32,93.9,999239
2026-03-03 13:23:00,93.24,93.75,92.96,93.55,1161852
2026-03-03 13:24:00,94.44,94.83,94.16,94.42,713238
2026-03-03 13:25:00,94.59,94.83,94.41,94.52,1100854
2026-03-03 13:26:00,94.3,94.7,94.17,94.19,1061290
2026-03-03 13:27:00,93.86,94.01,93.73,93.95,980338
2026-03-03 13:28:00,93.43,93.89,93.32,93.79,863965
2026-03-03 13:29:00,93.75,94.45,93.6,94.0,954183
2026-03-03 13:30:00,94.04,94.51,93.65,94.27,1027532
2026-03-03 13:31:00,93.87,94.13,93.62,93.98,1300168
2026-03-03 13:32:00,94.24,94.38,93.78,93.97,476373
2026-03-03 13:33:00,94.74,95.44,94.7,95.04,934753
2026-03-03 13:34:00,95.63,95.99,95.48,95.9,1105567
2026-03-03 13:35:00,95.74,96.16,95.32,96.12,1180345
2026-03-03 13:36:00,96.3,96.56,95.91,96.14,907746
2026-03-03 13:37:00,95.75,96.3,95.67,96.2,1194035
2026-03-03 13:38:00,96.29,96.69,95.83,96.51,799141
2026-03-03 13:39:00,95.76,96.29,95.55,95.99,1024835
2026-03-03 13:40:00,95.79,96.25,95.74,95.87,1119820
2026-03-03 13:41:00,94.79,95.27,94.53,95.03,903403
2026-03-03 13:42:00,95.34,95.54,95.22,95.23,937061
2026-03-03 13:43:00,95.58,96.29,95.01,95.55,1123193
2026-03-03 13:44:00,95.52,95.79,95.24,95.31,1058943
2026-03-03 13:45:00,96.24,96.85,95.83,96.1,933484
2026-03-03 13:46:00,95.63,96.38,95.42,95.49,718604
2026-03-03 13:47:00,94.84,95.23,94.72,94.75,818670
2026-03-03 13:48:00,95.06,95.26,94.56,94.87,1076285
2026-03-03 13:49:00,95.59,95.94,95.37,95.39,928384
2026-03-03 13:50:00,96.48,96.84,96.1,96.23,725994
2026-03-03 13:51:00,96.22,96.29,95.62,96.0,1098282
2026-03-03 13:52:00,96.3,96.97,95.83,96.54,1176457
2026-03-03 13:53:00,96.37,96.61,96.33,96.52,859257
2026-03-03 13:54:00,96.78,96.82,95.63,96.44,1067871
2026-03-03 13:55:00,96.81,96.9,96.7,96.88,1161409
2026-03-03 13:56:00,97.43,97.51,97.1,97.2,991732
2026-03-03 13:57:00,96.42,96.66,96.24,96.42,1092008
2026-03-03 13:58:00,97.46,97.84,96.95,97.15,1164059
2026-03-03 13:59:00,97.65,98.05,97.5,97.84,795349
2026-03-03 14:00:00,97.59,98.39,97.01,97.53,964501
2026-03-03 14:01:00,97.75,97.86,97.26,97.73,836421
2026-03-03 14:02:00,98.06,98.23,97.97,97.98,1231366
2026-03-03 14:03:00,98.19,98.41,98.02,98.11,719426
2026-03-03 14:04:00,97.81,98.17,97.6,97.83,1280401
2026-03-03 14:05:00,97.44,97.9,97.38,97.5,1294317
2026-03-03 14:06:00,97.48,97.7,97.04,97.48,961314
2026-03-03 14:07:00,98.11,98.5,98.03,98.07,735821
2026-03-03 14:08:00,98.77,98.91,98.29,98.34,1231201
2026-03-03 14:09:00,98.03,98.46,97.96,98.16,641384
2026-03-03 14:10:00,98.48,98.62,98.4,98.54,691309
2026-03-03 14:11:00,97.44,97.47,96.69,97.12,947992
2026-03-03 14:12:00,97.52,97.77,97.45,97.69,764447
2026-03-03 14:13:00,97.12,97.3,96.27,96.82,1265633
2026-03-03 14:14:00,96.54,96.82,96.01,96.64,1348188
2026-03-03 14:15:00,95.82,96.1,95.55,96.08,1084343
2026-03-03 14:16:00,95.42,95.94,95.18,95.43,1037560
2026-03-03 14:17:00,95.86,96.08,95.65,96.01,1192500
2026-03-03 14:18:00,95.54,96.44,95.31,95.78,999657
2026-03-03 14:19:00,96.17,96.88,95.52,95.95,954947
2026-03-03 14:20:00,95.45,95.99,95.35,95.93,992167
2026-03-03 14:21:00,96.04,96.78,95.93,96.17,1291086
2026-03-03 14:22:00,96.09,96.34,95.62,96.21,1091442
2026-03-03 14:23:00,95.49,95.79,95.26,95.57,921277
2026-03-03 14:24:00,96.14,96.53,95.94,96.06,991705
2026-03-03 14:25:00,95.6,96.36,95.34,95.82,866112
2026-03-03 14:26:00,94.84,95.58,94.68,95.04,812681
2026-03-03 14:27:00,95.05,95.11,94.75,94.82,931104
2026-03-03 14:28:00,95.43,95.68,95.26,95.58,1363351
2026-03-03 14:29:00,95.75,96.46,95.71,96.0,1059817
2026-03-03 14:30:00,95.99,96.18,95.57,95.83,458491
2026-03-03 14:31:00,95.51,95.93,95.13,95.65,957009
2026-03-03 14:32:00,95.57,95.78,95.42,95.49,866861
2026-03-03 14:33:00,96.6,96.64,96.25,96.53,1155387
2026-03-03 14:34:00,96.73,97.0,96.52,96.72,890042
2026-03-03 14:35:00,96.87,97.02,96.66,96.93,989776
2026-03-03 14:36:00,97.45,97.5,97.3,97.45,814921
2026-03-03 14:37:00,97.22,97.78,97.08,97.57,859417
2026-03-03 14:38:00,97.39,97.58,97.24,97.44,784093
2026-03-03 14:39:00,97.54,97.88,97.0,97.34,835232
2026-03-03 14:40:00,97.54,97.59,96.64,97.31,720063
2026-03-03 14:41:00,97.24,97.64,97.11,97.29,1006479
2026-03-03 14:42:00,97.94,98.03,97.33,97.65,1285752
2026-03-03 14:43:00,97.96,98.05,97.09,97.68,1092164
2026-03-03 14:44:00,98.25,98.28,97.52,98.04,1171966
2026-03-03 14:45:00,98.12,98.44,97.9,98.0,501437
2026-03-03 14:46:00,97.94,98.4,97.7,98.04,955305
2026-03-03 14:47:00,96.83,97.58,96.33,97.04,823226
2026-03-03 14:48:00,97.53,97.74,97.32,97.5,1101936
2026-03-03 14:49:00,97.84,97.94,96.79,97.67,794415
2026-03-03 14:50:00,97.83,98.29,97.36,98.17,701507
2026-03-03 14:51:00,96.53,97.0,96.24,96.73,1103643
2026-03-03 14:52:00,97.67,97.82,97.4,97.77,846735
2026-03-03 14:53:00,97.65,97.81,97.06,97.7,523018
2026-03-03 14:54:00,98.32,98.47,97.63,98.25,1031618
2026-03-03 14:55:00,97.9,97.96,97.64,97.73,1333451
2026-03-03 14:56:00,97.62,98.16,96.98,98.04,1056406
2026-03-03 14:57:00,97.84,98.03,97.5,97.51,1006704
2026-03-03 14:58:00,96.76,97.55,96.43,97.2,1164413
2026-03-03 14:59:00,98.33,98.43,97.91,98.16,967170
2026-03-03 15:00:00,98.3,98.31,98.05,98.06,946881
2026-03-03 15:01:00,98.31,98.44,97.88,98.17,773570
2026-03-03 15:02:00,98.39,98.81,98.36,98.61,909221
2026-03-03 15:03:00,99.03,99.22,98.8,98.86,1279845
2026-03-03 15:04:00,99.24,99.71,98.85,98.93,1246140
2026-03-03 15:05:00,98.92,99.38,98.22,99.11,1334573
2026-03-03 15:06:00,100.14,100.35,99.87,100.31,1139033
2026-03-03 15:07:00,100.21,100.68,100.08,100.29,713253
2026-03-03 15:08:00,100.22,101.02,99.79,100.39,1035705
2026-03-03 15:09:00,100.52,101.36,100.52,100.91,891278
2026-03-03 15:10:00,101.86,102.41,101.2,101.46,1111427
2026-03-03 15:11:00,102.21,102.39,101.61,102.06,997540
2026-03-03 15:12:00,102.34,102.51,102.21,102.38,849854
2026-03-03 15:13:00,101.58,101.84,101.46,101.81,764671
2026-03-03 15:14:00,102.81,103.34,102.45,102.62,948398
2026-03-03 15:15:00,101.92,102.22,101.36,102.05,829823
2026-03-03 15:16:00,102.69,102.82,102.17,102.2,1095248
2026-03-03 15:17:00,102.33,102.63,101.49,101.82,849026
2026-03-03 15:18:00,101.8,102.32,101.78,101.79,1338709
2026-03-03 15:19:00,101.99,102.07,101.77,101.96,1179702
2026-03-03 15:20:00,101.95,102.67,101.37,102.12,1051350
2026-03-03 15:21:00,102.33,102.64,102.0,102.33,838801
2026-03-03 15:22:00,103.03,103.53,102.91,103.13,1133325
2026-03-03 15:23:00,103.09,103.5,102.69,103.36,820240
2026-03-03 15:24:00,103.35,103.57,103.15,103.24,674537
2026-03-03 15:25:00,103.76,103.77,103.5,103.72,962197
2026-03-03 15:26:00,104.35,104.6,103.87,104.32,1361114
2026-03-03 15:27:00,103.58,103.73,103.27,103.7,1705811
2026-03-03 15:28:00,103.75,104.14,103.54,104.0,892241
2026-03-03 15:29:00,104.21,104.69,104.19,104.35,705099
2026-03-03 15:30:00,104.39,104.41,104.08,104.2,906762
2026-03-03 15:31:00,104.82,104.98,104.47,104.89,928401
2026-03-03 15:32:00,104.64,105.08,104.01,104.82,1267865
2026-03-03 15:33:00,104.74,105.23,104.42,104.88,742800
2026-03-03 15:34:00,104.57,105.56,104.05,104.79,993696
2026-03-03 15:35:00,104.85,105.04,104.67,104.8,856563
2026-03-03 15:36:00,103.84,104.65,103.84,104.25,773786
2026-03-03 15:37:00,103.52,103.85,103.28,103.53,1170633
2026-03-03 15:38:00,104.38,104.38,104.06,104.33,1096121
2026-03-03 15:39:00,104.19,104.33,103.78,103.9,739778
2026-03-03 15:40:00,103.32,103.7,102.93,103.41,1192061
2026-03-03 15:41:00,101.97,102.66,101.42,102.33,1179623
2026-03-03 15:42:00,101.94,102.22,101.54,102.01,1234233
2026-03-03 15:43:00,101.06,101.55,100.76,101.35,649143
2026-03-03 15:44:00,102.19,102.73,101.37,102.17,1019431
2026-03-03 15:45:00,102.9,102.97,102.53,102.68,931570
2026-03-03 15:46:00,102.37,102.53,102.16,102.33,984501
2026-03-03 15:47:00,103.45,103.71,103.13,103.46,989691
2026-03-03 15:48:00,104.33,104.68,103.55,103.95,1004886
2026-03-03 15:49:00,103.85,104.15,103.32,103.79,609679
2026-03-03 15:50:00,102.28,102.93,102.19,102.54,865655
2026-03-03 15:51:00,103.43,103.85,103.01,103.68,1418218
2026-03-03 15:52:00,102.98,103.01,102.81,102.99,1192469
2026-03-03 15:53:00,102.36,102.68,101.98,102.17,940426
2026-03-03 15:54:00,102.83,102.99,102.68,102.68,1079752
2026-03-03 15:55:00,104.05,104.59,103.68,103.9,953255
2026-03-03 15:56:00,104.73,104.96,104.11,104.59,1270690
2026-03-03 15:57:00,105.14,105.57,104.78,104.87,1006437
2026-03-03 15:58:00,105.34,105.56,105.08,105.17,1080964
2026-03-03 15:59:00,105.59,105.85,105.2,105.6,1011039
2026-03-04 09:30:00,106.38,106.87,105.81,105.98,1006527
2026-03-04 09:31:00,106.34,106.46,106.02,106.12,774547
2026-03-04 09:32:00,105.94,106.26,105.53,106.17,893624
2026-03-04 09:33:00,106.24,106.53,105.65,106.14,1244787
2026-03-04 09:34:00,105.45,106.04,104.76,105.76,843481
2026-03-04 09:35:00,105.77,105.9,105.48,105.62,695533
2026-03-04 09:36:00,104.93,105.1,104.77,104.77,981425
2026-03-04 09:37:00,104.47,105.07,104.18,104.72,1079798
2026-03-04 09:38:00,104.44,104.54,104.19,104.23,654797
2026-03-04 09:39:00,103.62,103.69,103.04,103.68,1137391
2026-03-04 09:40:00,104.07,104.25,103.55,103.77,1023424
2026-03-04 09:41:00,104.51,104.79,104.35,104.46,958846
2026-03-04 09:42:00,105.24,105.87,104.56,104.92,812640
2026-03-04 09:43:00,103.86,104.49,103.64,104.14,1250903
2026-03-04 09:44:00,103.8,104.42,103.47,103.64,968704
2026-03-04 09:45:00,104.18,104.55,103.88,104.11,869622
2026-03-04 09:46:00,103.56,104.25,103.52,103.62,622774
2026-03-04 09:47:00,103.52,103.78,103.37,103.51,1335423
2026-03-04 09:48:00,103.49,104.14,103.29,103.78,656793
2026-03-04 09:49:00,103.84,103.86,103.04,103.3,718582
2026-03-04 09:50:00,103.31,103.39,103.28,103.35,940440
2026-03-04 09:51:00,102.81,102.93,102.11,102.69,970127
2026-03-04 09:52:00,101.91,102.49,101.62,102.39,1032672
2026-03-04 09:53:00,102.81,103.09,102.23,102.55,913322
2026-03-04 09:54:00,102.1,102.21,101.5,101.75,1137447
2026-03-04 09:55:00,101.88,102.22,101.74,101.97,991078
2026-03-04 09:56:00,102.23,102.81,101.95,101.96,1124980
2026-03-04 09:57:00,102.27,102.67,102.21,102.24,963089
2026-03-04 09:58:00,102.47,102.5,102.23,102.35,1103228
2026-03-04 09:59:00,102.9,103.21,102.74,103.03,1270613
2026-03-04 10:00:00,102.45,103.21,102.44,103.09,663825
2026-03-04 10:01:00,102.94,103.08,102.7,102.88,469634
2026-03-04 10:02:00,103.21,103.43,102.73,102.94,1148214
2026-03-04 10:03:00,103.03,103.41,102.92,103.21,585724
2026-03-04 10:04:00,103.47,103.7,102.98,103.23,919386
2026-03-04 10:05:00,103.31,103.33,103.09,103.25,732102
2026-03-04 10:06:00,102.76,102.94,102.19,102.9,977237
2026-03-04 10:07:00,102.79,102.8,102.43,102.57,950655
2026-03-04 10:08:00,101.84,102.05,101.42,101.87,1071936
2026-03-04 10:09:00,102.98,103.27,102.62,102.75,855139
2026-03-04 10:10:00,102.19,102.29,101.9,102.12,813799
2026-03-04 10:11:00,101.79,101.99,101.16,101.78,1424326
2026-03-04 10:12:00,101.36,102.03,101.31,101.42,1006688
2026-03-04 10:13:00,101.85,102.16,101.63,101.87,1059575
2026-03-04 10:14:00,101.81,101.84,101.19,101.72,704160
2026-03-04 10:15:00,102.37,102.39,102.1,102.34,831229
2026-03-04 10:16:00,101.66,102.05,101.57,102.01,1297919
2026-03-04 10:17:00,101.89,102.49,101.18,102.14,924447
2026-03-04 10:18:00,101.47,101.85,101.46,101.73,1112757
2026-03-04 10:19:00,102.68,103.27,102.35,102.8,652158
2026-03-04 10:20:00,102.43,103.11,102.14,102.21,1623536
2026-03-04 10:21:00,102.36,102.7,102.34,102.36,989839
2026-03-04 10:22:00,102.71,102.91,102.37,102.68,1337509
2026-03-04 10:23:00,102.93,103.15,102.7,102.88,1257276
2026-03-04 10:24:00,102.74,102.88,102.46,102.79,800613
2026-03-04 10:25:00,102.86,103.0,102.47,102.73,871363
2026-03-04 10:26:00,102.89,103.08,102.71,102.75,1003005
2026-03-04 10:27:00,102.29,103.12,102.19,102.68,852594
2026-03-04 10:28:00,103.37,103.66,102.94,103.16,1363954
2026-03-04 10:29:00,104.25,104.46,104.07,104.26,1490473
2026-03-04 10:30:00,104.38,104.38,103.87,103.98,1271859
2026-03-04 10:31:00,103.27,103.5,103.01,103.3,1015687
2026-03-04 10:32:00,103.29,103.54,102.74,103.25,1047228
2026-03-04 10:33:00,104.73,104.79,104.11,104.54,859216
2026-03-04 10:34:00,103.93,104.16,103.91,104.14,1153993
2026-03-04 10:35:00,104.81,105.37,104.22,104.96,992171
2026-03-04 10:36:00,106.05,106.37,105.48,105.8,1209455
2026-03-04 10:37:00,105.7,105.7,104.64,105.52,871654
2026-03-04 10:38:00,105.68,106.1,105.65,105.81,916207
2026-03-04 10:39:00,106.46,106.94,106.24,106.62,1224299
2026-03-04 10:40:00,106.3,106.59,106.16,106.43,1067798
2026-03-04 10:41:00,106.42,107.34,106.03,106.33,1287273
2026-03-04 10:42:00,105.83,106.33,105.7,106.04,848799
2026-03-04 10:43:00,105.58,106.16,105.2,105.53,1307839
2026-03-04 10:44:00,105.02,105.58,104.92,105.21,638146
2026-03-04 10:45:00,104.72,104.76,104.46,104.6,1048991
2026-03-04 10:46:00,104.71,104.92,104.26,104.61,1081627
2026-03-04 10:47:00,103.95,104.37,103.07,104.23,1144898
2026-03-04 10:48:00,104.82,105.24,104.27,104.35,1060281
2026-03-04 10:49:00,103.56,104.09,103.56,103.57,1242134
2026-03-04 10:50:00,103.61,103.86,103.36,103.73,818063
2026-03-04 10:51:00,104.06,104.46,103.81,104.15,742478
2026-03-04 10:52:00,102.97,103.58,102.7,103.15,1025291
2026-03-04 10:53:00,103.24,103.69,102.85,103.34,1172813
2026-03-04 10:54:00,104.02,104.08,103.6,103.95,1388705
2026-03-04 10:55:00,103.2,103.55,102.88,103.35,888943
2026-03-04 10:56:00,104.39,104.62,103.67,104.19,906130
2026-03-04 10:57:00,104.14,104.55,104.08,104.4,1011642
2026-03-04 10:58:00,103.96,104.62,103.82,104.04,1394468
2026-03-04 10:59:00,104.11,104.29,103.84,104.01,1079409
2026-03-04 11:00:00,104.48,104.6,104.2,104.29,840802
2026-03-04 11:01:00,104.28,104.43,104.19,104.33,1062867
2026-03-04 11:02:00,104.69,104.94,104.22,104.6,1015601
2026-03-04 11:03:00,103.88,104.24,103.87,104.14,632846
2026-03-04 11:04:00,104.5,104.55,104.11,104.23,1273105
2026-03-04 11:05:00,103.39,103.69,103.36,103.52,963182
2026-03-04 11:06:00,103.31,103.96,103.2,103.46,1139892
2026-03-04 11:07:00,102.64,103.37,102.32,103.01,1019486
2026-03-04 11:08:00,102.6,102.76,101.91,102.64,647352
2026-03-04 11:09:00,103.42,103.69,103.26,103.26,950423
2026-03-04 11:10:00,103.72,103.81,103.38,103.81,1205836
2026-03-04 11:11:00,103.75,104.27,103.65,104.11,765815
2026-03-04 11:12:00,103.61,104.07,103.55,103.57,715424
2026-03-04 11:13:00,103.5,103.78,103.27,103.41,1058789
2026-03-04 11:14:00,103.86,104.03,103.41,104.01,1126175
2026-03-04 11:15:00,104.44,105.28,104.06,104.08,1157640
2026-03-04 11:16:00,104.89,105.7,104.66,105.24,903213
2026-03-04 11:17:00,105.69,105.76,105.3,105.44,1095066
2026-03-04 11:18:00,105.32,105.84,105.01,105.54,789989
2026-03-04 11:19:00,105.2,105.61,105.02,105.38,730400
2026-03-04 11:20:00,105.33,105.46,104.97,105.45,769663
2026-03-04 11:21:00,105.8,106.05,105.28,105.37,926552
2026-03-04 11:22:00,105.64,105.91,105.36,105.73,938809
2026-03-04 11:23:00,105.96,106.59,105.93,106.21,1346064
2026-03-04 11:24:00,105.36,105.87,104.79,105.81,929347
2026-03-04 11:25:00,105.1,105.24,104.93,105.15,937585
2026-03-04 11:26:00,104.16,104.42,103.79,104.23,1092215
2026-03-04 11:27:00,104.53,104.78,104.4,104.48,845159
2026-03-04 11:28:00,103.81,103.93,103.49,103.93,899947
2026-03-04 11:29:00,102.75,103.49,101.92,102.85,964076
2026-03-04 11:30:00,103.39,103.43,102.82,103.05,1019965
2026-03-04 11:31:00,104.16,104.97,104.1,104.3,844878
2026-03-04 11:32:00,104.13,104.44,103.61,104.29,1480967
2026-03-04 11:33:00,104.76,104.89,104.36,104.71,1093708
2026-03-04 11:34:00,105.11,105.18,104.04,104.75,1134009
2026-03-04 11:35:00,104.9,105.38,104.65,104.7,1090245
2026-03-04 11:36:00,105.15,105.4,104.84,105.16,919324
2026-03-04 11:37:00,104.72,105.63,104.34,105.02,1123332
2026-03-04 11:38:00,105.17,105.3,104.99,105.15,784852
2026-03-04 11:39:00,105.23,105.95,105.01,105.31,937812
2026-03-04 11:40:00,105.1,105.11,104.74,104.98,1269827
2026-03-04 11:41:00,105.69,105.83,105.47,105.47,803842
2026-03-04 11:42:00,105.53,106.04,105.28,105.39,1383451
2026-03-04 11:43:00,104.7,105.36,104.45,105.01,1052858
2026-03-04 11:44:00,105.54,105.54,105.02,105.28,957281
2026-03-04 11:45:00,104.52,105.17,104.23,104.83,1174557
2026-03-04 11:46:00,104.91,105.43,104.73,104.84,755000
2026-03-04 11:47:00,105.07,105.25,104.51,104.84,1005959
2026-03-04 11:48:00,105.25,105.83,105.03,105.38,720154
2026-03-04 11:49:00,105.19,105.63,105.02,105.62,714219
2026-03-04 11:50:00,105.84,106.04,105.6,105.61,1272865
2026-03-04 11:51:00,106.15,106.39,105.7,106.01,1163596
2026-03-04 11:52:00,106.79,106.84,106.46,106.71,1121589
2026-03-04 11:53:00,106.84,107.02,106.4,106.99,867833
2026-03-04 11:54:00,106.68,107.31,106.38,106.99,1050946
2026-03-04 11:55:00,106.31,106.49,106.17,106.34,830179
2026-03-04 11:56:00,105.87,106.09,105.54,105.8,872502
2026-03-04 11:57:00,105.58,105.67,105.51,105.65,262326
2026-03-04 11:58:00,105.19,105.46,104.73,105.35,783999
2026-03-04 11:59:00,105.29,105.73,104.86,105.25,1078795
2026-03-04 12:00:00,105.12,105.43,104.88,105.28,853628
2026-03-04 12:01:00,106.09,106.34,105.22,105.55,1098398
2026-03-04 12:02:00,105.19,105.63,104.87,105.51,829320
2026-03-04 12:03:00,105.95,106.16,105.2,105.75,916443
2026-03-04 12:04:00,105.57,105.9,105.14,105.79,634318
2026-03-04 12:05:00,104.39,104.83,104.25,104.8,1001545
2026-03-04 12:06:00,104.52,104.68,103.77,104.33,1408896
2026-03-04 12:07:00,104.06,104.58,103.73,104.26,923102
2026-03-04 12:08:00,103.64,103.8,103.32,103.65,933307
2026-03-04 12:09:00,104.26,104.9,103.72,103.95,832094
2026-03-04 12:10:00,104.99,105.04,104.52,104.72,1132568
2026-03-04 12:11:00,105.51,105.7,105.02,105.33,903196
2026-03-04 12:12:00,105.22,105.23,105.0,105.22,597019
2026-03-04 12:13:00,106.03,106.12,105.71,105.97,851502
2026-03-04 12:14:00,106.0,107.12,105.79,106.04,824837
2026-03-04 12:15:00,105.98,106.22,105.81,105.87,1308455
2026-03-04 12:16:00,105.76,106.03,105.42,105.57,1108606
2026-03-04 12:17:00,105.37,105.47,105.24,105.41,880601
2026-03-04 12:18:00,105.52,105.57,105.03,105.22,1291120
2026-03-04 12:19:00,105.51,105.93,105.17,105.31,1170143
2026-03-04 12:20:00,105.56,105.9,105.19,105.39,1198911
2026-03-04 12:21:00,105.23,105.48,104.76,105.39,990440
2026-03-04 12:22:00,105.46,105.87,105.36,105.61,733370
2026-03-04 12:23:00,106.15,106.3,105.76,106.2,1133509
2026-03-04 12:24:00,106.53,107.03,106.44,106.68,752859
2026-03-04 12:25:00,105.9,106.36,105.85,105.93,1002504
2026-03-04 12:26:00,104.98,105.41,104.27,104.66,676830
2026-03-04 12:27:00,105.2,105.25,104.66,105.12,1048695
2026-03-04 12:28:00,104.36,104.44,104.32,104.44,665647
2026-03-04 12:29:00,104.87,105.03,104.26,104.33,1123032
2026-03-04 12:30:00,103.88,103.93,103.55,103.74,1119890
2026-03-04 12:31:00,102.92,103.16,102.42,102.84,1058670
2026-03-04 12:32:00,103.26,103.68,103.11,103.11,1063390
2026-03-04 12:33:00,103.65,103.87,103.48,103.49,1025109
2026-03-04 12:34:00,103.01,103.9,102.59,103.2,740379
2026-03-04 12:35:00,102.17,102.38,101.6,101.91,1121457
2026-03-04 12:36:00,101.93,101.94,100.86,101.63,655187
2026-03-04 12:37:00,101.97,102.32,101.56,101.83,959128
2026-03-04 12:38:00,101.03,101.22,100.79,101.09,1120494
2026-03-04 12:39:00,101.39,101.7,101.11,101.18,811996
2026-03-04 12:40:00,101.1,101.48,101.07,101.18,1521371
2026-03-04 12:41:00,101.5,101.52,101.43,101.47,872438
2026-03-04 12:42:00,101.51,101.86,101.48,101.52,841308
2026-03-04 12:43:00,100.85,101.17,100.83,101.04,1238717
2026-03-04 12:44:00,101.37,101.73,101.33,101.64,633258
2026-03-04 12:45:00,101.39,101.76,101.15,101.56,1038377
2026-03-04 12:46:00,101.51,101.71,101.38,101.54,1344614
2026-03-04 12:47:00,101.4,101.98,100.9,101.08,964395
2026-03-04 12:48:00,100.89,101.01,100.82,100.86,1030281
2026-03-04 12:49:00,100.3,100.68,100.16,100.41,1046851
2026-03-04 12:50:00,100.45,100.7,100.18,100.33,1056768
2026-03-04 12:51:00,101.37,101.72,101.16,101.18,955813
2026-03-04 12:52:00,100.53,100.88,100.44,100.5,1148917
2026-03-04 12:53:00,99.82,99.9,99.62,99.69,835069
2026-03-04 12:54:00,100.57,100.59,100.34,100.43,927655
2026-03-04 12:55:00,100.31,100.45,100.11,100.32,920943
2026-03-04 12:56:00,100.3,100.74,99.72,99.99,1013940
2026-03-04 12:57:00,100.38,100.6,99.78,100.51,938485
2026-03-04 12:58:00,100.28,100.44,99.9,100.2,828980
2026-03-04 12:59:00,100.87,101.38,100.02,101.12,1108916
2026-03-04 13:00:00,101.87,101.91,101.03,101.46,871444
2026-03-04 13:01:00,101.12,101.52,100.86,101.21,1162052
2026-03-04 13:02:00,102.06,102.51,101.6,102.29,1380511
2026-03-04 13:03:00,102.56,102.83,101.14,101.99,929158
2026-03-04 13:04:00,102.24,102.46,102.06,102.36,1079808
2026-03-04 13:05:00,102.24,102.58,101.86,102.51,988587
2026-03-04 13:06:00,103.19,103.33,102.81,103.16,668955
2026-03-04 13:07:00,104.06,104.14,103.89,103.94,1211990
2026-03-04 13:08:00,103.72,104.26,103.14,103.96,890168
2026-03-04 13:09:00,103.84,103.88,103.18,103.58,902864
2026-03-04 13:10:00,103.51,104.15,103.39,103.81,765225
2026-03-04 13:11:00,103.69,103.71,103.44,103.47,944325
2026-03-04 13:12:00,104.63,104.87,104.38,104.48,1112957
2026-03-04 13:13:00,104.5,104.71,104.4,104.54,1000446
2026-03-04 13:14:00,104.31,104.5,104.1,104.36,1093538
2026-03-04 13:15:00,104.72,105.07,104.08,104.45,1257840
2026-03-04 13:16:00,103.72,103.96,103.45,103.78,1028395
2026-03-04 13:17:00,103.36,103.8,103.11,103.3,1269187
2026-03-04 13:18:00,103.86,104.3,103.8,103.9,1169916
2026-03-04 13:19:00,103.12,104.29,102.67,103.57,943074
2026-03-04 13:20:00,102.65,103.13,102.22,103.04,1088970
2026-03-04 13:21:00,103.39,103.68,102.98,103.31,1161114
2026-03-04 13:22:00,104.1,104.1,103.48,103.9,1195574
2026-03-04 13:23:00,104.21,104.68,103.8,104.26,1419881
2026-03-04 13:24:00,104.75,105.41,104.73,104.76,923908
2026-03-04 13:25:00,104.26,104.87,104.02,104.38,1147053
2026-03-04 13:26:00,103.56,103.81,103.25,103.67,923992
2026-03-04 13:27:00,104.34,104.76,103.86,104.42,1128937
2026-03-04 13:28:00,104.13,104.42,104.11,104.26,1064186
2026-03-04 13:29:00,103.94,104.35,103.91,104.14,656858
2026-03-04 13:30:00,104.61,104.95,104.59,104.8,1377855
2026-03-04 13:31:00,105.13,105.38,105.01,105.08,929582
2026-03-04 13:32:00,105.37,105.55,104.94,105.31,995142
2026-03-04 13:33:00,106.72,106.99,106.18,106.39,1441971
2026-03-04 13:34:00,106.13,106.38,105.57,106.07,1415555
2026-03-04 13:35:00,106.52,106.68,106.47,106.53,1142946
2026-03-04 13:36:00,106.82,106.99,106.53,106.56,1299602
2026-03-04 13:37:00,106.63,107.0,106.55,106.69,1086204
2026-03-04 13:38:00,107.44,107.48,107.32,107.46,1268970
2026-03-04 13:39:00,107.57,107.93,106.93,107.71,1195569
2026-03-04 13:40:00,107.5,108.15,106.96,107.98,809861
2026-03-04 13:41:00,107.89,108.56,107.55,108.52,1011981
2026-03-04 13:42:00,108.01,108.36,107.89,108.34,1300390
2026-03-04 13:43:00,108.2,108.43,107.82,107.92,1397076
2026-03-04 13:44:00,107.08,107.81,107.06,107.39,1450807
2026-03-04 13:45:00,106.37,106.47,105.94,106.41,1189185
2026-03-04 13:46:00,107.63,107.87,107.25,107.44,858658
2026-03-04 13:47:00,106.63,106.91,106.3,106.89,764516
2026-03-04 13:48:00,106.69,106.92,106.53,106.78,1093288
2026-03-04 13:49:00,106.65,106.74,106.58,106.64,801694
2026-03-04 13:50:00,106.81,106.86,106.34,106.79,1199138
2026-03-04 13:51:00,107.02,107.23,106.67,107.2,1185135
2026-03-04 13:52:00,107.64,107.75,107.35,107.63,1134938
2026-03-04 13:53:00,107.21,107.58,106.59,107.34,1030806
2026-03-04 13:54:00,107.24,107.6,107.13,107.25,1266845
2026-03-04 13:55:00,107.26,107.74,107.1,107.4,1155519
2026-03-04 13:56:00,106.98,107.34,106.38,107.27,946572
2026-03-04 13:57:00,108.16,108.32,107.76,108.07,1169223
2026-03-04 13:58:00,108.3,108.47,108.29,108.32,1527333
2026-03-04 13:59:00,108.92,109.27,108.56,108.69,1033297
2026-03-04 14:00:00,108.54,109.22,108.4,109.02,625021
2026-03-04 14:01:00,109.37,110.2,109.36,109.61,1163753
2026-03-04 14:02:00,109.92,110.04,109.41,109.7,613586
2026-03-04 14:03:00,108.7,109.43,108.43,109.05,968050
2026-03-04 14:04:00,109.05,109.35,108.98,109.25,1002109
2026-03-04 14:05:00,109.15,109.5,108.8,108.92,997205
2026-03-04 14:06:00,108.59,108.92,108.33,108.66,810701
2026-03-04 14:07:00,108.91,109.04,108.83,108.95,1117004
2026-03-04 14:08:00,109.63,110.18,109.11,109.57,975512
2026-03-04 14:09:00,109.4,109.76,108.91,109.58,1069262
2026-03-04 14:10:00,109.61,109.96,109.18,109.74,906984
2026-03-04 14:11:00,110.8,110.81,110.4,110.59,1332928
2026-03-04 14:12:00,110.76,110.93,110.57,110.71,891140
2026-03-04 14:13:00,111.91,112.46,111.63,112.01,922799
2026-03-04 14:14:00,112.33,112.64,112.16,112.29,847611
2026-03-04 14:15:00,111.38,111.67,111.14,111.41,995593
2026-03-04 14:16:00,111.43,112.68,110.91,111.79,1144534
2026-03-04 14:17:00,111.83,112.01,111.66,111.98,1252771
2026-03-04 14:18:00,112.67,112.91,112.48,112.62,1224237
2026-03-04 14:19:00,113.28,113.74,112.73,112.96,949475
2026-03-04 14:20:00,112.24,112.98,112.24,112.89,1027996
2026-03-04 14:21:00,112.29,112.69,112.11,112.28,1126443
2026-03-04 14:22:00,112.31,112.59,111.99,112.17,917994
2026-03-04 14:23:00,111.73,111.77,111.7,111.75,1199643
2026-03-04 14:24:00,111.59,112.21,110.8,111.46,1015929
2026-03-04 14:25:00,110.98,112.12,110.82,111.75,839703
2026-03-04 14:26:00,112.51,112.72,112.32,112.59,688112
2026-03-04 14:27:00,112.57,112.89,112.38,112.78,1128308
2026-03-04 14:28:00,112.03,112.48,111.88,112.19,1047974
2026-03-04 14:29:00,112.71,113.32,112.34,112.41,733464
2026-03-04 14:30:00,112.68,113.3,112.51,113.01,1089886
2026-03-04 14:31:00,112.89,113.03,112.57,112.7,1437146
2026-03-04 14:32:00,112.59,112.86,112.58,112.63,630348
2026-03-04 14:33:00,112.23,112.82,111.92,112.64,1157658
2026-03-04 14:34:00,112.43,112.73,111.76,112.25,807021
2026-03-04 14:35:00,112.62,112.62,112.52,112.57,1267718
2026-03-04 14:36:00,112.37,112.92,112.37,112.51,920034
2026-03-04 14:37:00,113.4,113.6,112.6,112.72,788777
2026-03-04 14:38:00,111.9,112.59,111.87,112.28,1285465
2026-03-04 14:39:00,112.28,112.35,111.96,112.06,1053762
2026-03-04 14:40:00,112.32,112.94,112.26,112.42,982732
2026-03-04 14:41:00,111.79,112.29,111.54,112.24,786455
2026-03-04 14:42:00,112.95,113.34,112.51,113.1,1211560
2026-03-04 14:43:00,112.79,113.02,112.46,112.9,1075609
2026-03-04 14:44:00,113.5,113.74,112.75,113.01,1227124
2026-03-04 14:45:00,113.41,113.89,113.17,113.48,411371
2026-03-04 14:46:00,112.57,113.05,112.52,112.77,795248
2026-03-04 14:47:00,111.76,112.46,111.73,111.89,1442137
2026-03-04 14:48:00,111.29,111.94,110.86,111.13,1205495
2026-03-04 14:49:00,112.15,112.26,111.7,111.76,1206531
2026-03-04 14:50:00,111.77,111.92,111.26,111.48,1027771
2026-03-04 14:51:00,112.93,113.17,112.33,112.76,1382321
2026-03-04 14:52:00,112.35,112.56,112.08,112.48,1539665
2026-03-04 14:53:00,112.62,112.87,112.31,112.57,1153827
2026-03-04 14:54:00,113.3,113.59,113.06,113.34,901416
2026-03-04 14:55:00,113.94,114.74,113.4,114.34,1328285
2026-03-04 14:56:00,115.39,115.89,115.33,115.37,951317
2026-03-04 14:57:00,115.99,116.03,115.91,115.98,1228679
2026-03-04 14:58:00,116.52,116.73,116.18,116.49,1077637
2026-03-04 14:59:00,116.59,117.19,116.55,116.79,965748
2026-03-04 15:00:00,117.19,117.2,116.4,117.18,733954
2026-03-04 15:01:00,116.5,117.0,116.39,116.9,1063213
2026-03-04 15:02:00,116.61,116.99,116.04,116.49,888656
2026-03-04 15:03:00,116.58,116.81,115.83,116.49,1191140
2026-03-04 15:04:00,116.39,116.67,116.22,116.4,881459
2026-03-04 15:05:00,116.31,116.39,115.78,116.18,912819
2026-03-04 15:06:00,116.7,116.81,116.36,116.53,1076584
2026-03-04 15:07:00,117.33,117.4,116.89,117.0,816848
2026-03-04 15:08:00,117.1,117.83,116.99,117.05,958832
2026-03-04 15:09:00,117.51,118.07,117.27,117.79,1046142
2026-03-04 15:10:00,117.24,117.33,117.19,117.22,1248572
2026-03-04 15:11:00,117.14,117.58,116.63,117.12,1074068
2026-03-04 15:12:00,116.64,117.14,116.52,116.76,976565
2026-03-04 15:13:00,116.14,116.25,115.58,115.83,1179159
2026-03-04 15:14:00,115.97,116.02,115.58,115.79,992462
2026-03-04 15:15:00,115.77,116.12,115.54,115.73,966145
2026-03-04 15:16:00,116.75,117.46,115.87,116.48,658808
2026-03-04 15:17:00,116.67,116.81,116.63,116.8,1201282
2026-03-04 15:18:00,116.07,116.36,115.9,116.29,1059028
2026-03-04 15:19:00,117.2,117.24,117.03,117.21,897987
2026-03-04 15:20:00,117.88,118.16,117.64,117.82,826246
2026-03-04 15:21:00,118.24,118.25,117.87,118.11,818840
2026-03-04 15:22:00,117.65,118.16,117.42,118.0,984242
2026-03-04 15:23:00,117.39,117.74,117.31,117.52,1030094
2026-03-04 15:24:00,117.37,117.43,117.33,117.34,1102120
2026-03-04 15:25:00,117.72,118.3,117.65,117.88,737690
2026-03-04 15:26:00,118.86,119.11,118.62,118.82,1441921
2026-03-04 15:27:00,119.44,119.69,118.91,119.59,1090781
2026-03-04 15:28:00,119.17,119.54,118.84,119.35,1146430
2026-03-04 15:29:00,118.99,119.0,118.53,118.79,1317904
2026-03-04 15:30:00,118.71,119.51,118.57,118.86,779045
2026-03-04 15:31:00,118.17,118.29,117.79,117.98,1280300
2026-03-04 15:32:00,117.9,118.31,117.87,118.14,1307510
2026-03-04 15:33:00,117.93,118.24,117.79,118.06,884554
2026-03-04 15:34:00,117.86,118.33,117.17,117.83,730458
2026-03-04 15:35:00,116.97,117.04,116.39,117.03,735030
2026-03-04 15:36:00,117.69,117.91,117.16,117.29,803073
2026-03-04 15:37:00,117.14,117.35,116.64,117.02,805787
2026-03-04 15:38:00,116.42,116.6,116.12,116.44,1148263
2026-03-04 15:39:00,115.11,115.47,114.47,115.0,1212834
2026-03-04 15:40:00,115.49,115.62,114.42,114.99,947367
2026-03-04 15:41:00,115.6,115.97,115.29,115.87,832364
2026-03-04 15:42:00,116.59,116.88,116.58,116.71,1116924
2026-03-04 15:43:00,116.52,116.67,116.35,116.48,1046346
2026-03-04 15:44:00,115.99,116.56,115.8,116.18,1225769
2026-03-04 15:45:00,116.36,116.47,116.21,116.41,796800
2026-03-04 15:46:00,115.56,116.23,115.46,115.91,1042375
2026-03-04 15:47:00,116.26,116.4,115.8,116.06,711457
2026-03-04 15:48:00,116.54,116.96,116.06,116.44,1141986
2026-03-04 15:49:00,117.19,117.7,116.96,117.06,1129225
2026-03-04 15:50:00,116.94,117.42,116.74,117.01,998168
2026-03-04 15:51:00,116.92,117.5,116.88,116.91,1235768
2026-03-04 15:52:00,116.38,116.56,115.98,116.47,851534
2026-03-04 15:53:00,116.16,116.16,115.77,116.05,1036250
2026-03-04 15:54:00,115.87,116.58,115.84,115.94,1232600
2026-03-04 15:55:00,116.04,116.34,115.77,116.12,1041698
2026-03-04 15:56:00,116.11,116.59,115.74,116.58,1105496
2026-03-04 15:57:00,116.27,116.79,115.96,116.18,1082271
2026-03-04 15:58:00,117.01,117.37,116.88,116.93,1081164
2026-03-04 15:59:00,116.79,117.09,116.11,116.79,1086201
2026-03-05 09:30:00,116.81,117.0,116.29,116.78,1125947
2026-03-05 09:31:00,116.35,116.57,115.79,116.41,571713
2026-03-05 09:32:00,115.05,115.26,114.62,115.19,672719
2026-03-05 09:33:00,116.02,116.06,115.61,115.64,960388
2026-03-05 09:34:00,115.92,116.32,115.6,116.0,1069082
2026-03-05 09:35:00,115.79,116.09,115.01,115.86,1083810
2026-03-05 09:36:00,116.02,116.36,115.47,115.9,1350458
2026-03-05 09:37:00,115.65,116.39,115.52,116.15,1116344
2026-03-05 09:38:00,115.42,115.47,115.37,115.37,804395
2026-03-05 09:39:00,114.81,115.33,114.6,115.11,1316898
2026-03-05 09:40:00,115.35,115.71,115.26,115.51,1238094
2026-03-05 09:41:00,115.08,115.15,114.78,114.88,1192186
2026-03-05 09:42:00,115.16,115.36,114.63,115.03,942293
2026-03-05 09:43:00,114.65,114.99,114.01,114.35,766448
2026-03-05 09:44:00,114.84,115.18,114.43,114.58,876785
2026-03-05 09:45:00,114.89,115.12,114.22,114.56,1036971
2026-03-05 09:46:00,113.81,114.4,113.09,113.76,955886
2026-03-05 09:47:00,114.39,114.72,114.01,114.34,1112294
2026-03-05 09:48:00,114.08,114.12,113.74,113.97,765159
2026-03-05 09:49:00,113.49,114.06,113.47,113.57,1025262
2026-03-05 09:50:00,114.13,114.55,113.43,113.67,1332797
2026-03-05 09:51:00,114.18,114.5,113.88,114.24,862653
2026-03-05 09:52:00,113.81,114.05,113.4,113.73,1313925
2026-03-05 09:53:00,113.75,114.12,113.65,113.76,1180418
2026-03-05 09:54:00,114.02,114.15,113.85,113.98,679058
2026-03-05 09:55:00,114.1,114.35,113.59,114.32,1166242
2026-03-05 09:56:00,114.59,114.68,114.08,114.41,1276027
2026-03-05 09:57:00,114.64,114.68,114.08,114.23,1040347
2026-03-05 09:58:00,113.92,113.96,113.8,113.81,1181143
2026-03-05 09:59:00,114.33,114.75,113.83,113.86,763907
2026-03-05 10:00:00,113.64,113.82,112.89,113.32,1127637
2026-03-05 10:01:00,112.21,112.41,111.8,111.86,1081828
2026-03-05 10:02:00,112.36,112.62,112.05,112.08,909461
2026-03-05 10:03:00,112.3,112.63,111.97,112.53,1113320
2026-03-05 10:04:00,111.48,111.52,111.19,111.35,839881
2026-03-05 10:05:00,110.78,110.9,110.7,110.85,1064037
2026-03-05 10:06:00,111.13,111.27,110.18,111.15,1181357
2026-03-05 10:07:00,112.27,112.34,112.05,112.18,973839
2026-03-05 10:08:00,112.25,112.82,111.72,112.19,872623
2026-03-05 10:09:00,111.87,111.94,111.39,111.83,703520
2026-03-05 10:10:00,111.59,112.19,111.55,111.74,1176968
2026-03-05 10:11:00,112.84,113.04,112.4,112.43,945514
2026-03-05 10:12:00,111.71,112.2,111.45,112.1,1108117
2026-03-05 10:13:00,111.83,111.94,111.51,111.7,1253851
2026-03-05 10:14:00,111.36,111.55,111.31,111.46,1292343
2026-03-05 10:15:00,111.18,111.57,110.63,110.99,1115781
2026-03-05 10:16:00,111.03,111.18,110.73,111.05,1037491
2026-03-05 10:17:00,111.87,112.1,111.75,111.86,1313703
2026-03-05 10:18:00,111.86,112.22,111.43,112.02,724540
2026-03-05 10:19:00,111.83,112.24,111.48,111.89,965700
2026-03-05 10:20:00,111.6,112.04,111.25,111.75,767067
2026-03-05 10:21:00,110.73,111.03,110.54,110.97,940186
2026-03-05 10:22:00,111.54,111.76,110.77,111.41,915219
2026-03-05 10:23:00,111.38,111.46,111.02,111.37,636870
2026-03-05 10:24:00,111.18,111.55,110.8,111.28,1237542
2026-03-05 10:25:00,112.71,113.22,112.56,112.88,1127020
2026-03-05 10:26:00,113.11,113.71,112.76,113.03,994062
2026-03-05 10:27:00,112.75,112.98,112.61,112.65,1066156
2026-03-05 10:28:00,112.45,112.66,112.34,112.44,1013147
2026-03-05 10:29:00,112.96,113.03,112.81,113.01,1053495
2026-03-05 10:30:00,113.14,113.55,112.99,113.07,870200
2026-03-05 10:31:00,112.52,112.93,112.02,112.35,1067169
2026-03-05 10:32:00,112.91,113.28,112.69,112.81,878783
2026-03-05 10:33:00,112.38,112.76,112.16,112.47,996175
2026-03-05 10:34:00,113.3,113.81,112.87,113.41,1118422
2026-03-05 10:35:00,113.81,114.17,113.79,113.95,942578
2026-03-05 10:36:00,113.81,114.04,113.62,113.73,1024292
2026-03-05 10:37:00,114.27,114.57,113.71,114.37,849140
2026-03-05 10:38:00,114.07,115.0,114.02,114.4,867367
2026-03-05 10:39:00,114.87,114.91,114.35,114.83,637023
2026-03-05 10:40:00,115.13,115.17,114.94,115.07,668571
2026-03-05 10:41:00,114.74,115.12,114.56,114.65,830505
2026-03-05 10:42:00,114.33,114.74,114.01,114.32,1016368
2026-03-05 10:43:00,114.49,114.93,114.35,114.84,933390
2026-03-05 10:44:00,114.62,115.04,114.45,114.67,870306
2026-03-05 10:45:00,114.04,114.58,113.74,114.47,922614
2026-03-05 10:46:00,114.34,114.47,113.89,113.99,974320
2026-03-05 10:47:00,114.19,114.28,114.1,114.2,1106173
2026-03-05 10:48:00,115.05,115.56,114.71,115.24,1409130
2026-03-05 10:49:00,114.81,114.9,114.38,114.7,1124668
2026-03-05 10:50:00,114.69,114.78,114.4,114.71,1032053
2026-03-05 10:51:00,115.34,115.65,115.12,115.42,692458
2026-03-05 10:52:00,115.49,115.7,115.12,115.38,835934
2026-03-05 10:53:00,115.56,115.69,115.52,115.61,1086712
2026-03-05 10:54:00,115.43,115.58,114.56,115.08,1165184
2026-03-05 10:55:00,115.63,115.74,114.96,115.29,975221
2026-03-05 10:56:00,114.97,115.39,114.57,115.2,939974
2026-03-05 10:57:00,115.49,115.73,115.38,115.69,1035352
2026-03-05 10:58:00,116.29,116.58,116.09,116.28,990246
2026-03-05 10:59:00,117.38,118.25,117.24,117.58,969347
2026-03-05 11:00:00,118.15,118.7,117.82,117.87,1069479
2026-03-05 11:01:00,117.83,118.07,117.77,118.03,1036965
2026-03-05 11:02:00,118.19,118.36,118.06,118.13,757851
2026-03-05 11:03:00,117.76,118.11,117.68,117.95,1210154
2026-03-05 11:04:00,117.89,118.23,117.6,118.12,940024
2026-03-05 11:05:00,118.06,118.11,117.9,117.97,954305
2026-03-05 11:06:00,118.19,118.65,117.95,118.06,1059314
2026-03-05 11:07:00,118.82,119.27,118.6,118.72,1295896
2026-03-05 11:08:00,118.08,118.61,117.83,118.21,817308
2026-03-05 11:09:00,118.84,118.86,118.59,118.78,955345
2026-03-05 11:10:00,119.38,119.85,119.35,119.44,1165284
2026-03-05 11:11:00,119.34,119.88,119.13,119.38,877171
2026-03-05 11:12:00,118.63,118.76,117.84,118.32,1178368
2026-03-05 11:13:00,117.99,118.56,117.98,118.02,1020326
2026-03-05 11:14:00,118.9,119.38,118.46,118.67,1160236
2026-03-05 11:15:00,118.81,119.13,118.5,118.65,611500
2026-03-05 11:16:00,118.12,118.5,118.06,118.15,1196000
2026-03-05 11:17:00,117.96,118.31,117.8,117.9,740334
2026-03-05 11:18:00,117.82,118.37,117.75,118.32,804610
2026-03-05 11:19:00,118.26,118.82,118.2,118.6,1133175
2026-03-05 11:20:00,118.51,119.0,118.17,118.48,1176211
2026-03-05 11:21:00,118.3,118.51,118.16,118.29,1214336
2026-03-05 11:22:00,118.16,118.36,118.09,118.1,952088
2026-03-05 11:23:00,117.73,118.09,117.63,117.64,1079061
2026-03-05 11:24:00,118.45,118.85,118.21,118.44,998503
2026-03-05 11:25:00,118.33,118.41,118.16,118.28,634868
2026-03-05 11:26:00,118.83,119.34,118.45,118.89,987830
2026-03-05 11:27:00,119.61,119.92,119.49,119.65,774273
2026-03-05 11:28:00,120.14,120.25,119.61,120.15,861944
2026-03-05 11:29:00,119.9,119.97,119.45,119.93,1230333
2026-03-05 11:30:00,120.12,120.15,120.0,120.14,842384
2026-03-05 11:31:00,120.22,120.33,119.86,120.12,1114689
2026-03-05 11:32:00,119.97,120.19,119.4,119.67,895873
2026-03-05 11:33:00,119.51,120.28,118.9,119.83,1308561
2026-03-05 11:34:00,119.18,119.59,118.86,119.24,663253
2026-03-05 11:35:00,119.82,120.32,119.77,119.84,1060464
2026-03-05 11:36:00,119.88,120.0,119.0,119.61,1398418
2026-03-05 11:37:00,119.68,119.88,119.47,119.71,930495
2026-03-05 11:38:00,119.62,120.23,119.25,119.85,1031102
2026-03-05 11:39:00,119.47,120.09,119.43,119.72,900025
2026-03-05 11:40:00,119.94,120.32,119.72,120.01,1275628
2026-03-05 11:41:00,119.58,119.88,119.35,119.78,1089615
2026-03-05 11:42:00,120.52,120.64,119.66,120.21,1108003
2026-03-05 11:43:00,119.75,119.85,119.53,119.54,1182188
2026-03-05 11:44:00,119.92,120.14,119.58,119.6,1275467
2026-03-05 11:45:00,120.13,121.0,119.93,120.57,1002821
2026-03-05 11:46:00,120.19,120.21,119.9,120.07,837119
2026-03-05 11:47:00,119.85,120.14,119.37,119.73,1402710
2026-03-05 11:48:00,120.04,120.12,119.53,119.99,893717
2026-03-05 11:49:00,120.04,120.39,119.86,120.08,1159268
2026-03-05 11:50:00,120.25,120.31,120.18,120.25,921768
2026-03-05 11:51:00,120.41,121.01,120.34,120.5,904006
2026-03-05 11:52:00,120.71,120.94,120.51,120.82,1046438
2026-03-05 11:53:00,121.57,121.74,121.28,121.37,907428
2026-03-05 11:54:00,121.64,121.81,121.16,121.58,1238234
2026-03-05 11:55:00,121.35,121.49,121.14,121.45,1213599
2026-03-05 11:56:00,121.98,122.0,121.41,121.79,800212
2026-03-05 11:57:00,122.8,122.9,122.41,122.74,1008913
2026-03-05 11:58:00,122.8,123.15,122.34,122.67,924493
2026-03-05 11:59:00,122.44,122.6,121.88,122.19,908372
2026-03-05 12:00:00,122.72,122.86,122.66,122.74,1066793
2026-03-05 12:01:00,122.65,122.7,122.13,122.68,1078339
2026-03-05 12:02:00,121.58,122.08,121.29,121.59,638340
2026-03-05 12:03:00,122.14,122.25,121.72,122.02,694050
2026-03-05 12:04:00,122.06,122.48,121.0,121.75,908355
2026-03-05 12:05:00,122.04,122.18,121.56,121.71,943448
2026-03-05 12:06:00,121.65,122.38,121.33,121.87,631412
2026-03-05 12:07:00,122.02,122.28,121.53,121.97,815146
2026-03-05 12:08:00,122.56,122.72,122.14,122.32,1240449
2026-03-05 12:09:00,122.34,122.43,121.83,122.1,917310
2026-03-05 12:10:00,122.42,122.47,122.08,122.36,694045
2026-03-05 12:11:00,121.93,122.28,121.78,122.23,874590
2026-03-05 12:12:00,122.25,122.61,122.23,122.6,1130695
2026-03-05 12:13:00,122.92,122.96,122.55,122.91,737506
2026-03-05 12:14:00,122.55,123.05,122.19,122.44,757468
2026-03-05 12:15:00,123.14,123.16,122.98,122.98,778653
2026-03-05 12:16:00,122.65,122.94,122.54,122.71,801781
2026-03-05 12:17:00,123.38,123.89,122.88,123.12,1335440
2026-03-05 12:18:00,123.22,123.7,123.15,123.3,904921
2026-03-05 12:19:00,124.05,124.55,123.22,124.22,949689
2026-03-05 12:20:00,123.72,124.56,123.54,124.11,846706
2026-03-05 12:21:00,123.75,124.14,123.67,123.93,614804
2026-03-05 12:22:00,124.28,124.41,123.48,123.93,1255686
2026-03-05 12:23:00,123.57,124.08,123.38,123.77,626659
2026-03-05 12:24:00,124.09,124.29,123.95,124.17,938590
2026-03-05 12:25:00,123.59,123.63,123.11,123.37,1140406
2026-03-05 12:26:00,122.88,123.63,122.71,122.84,1078365
2026-03-05 12:27:00,122.31,122.58,122.1,122.3,1067299
2026-03-05 12:28:00,122.47,122.9,121.88,122.78,801028
2026-03-05 12:29:00,123.48,123.85,123.44,123.64,787392
2026-03-05 12:30:00,123.67,123.92,123.42,123.58,646316
2026-03-05 12:31:00,123.7,123.98,123.25,123.5,1074568
2026-03-05 12:32:00,123.58,123.89,122.96,123.53,809391
2026-03-05 12:33:00,124.33,124.36,124.08,124.11,692693
2026-03-05 12:34:00,123.59,123.95,123.45,123.65,780362
2026-03-05 12:35:00,123.68,123.89,123.65,123.77,677050
2026-03-05 12:36:00,123.97,124.37,123.73,124.26,1214905
2026-03-05 12:37:00,124.55,124.74,124.08,124.51,938057
2026-03-05 12:38:00,124.49,124.86,124.34,124.6,962533
2026-03-05 12:39:00,125.38,125.45,125.09,125.1,1004244
2026-03-05 12:40:00,123.56,123.77,123.15,123.75,1088993
2026-03-05 12:41:00,124.1,124.15,123.99,124.09,1149953
2026-03-05 12:42:00,123.89,123.99,123.67,123.76,1095987
2026-03-05 12:43:00,122.65,122.9,122.0,122.85,1096506
2026-03-05 12:44:00,123.24,123.46,122.99,123.1,1061809
2026-03-05 12:45:00,124.08,124.5,123.78,123.79,1027863
2026-03-05 12:46:00,123.94,124.39,123.63,123.72,1267114
2026-03-05 12:47:00,124.39,124.5,123.75,124.2,990017
2026-03-05 12:48:00,124.89,125.1,124.64,125.0,794855
2026-03-05 12:49:00,125.25,126.03,125.13,125.66,1031429
2026-03-05 12:50:00,126.48,126.8,126.1,126.48,798936
2026-03-05 12:51:00,126.71,126.96,126.47,126.85,1349298
2026-03-05 12:52:00,127.1,127.34,126.85,126.89,1302856
2026-03-05 12:53:00,126.05,126.1,126.0,126.09,1140364
2026-03-05 12:54:00,126.09,126.24,125.81,125.97,1127980
2026-03-05 12:55:00,125.69,125.81,125.07,125.55,958536
2026-03-05 12:56:00,126.76,127.3,126.27,126.63,914685
2026-03-05 12:57:00,126.46,126.95,126.45,126.54,818534
2026-03-05 12:58:00,126.72,126.84,126.24,126.6,821445
2026-03-05 12:59:00,127.23,127.34,126.85,126.88,950021
2026-03-05 13:00:00,126.96,127.04,126.81,126.9,1022969
2026-03-05 13:01:00,127.92,127.93,127.46,127.75,877515
2026-03-05 13:02:00,127.04,128.05,126.78,127.44,833985
2026-03-05 13:03:00,127.48,127.73,127.02,127.54,716024
2026-03-05 13:04:00,127.19,127.22,126.92,127.16,979198
2026-03-05 13:05:00,126.15,126.58,125.86,126.5,1015915
2026-03-05 13:06:00,126.49,127.01,125.96,126.2,889461
2026-03-05 13:07:00,126.1,126.4,126.05,126.18,1083160
2026-03-05 13:08:00,125.84,126.03,125.61,125.97,853540
2026-03-05 13:09:00,125.78,125.79,125.31,125.62,959716
2026-03-05 13:10:00,124.99,125.0,124.89,124.92,1051786
2026-03-05 13:11:00,124.98,125.36,124.44,124.87,628067
2026-03-05 13:12:00,123.98,124.15,123.86,124.12,1315234
2026-03-05 13:13:00,124.13,124.65,123.49,124.5,1006324
2026-03-05 13:14:00,124.6,125.07,124.51,124.54,1208805
2026-03-05 13:15:00,123.93,124.06,123.39,123.81,1055000
2026-03-05 13:16:00,123.36,124.05,123.31,123.66,1239035
2026-03-05 13:17:00,123.19,123.36,123.12,123.28,990991
2026-03-05 13:18:00,123.36,123.56,123.08,123.44,758112
2026-03-05 13:19:00,124.36,124.58,124.09,124.11,1333028
2026-03-05 13:20:00,123.12,123.57,123.07,123.18,795049
2026-03-05 13:21:00,123.6,123.9,123.2,123.23,1145434
2026-03-05 13:22:00,123.07,123.4,122.36,123.15,796039
2026-03-05 13:23:00,123.68,123.76,123.43,123.49,730642
2026-03-05 13:24:00,123.97,124.32,123.54,123.6,919060
2026-03-05 13:25:00,123.43,124.02,122.93,123.22,1434360
2026-03-05 13:26:00,122.88,123.31,122.52,123.06,1088352
2026-03-05 13:27:00,122.7,122.74,122.42,122.66,1246465
2026-03-05 13:28:00,122.89,123.38,122.65,123.2,906452
2026-03-05 13:29:00,123.05,123.52,122.66,123.21,939684
2026-03-05 13:30:00,124.23,124.4,123.93,124.16,886224
2026-03-05 13:31:00,124.41,124.45,123.93,124.13,1149204
2026-03-05 13:32:00,123.65,124.39,123.54,123.78,1014457
2026-03-05 13:33:00,123.13,123.2,122.89,123.02,1401694
2026-03-05 13:34:00,121.82,122.34,121.65,122.12,932844
2026-03-05 13:35:00,121.26,121.57,121.09,121.33,1278128
2026-03-05 13:36:00,121.55,121.58,121.16,121.46,1103365
2026-03-05 13:37:00,122.15,122.26,121.6,121.71,887782
2026-03-05 13:38:00,120.83,121.75,120.7,120.92,830889
2026-03-05 13:39:00,121.05,121.6,120.72,121.37,932266
2026-03-05 13:40:00,121.42,121.85,120.67,121.13,1053861
2026-03-05 13:41:00,121.43,121.91,121.08,121.2,1116199
2026-03-05 13:42:00,121.6,122.25,121.33,122.01,937642
2026-03-05 13:43:00,122.71,123.05,122.43,122.46,909710
2026-03-05 13:44:00,122.13,122.33,121.96,122.32,935164
2026-03-05 13:45:00,121.44,122.26,121.38,121.88,924075
2026-03-05 13:46:00,120.97,121.43,119.96,120.8,1086852
2026-03-05 13:47:00,120.16,120.59,120.12,120.44,1127145
2026-03-05 13:48:00,120.24,120.9,120.1,120.34,1081369
2026-03-05 13:49:00,120.05,120.4,119.53,119.84,870425
2026-03-05 13:50:00,119.85,120.0,119.72,119.78,1178375
2026-03-05 13:51:00,119.57,120.02,119.51,119.82,1480316
2026-03-05 13:52:00,119.53,120.32,118.93,119.7,980537
2026-03-05 13:53:00,119.32,119.59,119.3,119.38,718656
2026-03-05 13:54:00,119.45,119.91,119.26,119.46,951855
2026-03-05 13:55:00,119.34,119.8,119.26,119.68,1012740
2026-03-05 13:56:00,119.1,119.23,118.94,119.14,994236
2026-03-05 13:57:00,119.91,119.97,119.51,119.84,1135398
2026-03-05 13:58:00,119.83,120.29,119.67,119.79,1260992
2026-03-05 13:59:00,119.93,120.48,119.41,119.8,1027035
2026-03-05 14:00:00,120.15,120.24,120.04,120.16,1045405
2026-03-05 14:01:00,120.16,120.66,120.12,120.27,923483
2026-03-05 14:02:00,120.57,120.83,120.51,120.75,1077684
2026-03-05 14:03:00,120.69,121.38,120.5,120.89,1296928
2026-03-05 14:04:00,120.38,121.07,120.3,120.59,998587
2026-03-05 14:05:00,120.69,121.18,120.39,120.77,844878
2026-03-05 14:06:00,120.04,120.5,119.48,120.2,695280
2026-03-05 14:07:00,120.25,120.34,120.1,120.25,939640
2026-03-05 14:08:00,120.74,120.81,120.17,120.24,840602
2026-03-05 14:09:00,120.16,120.34,119.77,120.13,702143
2026-03-05 14:10:00,120.02,120.2,119.84,120.07,1001309
2026-03-05 14:11:00,119.23,119.48,118.66,119.13,1198525
2026-03-05 14:12:00,118.58,119.17,118.27,118.85,1135593
2026-03-05 14:13:00,118.64,119.0,118.5,118.9,986766
2026-03-05 14:14:00,119.03,119.35,118.8,118.98,877357
2026-03-05 14:15:00,118.4,118.54,118.37,118.46,1004796
2026-03-05 14:16:00,118.95,119.19,118.95,119.1,724982
2026-03-05 14:17:00,118.57,118.78,118.19,118.66,1231316
2026-03-05 14:18:00,119.4,119.78,118.74,119.15,971283
2026-03-05 14:19:00,119.45,119.59,119.09,119.36,1081218
2026-03-05 14:20:00,118.88,119.39,118.44,119.04,1037588
2026-03-05 14:21:00,120.04,120.24,119.89,119.93,768600
2026-03-05 14:22:00,119.19,119.68,119.05,119.33,1028683
2026-03-05 14:23:00,119.57,119.89,119.44,119.79,1209342
2026-03-05 14:24:00,120.44,120.59,120.25,120.29,889776
2026-03-05 14:25:00,119.67,120.21,119.61,119.95,1065051
2026-03-05 14:26:00,120.68,120.77,120.37,120.65,1012708
2026-03-05 14:27:00,120.67,121.2,119.35,120.53,1056757
2026-03-05 14:28:00,120.39,120.73,120.29,120.67,1317480
2026-03-05 14:29:00,120.88,120.93,120.55,120.8,1073699
2026-03-05 14:30:00,120.64,121.05,120.31,120.73,1064649
2026-03-05 14:31:00,120.83,121.2,120.77,121.14,1335290
2026-03-05 14:32:00,121.22,121.72,120.98,121.54,1067063
2026-03-05 14:33:00,120.7,120.98,120.48,120.66,1249008
2026-03-05 14:34:00,121.3,121.43,121.27,121.31,763382
2026-03-05 14:35:00,120.67,120.82,119.79,120.48,796883
2026-03-05 14:36:00,121.16,121.56,120.95,121.0,1195301
2026-03-05 14:37:00,121.15,121.62,120.98,121.56,859608
2026-03-05 14:38:00,121.09,121.43,120.98,121.02,1041097
2026-03-05 14:39:00,120.83,120.83,120.48,120.81,1221688
2026-03-05 14:40:00,120.32,120.44,120.02,120.26,908155
2026-03-05 14:41:00,120.12,120.61,119.61,120.15,879850
2026-03-05 14:42:00,120.1,120.3,119.69,120.0,837062
2026-03-05 14:43:00,120.29,120.49,119.65,120.39,1210924
2026-03-05 14:44:00,121.25,121.6,120.74,121.04,755527
2026-03-05 14:45:00,121.52,122.14,121.35,121.74,749728
2026-03-05 14:46:00,121.37,121.53,121.29,121.46,1050190
2026-03-05 14:47:00,121.19,121.56,121.0,121.35,968744
2026-03-05 14:48:00,120.65,120.84,120.34,120.51,1118333
2026-03-05 14:49:00,119.94,120.22,119.77,120.11,1410818
2026-03-05 14:50:00,120.71,120.85,120.43,120.59,785361
2026-03-05 14:51:00,121.42,121.43,121.3,121.4,1023301
2026-03-05 14:52:00,120.86,120.95,120.76,120.78,754434
2026-03-05 14:53:00,120.42,120.9,120.33,120.49,995815
2026-03-05 14:54:00,120.85,121.26,120.14,120.47,1342542
2026-03-05 14:55:00,120.62,120.69,120.25,120.61,1089539
2026-03-05 14:56:00,120.32,120.64,120.17,120.21,932896
2026-03-05 14:57:00,120.47,120.81,120.04,120.42,1183164
2026-03-05 14:58:00,120.11,120.25,120.07,120.18,844338
2026-03-05 14:59:00,120.09,120.26,119.6,120.18,1189323
2026-03-05 15:00:00,120.64,120.75,120.11,120.45,991701
2026-03-05 15:01:00,120.65,121.02,120.26,120.45,1464521
2026-03-05 15:02:00,120.45,120.87,120.17,120.23,1193586
2026-03-05 15:03:00,120.04,120.42,119.84,120.18,1057982
2026-03-05 15:04:00,120.4,120.56,120.08,120.13,1019092
2026-03-05 15:05:00,119.74,120.02,119.23,119.95,1209390
2026-03-05 15:06:00,119.83,119.99,119.57,119.82,953084
2026-03-05 15:07:00,120.76,120.92,120.41,120.62,830792
2026-03-05 15:08:00,121.03,121.25,120.88,120.9,1024750
2026-03-05 15:09:00,120.81,121.07,120.37,120.75,617768
2026-03-05 15:10:00,120.99,121.64,120.38,121.1,1366235
2026-03-05 15:11:00,120.9,121.47,120.19,120.93,877192
2026-03-05 15:12:00,121.48,121.91,121.22,121.52,1045481
2026-03-05 15:13:00,121.53,121.99,121.45,121.71,1139410
2026-03-05 15:14:00,121.73,122.04,121.46,121.65,1085182
2026-03-05 15:15:00,121.66,122.11,121.45,121.88,953098
2026-03-05 15:16:00,121.41,121.56,120.94,121.09,997958
2026-03-05 15:17:00,120.54,120.76,120.25,120.53,1140277
2026-03-05 15:18:00,120.1,120.28,119.48,119.93,891645
2026-03-05 15:19:00,120.34,120.61,119.7,120.0,648008
2026-03-05 15:20:00,120.78,121.02,120.62,120.87,1048778
2026-03-05 15:21:00,121.74,122.1,121.63,121.98,644803
2026-03-05 15:22:00,122.11,122.53,121.68,122.3,1038290
2026-03-05 15:23:00,122.68,123.13,122.19,122.55,1260220
2026-03-05 15:24:00,121.25,121.86,121.1,121.65,1128877
2026-03-05 15:25:00,121.24,121.47,121.07,121.38,1022083
2026-03-05 15:26:00,121.23,121.46,120.69,120.99,843665
2026-03-05 15:27:00,120.51,120.92,120.23,120.68,1170281
2026-03-05 15:28:00,120.33,120.73,120.08,120.59,1008308
2026-03-05 15:29:00,120.14,120.49,119.93,120.36,1358904
2026-03-05 15:30:00,119.68,119.86,118.96,119.37,1012958
2026-03-05 15:31:00,119.89,120.34,119.67,119.74,948962
2026-03-05 15:32:00,118.86,119.23,118.62,119.2,1189126
2026-03-05 15:33:00,119.42,119.59,118.73,119.32,900956
2026-03-05 15:34:00,120.3,120.45,120.11,120.36,1397135
2026-03-05 15:35:00,119.93,119.99,119.82,119.9,1024876
2026-03-05 15:36:00,118.47,118.67,118.34,118.64,1041937
2026-03-05 15:37:00,118.58,118.71,117.96,118.49,1127374
2026-03-05 15:38:00,118.91,119.37,118.58,119.04,1086708
2026-03-05 15:39:00,119.98,120.53,119.83,120.02,712078
2026-03-05 15:40:00,119.44,119.51,119.14,119.41,1356336
2026-03-05 15:41:00,119.38,119.67,119.3,119.66,1086749
2026-03-05 15:42:00,119.47,119.57,119.29,119.42,776709
2026-03-05 15:43:00,119.57,119.71,119.1,119.37,937920
2026-03-05 15:44:00,120.56,121.02,120.45,120.69,792041
2026-03-05 15:45:00,120.31,120.7,119.86,119.94,1313370
2026-03-05 15:46:00,120.19,120.24,119.78,120.07,723646
2026-03-05 15:47:00,120.46,120.91,120.17,120.3,772187
2026-03-05 15:48:00,120.35,121.14,120.32,120.84,1319824
2026-03-05 15:49:00,121.03,121.12,120.77,120.89,883366
2026-03-05 15:50:00,121.33,121.39,120.42,121.05,865292
2026-03-05 15:51:00,120.68,121.02,120.51,120.85,978511
2026-03-05 15:52:00,120.97,121.38,120.76,120.99,1372839
2026-03-05 15:53:00,120.68,120.84,120.6,120.81,1024683
2026-03-05 15:54:00,121.21,121.34,120.9,121.13,775417
2026-03-05 15:55:00,121.44,121.59,120.73,120.94,678471
2026-03-05 15:56:00,121.07,121.17,120.93,121.13,455509
2026-03-05 15:57:00,121.15,121.49,121.02,121.11,792734
2026-03-05 15:58:00,121.51,121.76,121.19,121.68,904893
2026-03-05 15:59:00,121.41,122.2,121.11,121.65,740790
2026-03-06 09:30:00,120.73,120.99,120.55,120.77,834966
2026-03-06 09:31:00,121.44,121.78,121.05,121.4,969970
2026-03-06 09:32:00,120.6,121.06,120.59,120.94,829075
2026-03-06 09:33:00,120.53,121.04,120.5,120.62,1211138
2026-03-06 09:34:00,120.1,120.51,119.95,120.32,1242418
2026-03-06 09:35:00,120.71,121.06,120.62,121.01,979588
2026-03-06 09:36:00,119.44,120.09,118.99,119.94,1023332
2026-03-06 09:37:00,121.3,121.66,120.77,121.51,1181992
2026-03-06 09:38:00,122.16,122.27,121.84,122.04,959885
2026-03-06 09:39:00,122.13,122.31,121.68,122.15,1223667
2026-03-06 09:40:00,121.84,122.19,121.61,122.12,1123772
2026-03-06 09:41:00,122.14,123.14,121.75,122.26,783362
2026-03-06 09:42:00,122.57,123.2,122.27,122.52,946834
2026-03-06 09:43:00,123.06,123.07,122.75,122.85,1113126
2026-03-06 09:44:00,123.18,123.49,122.74,123.12,1061400
2026-03-06 09:45:00,123.23,123.29,123.02,123.17,1011034
2026-03-06 09:46:00,123.07,123.43,122.61,123.07,698489
2026-03-06 09:47:00,123.0,123.2,122.9,122.99,1080503
2026-03-06 09:48:00,123.03,123.06,122.32,122.9,806990
2026-03-06 09:49:00,123.64,124.46,123.11,123.46,1104245
2026-03-06 09:50:00,124.02,124.08,123.14,123.76,1086072
2026-03-06 09:51:00,122.54,122.82,122.09,122.29,1017352
2026-03-06 09:52:00,122.51,122.86,122.22,122.62,760493
2026-03-06 09:53:00,122.54,123.05,122.09,122.72,1029282
2026-03-06 09:54:00,122.94,122.99,122.25,122.71,1167988
2026-03-06 09:55:00,122.85,123.04,122.37,122.51,1103132
2026-03-06 09:56:00,123.4,123.55,122.67,123.07,1126283
2026-03-06 09:57:00,123.71,123.71,123.38,123.55,1198875
2026-03-06 09:58:00,123.27,123.5,123.15,123.16,729658
2026-03-06 09:59:00,123.5,123.58,123.23,123.36,993425
2026-03-06 10:00:00,122.89,123.16,122.7,122.88,968718
2026-03-06 10:01:00,122.34,122.46,122.06,122.19,975056
2026-03-06 10:02:00,121.85,122.03,121.74,121.88,921918
2026-03-06 10:03:00,122.7,122.98,122.08,122.31,1114188
2026-03-06 10:04:00,122.81,122.92,122.74,122.78,1237928
2026-03-06 10:05:00,123.11,123.13,122.73,123.04,1046657
2026-03-06 10:06:00,123.43,123.52,123.37,123.4,1001845
2026-03-06 10:07:00,123.54,123.89,123.24,123.66,721603
2026-03-06 10:08:00,123.16,123.39,123.13,123.34,945740
2026-03-06 10:09:00,123.08,124.03,122.76,123.56,1089151
2026-03-06 10:10:00,124.34,124.63,123.39,123.96,806957
2026-03-06 10:11:00,124.38,124.76,124.33,124.33,1077233
2026-03-06 10:12:00,124.9,125.14,124.87,124.93,895517
2026-03-06 10:13:00,125.17,125.52,124.97,125.28,1183080
2026-03-06 10:14:00,125.7,126.2,125.12,125.46,1412084
2026-03-06 10:15:00,126.04,126.22,125.68,125.99,944903
2026-03-06 10:16:00,126.02,126.41,125.94,125.98,1099622
2026-03-06 10:17:00,125.64,125.96,125.31,125.54,893478
2026-03-06 10:18:00,125.84,125.88,125.4,125.46,986597
2026-03-06 10:19:00,124.92,125.57,124.76,125.08,774542
2026-03-06 10:20:00,124.66,125.35,124.46,124.75,806374
2026-03-06 10:21:00,124.8,125.0,124.41,124.67,1279696
2026-03-06 10:22:00,124.43,124.5,124.24,124.28,695003
2026-03-06 10:23:00,124.1,124.38,123.89,124.12,1514550
2026-03-06 10:24:00,123.28,123.87,123.07,123.18,1024498
2026-03-06 10:25:00,123.3,123.52,123.21,123.28,751499
2026-03-06 10:26:00,123.1,123.48,122.79,123.28,1107642
2026-03-06 10:27:00,122.6,123.41,122.37,122.88,955266
2026-03-06 10:28:00,123.27,123.44,123.16,123.21,1115071
2026-03-06 10:29:00,123.87,124.1,123.62,123.67,970673
2026-03-06 10:30:00,123.34,123.63,122.59,122.87,1019997
2026-03-06 10:31:00,122.42,122.53,122.05,122.49,917615
2026-03-06 10:32:00,122.47,122.64,121.36,122.1,1243344
2026-03-06 10:33:00,121.85,121.96,121.42,121.63,828120
2026-03-06 10:34:00,121.96,122.5,121.87,122.05,626053
2026-03-06 10:35:00,121.94,121.98,121.58,121.95,1002867
2026-03-06 10:36:00,121.74,122.13,121.7,121.82,849995
2026-03-06 10:37:00,121.05,121.11,120.82,120.82,1035581
2026-03-06 10:38:00,120.92,121.29,120.92,121.14,961067
2026-03-06 10:39:00,120.77,120.84,120.26,120.52,1001879
2026-03-06 10:40:00,120.76,120.88,120.54,120.55,997343
2026-03-06 10:41:00,120.49,120.84,120.48,120.69,899601
2026-03-06 10:42:00,121.59,121.96,121.24,121.37,1205543
2026-03-06 10:43:00,120.77,120.79,120.64,120.71,1035882
2026-03-06 10:44:00,118.9,119.31,118.41,119.2,868135
2026-03-06 10:45:00,119.23,119.46,119.2,119.29,883375
2026-03-06 10:46:00,120.29,120.35,119.96,120.19,789811
2026-03-06 10:47:00,120.74,120.88,120.61,120.81,841355
2026-03-06 10:48:00,121.1,121.46,120.62,120.92,901825
2026-03-06 10:49:00,120.57,121.46,120.44,120.67,1335525
2026-03-06 10:50:00,120.82,121.37,120.62,121.08,830862
2026-03-06 10:51:00,120.54,120.8,120.29,120.59,1231694
2026-03-06 10:52:00,121.07,121.36,120.67,120.83,1018548
2026-03-06 10:53:00,120.98,121.37,120.87,121.08,765273
2026-03-06 10:54:00,121.41,121.96,120.84,121.61,1078659
2026-03-06 10:55:00,123.21,123.28,122.59,122.99,1122434
2026-03-06 10:56:00,123.3,123.32,123.11,123.19,1192442
2026-03-06 10:57:00,122.73,123.16,122.43,122.93,1016994
2026-03-06 10:58:00,122.7,123.12,122.49,122.92,947878
2026-03-06 10:59:00,121.74,122.06,121.36,122.03,1027098
2026-03-06 11:00:00,121.99,122.4,121.45,121.69,1014937
2026-03-06 11:01:00,121.49,121.72,121.36,121.48,623495
2026-03-06 11:02:00,121.32,121.66,120.93,121.22,1000044
2026-03-06 11:03:00,121.28,121.72,121.23,121.3,1193227
2026-03-06 11:04:00,120.66,121.27,120.19,120.88,1423464
2026-03-06 11:05:00,121.36,121.49,120.8,121.45,987572
2026-03-06 11:06:00,121.49,121.52,121.28,121.45,810687
2026-03-06 11:07:00,121.67,121.68,120.98,121.44,894703
2026-03-06 11:08:00,121.19,121.52,120.7,121.28,757307
2026-03-06 11:09:00,121.57,121.93,120.81,121.35,1373705
2026-03-06 11:10:00,121.49,121.82,121.47,121.77,437874
2026-03-06 11:11:00,121.28,121.47,121.17,121.33,1180704
2026-03-06 11:12:00,120.93,121.22,120.72,121.0,717906
2026-03-06 11:13:00,120.59,121.29,120.29,120.85,697085
2026-03-06 11:14:00,120.23,120.31,120.15,120.18,1272721
2026-03-06 11:15:00,119.68,119.95,119.67,119.77,969596
2026-03-06 11:16:00,119.99,120.42,119.15,119.53,1131281
2026-03-06 11:17:00,119.87,120.46,119.32,119.97,895646
2026-03-06 11:18:00,119.86,120.22,119.52,120.1,1086612
2026-03-06 11:19:00,120.16,120.34,120.04,120.2,946275
2026-03-06 11:20:00,120.4,121.46,120.26,120.62,556478
2026-03-06 11:21:00,120.39,120.93,120.14,120.55,1064330
2026-03-06 11:22:00,120.83,120.94,120.67,120.75,925813
2026-03-06 11:23:00,120.68,120.95,120.58,120.7,1100022
2026-03-06 11:24:00,120.93,121.2,120.74,120.83,1071769
2026-03-06 11:25:00,120.78,120.98,120.28,120.54,762815
2026-03-06 11:26:00,119.36,119.91,119.18,119.32,978161
2026-03-06 11:27:00,119.48,119.68,119.19,119.25,1224440
2026-03-06 11:28:00,120.24,120.44,119.91,119.96,1058883
2026-03-06 11:29:00,120.5,120.58,120.04,120.43,622059
2026-03-06 11:30:00,120.83,121.04,120.69,120.91,1270551
2026-03-06 11:31:00,121.77,121.85,121.14,121.53,857191
2026-03-06 11:32:00,121.76,122.3,121.21,121.57,1021154
2026-03-06 11:33:00,121.6,122.13,121.51,121.67,776956
2026-03-06 11:34:00,121.2,121.72,121.06,121.36,994406
2026-03-06 11:35:00,121.26,121.44,120.88,121.2,958358
2026-03-06 11:36:00,121.35,121.58,120.76,121.51,1067032
2026-03-06 11:37:00,122.04,122.57,121.98,122.11,1046985
2026-03-06 11:38:00,121.97,122.54,121.71,122.04,1290907
2026-03-06 11:39:00,122.11,122.37,121.62,121.82,764285
2026-03-06 11:40:00,122.1,122.17,121.53,121.82,656981
2026-03-06 11:41:00,122.26,122.26,121.86,122.12,1182973
2026-03-06 11:42:00,121.41,121.59,121.16,121.4,987969
2026-03-06 11:43:00,120.07,120.53,119.63,120.25,897941
2026-03-06 11:44:00,120.19,120.25,119.82,119.97,1160971
2026-03-06 11:45:00,119.2,119.39,119.14,119.36,1155826
2026-03-06 11:46:00,118.79,119.36,118.3,119.11,948080
2026-03-06 11:47:00,119.28,119.43,118.88,119.04,1174344
2026-03-06 11:48:00,119.02,119.05,118.6,118.81,784609
2026-03-06 11:49:00,119.81,120.46,119.38,119.54,583133
2026-03-06 11:50:00,119.59,119.88,119.46,119.7,1254439
2026-03-06 11:51:00,119.97,120.18,119.84,119.85,821233
2026-03-06 11:52:00,120.12,120.33,119.77,120.16,1423202
2026-03-06 11:53:00,119.3,120.17,119.23,119.59,696316
2026-03-06 11:54:00,120.12,120.34,119.66,120.11,1040278
2026-03-06 11:55:00,120.03,120.67,120.03,120.07,1014257
2026-03-06 11:56:00,120.54,120.75,120.28,120.41,704399
2026-03-06 11:57:00,119.41,120.2,118.94,119.87,1067342
2026-03-06 11:58:00,118.99,119.26,118.7,119.09,353486
2026-03-06 11:59:00,119.81,120.11,119.38,119.5,709021
2026-03-06 12:00:00,119.89,119.93,119.44,119.69,921554
2026-03-06 12:01:00,119.58,119.6,119.19,119.24,811723
2026-03-06 12:02:00,118.43,118.85,118.33,118.81,1219916
2026-03-06 12:03:00,118.92,119.71,118.75,119.37,999303
2026-03-06 12:04:00,118.75,118.81,118.62,118.77,819341
2026-03-06 12:05:00,119.78,119.91,119.5,119.6,1320181
2026-03-06 12:06:00,119.46,119.74,118.24,119.15,1315789
2026-03-06 12:07:00,119.62,120.23,119.09,119.46,1315668
2026-03-06 12:08:00,119.48,119.88,118.7,119.3,1043310
2026-03-06 12:09:00,119.29,119.69,119.17,119.6,1014977
2026-03-06 12:10:00,119.08,119.82,118.86,119.33,1161547
2026-03-06 12:11:00,119.56,119.84,118.93,119.25,983836
2026-03-06 12:12:00,118.92,119.41,118.84,119.27,900589
2026-03-06 12:13:00,118.78,118.91,118.51,118.77,944376
2026-03-06 12:14:00,118.76,119.28,118.74,119.14,1244561
2026-03-06 12:15:00,118.77,119.04,118.68,118.88,1008780
2026-03-06 12:16:00,118.95,119.15,118.59,118.77,997619
2026-03-06 12:17:00,118.14,118.42,117.93,118.27,1045260
2026-03-06 12:18:00,116.97,117.05,116.83,116.99,932182
2026-03-06 12:19:00,116.91,116.97,116.89,116.89,1341072
2026-03-06 12:20:00,117.9,118.12,117.43,118.1,1074416
2026-03-06 12:21:00,118.27,118.58,118.16,118.49,1056178
2026-03-06 12:22:00,118.37,118.66,117.94,118.48,1056913
2026-03-06 12:23:00,118.24,118.43,117.75,118.35,952967
2026-03-06 12:24:00,118.22,118.57,118.06,118.36,881100
2026-03-06 12:25:00,118.38,118.97,118.13,118.64,1118314
2026-03-06 12:26:00,117.97,118.11,117.59,118.05,1259001
2026-03-06 12:27:00,118.55,118.79,118.29,118.6,1138555
2026-03-06 12:28:00,118.92,119.08,118.68,118.96,846066
2026-03-06 12:29:00,119.38,119.78,119.02,119.32,893231
2026-03-06 12:30:00,119.51,119.94,119.5,119.54,934335
2026-03-06 12:31:00,119.54,119.99,119.48,119.55,841068
2026-03-06 12:32:00,119.74,120.06,119.35,119.88,1056383
2026-03-06 12:33:00,120.32,120.5,119.75,120.18,610081
2026-03-06 12:34:00,120.14,120.43,119.6,120.0,822866
2026-03-06 12:35:00,119.55,119.94,119.4,119.72,1048520
2026-03-06 12:36:00,119.94,120.27,119.52,119.77,831059
2026-03-06 12:37:00,120.81,121.0,120.52,120.54,1094667
2026-03-06 12:38:00,119.92,120.08,119.82,119.92,1053760
2026-03-06 12:39:00,118.89,119.4,118.68,119.19,925121
2026-03-06 12:40:00,119.09,119.43,118.63,119.27,1109740
2026-03-06 12:41:00,119.28,119.81,119.03,119.3,1067320
2026-03-06 12:42:00,119.27,119.59,119.25,119.38,1068719
2026-03-06 12:43:00,119.22,119.67,118.98,119.51,996414
2026-03-06 12:44:00,119.39,119.55,119.08,119.39,942862
2026-03-06 12:45:00,120.46,120.87,119.63,120.14,948055
2026-03-06 12:46:00,119.35,119.67,119.11,119.34,899418
2026-03-06 12:47:00,118.71,118.99,118.59,118.92,1370156
2026-03-06 12:48:00,118.64,118.9,118.56,118.87,785935
2026-03-06 12:49:00,118.19,118.31,117.3,118.05,1131969
2026-03-06 12:50:00,117.74,118.28,117.53,117.96,930567
2026-03-06 12:51:00,118.98,119.34,118.6,118.79,1158652
2026-03-06 12:52:00,118.65,119.47,118.45,118.8,1205217
2026-03-06 12:53:00,119.09,119.18,118.72,118.92,969720
2026-03-06 12:54:00,117.86,118.36,117.75,118.29,1026699
2026-03-06 12:55:00,117.39,118.36,117.16,117.98,1058331
2026-03-06 12:56:00,117.85,117.9,117.6,117.79,794751
2026-03-06 12:57:00,117.76,117.9,117.52,117.63,963591
2026-03-06 12:58:00,118.64,118.79,117.98,118.28,1049661
2026-03-06 12:59:00,118.7,118.88,118.23,118.55,1076406
2026-03-06 13:00:00,117.53,118.09,117.41,118.0,1107435
2026-03-06 13:01:00,118.31,118.37,117.62,118.12,964258
2026-03-06 13:02:00,118.5,118.74,118.34,118.37,1155754
2026-03-06 13:03:00,118.82,119.07,118.43,118.94,1048281
2026-03-06 13:04:00,119.8,120.15,119.49,119.73,943040
2026-03-06 13:05:00,118.99,119.35,118.65,119.22,1151036
2026-03-06 13:06:00,119.04,119.1,118.68,118.82,852619
2026-03-06 13:07:00,118.18,118.21,118.12,118.19,974140
2026-03-06 13:08:00,118.05,118.31,117.76,118.07,1015303
2026-03-06 13:09:00,118.27,118.53,117.87,118.31,1261592
2026-03-06 13:10:00,118.91,119.4,118.57,118.8,1184496
2026-03-06 13:11:00,118.79,119.27,118.7,118.76,716635
2026-03-06 13:12:00,118.67,118.75,118.42,118.6,1114711
2026-03-06 13:13:00,118.34,118.97,118.08,118.68,803010
2026-03-06 13:14:00,118.24,118.39,118.19,118.26,851468
2026-03-06 13:15:00,119.2,119.64,119.14,119.3,1215004
2026-03-06 13:16:00,118.5,118.76,118.06,118.5,882396
2026-03-06 13:17:00,118.56,119.24,118.12,118.59,665519
2026-03-06 13:18:00,119.68,119.68,119.36,119.6,851004
2026-03-06 13:19:00,119.44,119.81,119.27,119.61,1163064
2026-03-06 13:20:00,119.28,119.7,118.74,119.51,1201423
2026-03-06 13:21:00,119.59,119.69,119.25,119.33,1090644
2026-03-06 13:22:00,119.54,119.66,119.04,119.24,676235
2026-03-06 13:23:00,119.71,119.95,119.51,119.93,1038993
2026-03-06 13:24:00,118.71,119.14,118.36,118.82,1312470
2026-03-06 13:25:00,119.77,120.29,119.43,119.59,914001
2026-03-06 13:26:00,119.14,119.15,118.81,118.88,991435
2026-03-06 13:27:00,118.16,119.23,118.01,118.75,1065964
2026-03-06 13:28:00,118.52,118.58,118.34,118.53,1123315
2026-03-06 13:29:00,118.56,118.88,118.4,118.83,960266
2026-03-06 13:30:00,118.1,118.4,117.74,118.03,1047343
2026-03-06 13:31:00,118.39,118.96,118.1,118.26,891359
2026-03-06 13:32:00,119.23,119.67,118.98,119.27,1193225
2026-03-06 13:33:00,118.6,118.71,118.55,118.59,1097842
2026-03-06 13:34:00,118.77,118.79,118.36,118.68,1194092
2026-03-06 13:35:00,118.44,118.45,118.16,118.35,1062853
2026-03-06 13:36:00,118.78,119.05,118.26,118.57,782807
2026-03-06 13:37:00,118.43,118.87,117.96,118.57,1078951
2026-03-06 13:38:00,118.33,118.68,118.2,118.25,731358
2026-03-06 13:39:00,118.31,118.85,118.14,118.5,963419
2026-03-06 13:40:00,119.17,119.84,118.77,119.4,1269220
2026-03-06 13:41:00,119.54,119.81,119.1,119.3,1068490
2026-03-06 13:42:00,119.41,119.94,119.39,119.66,918135
2026-03-06 13:43:00,118.77,119.76,118.46,119.02,1222559
2026-03-06 13:44:00,118.46,118.59,118.26,118.54,1361133
2026-03-06 13:45:00,119.04,119.33,118.19,118.78,1471922
2026-03-06 13:46:00,119.97,120.03,119.14,119.52,1192645
2026-03-06 13:47:00,119.67,119.73,119.41,119.7,1066874
2026-03-06 13:48:00,119.3,119.64,119.1,119.54,1102050
2026-03-06 13:49:00,119.59,119.87,119.43,119.54,1035733
2026-03-06 13:50:00,118.24,119.05,118.01,118.91,921921
2026-03-06 13:51:00,119.12,119.53,118.82,119.22,1109692
2026-03-06 13:52:00,119.82,120.34,119.61,119.66,943977
2026-03-06 13:53:00,119.38,119.62,119.27,119.43,1169928
2026-03-06 13:54:00,118.81,119.73,118.67,119.2,991533
2026-03-06 13:55:00,119.51,119.95,119.13,119.33,975784
2026-03-06 13:56:00,119.38,119.4,118.98,119.11,882084
2026-03-06 13:57:00,119.18,119.68,118.78,119.08,983708
2026-03-06 13:58:00,120.26,120.44,119.98,120.13,1222390
2026-03-06 13:59:00,120.22,120.26,119.81,120.0,923381
2026-03-06 14:00:00,119.64,119.91,119.62,119.82,667683
2026-03-06 14:01:00,119.67,120.5,118.69,119.5,1300375
2026-03-06 14:02:00,119.82,119.88,119.73,119.87,882167
2026-03-06 14:03:00,119.82,119.86,119.75,119.78,1036292
2026-03-06 14:04:00,119.2,119.47,119.15,119.46,1025769
2026-03-06 14:05:00,120.08,120.46,119.97,120.12,1045465
2026-03-06 14:06:00,121.09,121.11,120.76,120.83,980723
2026-03-06 14:07:00,120.78,120.85,120.14,120.53,979282
2026-03-06 14:08:00,119.42,119.8,119.33,119.59,1124100
2026-03-06 14:09:00,119.55,120.1,119.41,120.1,787348
2026-03-06 14:10:00,119.65,119.93,119.63,119.76,726534
2026-03-06 14:11:00,120.21,120.62,120.07,120.15,1161797
2026-03-06 14:12:00,119.39,119.76,118.61,119.17,900159
2026-03-06 14:13:00,119.47,119.85,119.26,119.61,1155135
2026-03-06 14:14:00,119.39,119.39,118.88,119.01,803922
2026-03-06 14:15:00,119.8,119.9,119.28,119.37,930650
2026-03-06 14:16:00,119.25,119.6,119.09,119.38,726840
2026-03-06 14:17:00,118.75,119.49,118.53,118.9,1185180
2026-03-06 14:18:00,118.93,119.48,118.17,118.7,754023
2026-03-06 14:19:00,118.88,119.18,118.79,119.04,910604
2026-03-06 14:20:00,119.14,119.15,118.88,119.1,564890
2026-03-06 14:21:00,119.19,119.55,119.11,119.39,774066
2026-03-06 14:22:00,120.28,120.72,120.24,120.38,785381
2026-03-06 14:23:00,119.42,119.99,119.38,119.59,826710
2026-03-06 14:24:00,120.58,120.71,120.38,120.4,840502
2026-03-06 14:25:00,120.53,120.74,120.41,120.45,1320740
2026-03-06 14:26:00,120.1,120.37,119.97,120.01,1135132
2026-03-06 14:27:00,119.18,119.48,119.08,119.34,1068419
2026-03-06 14:28:00,119.35,119.68,118.82,119.25,805109
2026-03-06 14:29:00,119.75,119.97,118.69,119.71,1103143
2026-03-06 14:30:00,119.63,119.8,119.48,119.64,1006028
2026-03-06 14:31:00,120.42,120.56,120.32,120.4,1268856
2026-03-06 14:32:00,119.95,120.02,119.27,119.67,1107700
2026-03-06 14:33:00,119.98,120.39,119.45,119.67,1284484
2026-03-06 14:34:00,119.05,119.24,118.84,119.04,1058453
2026-03-06 14:35:00,119.49,119.66,118.96,119.22,1019497
2026-03-06 14:36:00,119.62,119.86,119.48,119.67,1343687
2026-03-06 14:37:00,119.2,119.83,118.97,119.46,640803
2026-03-06 14:38:00,118.2,118.28,117.82,118.15,663724
2026-03-06 14:39:00,118.25,118.55,118.08,118.25,1011341
2026-03-06 14:40:00,118.57,118.57,118.04,118.47,715821
2026-03-06 14:41:00,118.63,118.72,118.38,118.67,1151460
2026-03-06 14:42:00,119.41,119.5,118.88,119.29,1082414
2026-03-06 14:43:00,118.86,119.58,118.51,118.76,861789
2026-03-06 14:44:00,119.12,119.36,119.08,119.1,957893
2026-03-06 14:45:00,119.66,119.91,119.47,119.69,783946
2026-03-06 14:46:00,118.88,119.05,118.57,118.8,1304128
2026-03-06 14:47:00,118.9,119.42,118.71,118.96,594684
2026-03-06 14:48:00,118.79,118.87,118.7,118.71,871553
2026-03-06 14:49:00,118.66,118.82,118.57,118.67,1168326
2026-03-06 14:50:00,118.88,119.06,118.77,118.84,931596
2026-03-06 14:51:00,118.37,118.71,117.37,118.6,881955
2026-03-06 14:52:00,118.25,118.43,118.16,118.26,1069534
2026-03-06 14:53:00,117.84,118.3,117.34,118.28,758339
2026-03-06 14:54:00,117.7,118.12,117.59,117.74,1003646
2026-03-06 14:55:00,117.19,117.41,117.03,117.19,1085475
2026-03-06 14:56:00,117.25,117.71,117.14,117.53,1165111
2026-03-06 14:57:00,117.15,117.65,116.78,116.96,828894
2026-03-06 14:58:00,116.93,117.6,116.2,117.29,1121901
2026-03-06 14:59:00,117.91,118.15,117.3,117.52,923645
2026-03-06 15:00:00,116.78,116.91,116.49,116.66,698001
2026-03-06 15:01:00,116.98,117.02,116.22,116.32,1022666
2026-03-06 15:02:00,116.87,116.95,116.48,116.92,975090
2026-03-06 15:03:00,116.19,116.48,116.05,116.43,1284779
2026-03-06 15:04:00,116.43,116.46,115.81,116.19,754821
2026-03-06 15:05:00,116.43,116.53,116.31,116.43,903966
2026-03-06 15:06:00,116.7,116.82,115.98,116.82,779734
2026-03-06 15:07:00,116.57,117.05,116.32,116.69,1036093
2026-03-06 15:08:00,116.44,116.83,116.01,116.39,988499
2026-03-06 15:09:00,117.01,117.3,116.94,117.1,913193
2026-03-06 15:10:00,118.08,118.21,117.8,117.97,1251856
2026-03-06 15:11:00,118.84,118.87,118.13,118.46,929667
2026-03-06 15:12:00,118.74,119.06,118.2,118.51,1018813
2026-03-06 15:13:00,117.97,118.52,117.96,118.1,1306602
2026-03-06 15:14:00,117.62,117.92,117.37,117.69,943262
2026-03-06 15:15:00,118.21,119.08,117.58,117.95,816873
2026-03-06 15:16:00,117.99,118.26,117.91,118.16,1078798
2026-03-06 15:17:00,118.98,119.26,118.49,118.86,1079263
2026-03-06 15:18:00,119.06,119.65,118.77,119.18,1279020
2026-03-06 15:19:00,118.74,118.8,118.24,118.43,1273973
2026-03-06 15:20:00,118.83,119.29,118.75,118.96,1182742
2026-03-06 15:21:00,118.5,118.88,118.39,118.46,703204
2026-03-06 15:22:00,118.56,118.84,117.89,118.27,981951
2026-03-06 15:23:00,118.63,118.97,118.26,118.39,1101707
2026-03-06 15:24:00,119.47,120.08,119.35,119.39,776787
2026-03-06 15:25:00,120.98,121.32,120.59,120.94,1320986
2026-03-06 15:26:00,121.46,121.46,121.19,121.25,950416
2026-03-06 15:27:00,121.27,121.47,120.86,121.16,949382
2026-03-06 15:28:00,121.34,121.43,121.16,121.42,1065736
2026-03-06 15:29:00,121.76,122.01,121.39,121.87,856135
2026-03-06 15:30:00,121.68,121.84,121.55,121.71,1092864
2026-03-06 15:31:00,122.72,123.04,122.42,122.6,811444
2026-03-06 15:32:00,122.66,123.01,122.49,122.72,767649
2026-03-06 15:33:00,123.43,123.82,122.96,122.97,1173478
2026-03-06 15:34:00,122.97,124.06,122.8,123.3,975900
2026-03-06 15:35:00,123.14,123.66,122.81,123.51,1020331
2026-03-06 15:36:00,123.82,124.25,123.58,123.93,1045157
2026-03-06 15:37:00,123.37,123.85,123.17,123.62,1520495
2026-03-06 15:38:00,123.44,123.71,123.23,123.34,1006317
2026-03-06 15:39:00,122.72,123.06,122.66,122.79,1181570
2026-03-06 15:40:00,122.95,123.41,122.9,123.01,805762
2026-03-06 15:41:00,123.84,124.39,123.18,123.4,874594
2026-03-06 15:42:00,124.13,124.68,123.18,123.63,933868
2026-03-06 15:43:00,124.95,125.06,124.18,124.47,1035939
2026-03-06 15:44:00,124.46,124.54,124.39,124.47,1121698
2026-03-06 15:45:00,124.87,124.88,124.35,124.8,406649
2026-03-06 15:46:00,124.36,124.57,123.91,124.25,987025
2026-03-06 15:47:00,124.1,124.4,123.61,124.06,939892
2026-03-06 15:48:00,124.46,124.97,123.77,124.41,861997
2026-03-06 15:49:00,125.13,125.45,124.68,124.83,910280
2026-03-06 15:50:00,124.51,124.86,124.05,124.69,874311
2026-03-06 15:51:00,124.67,124.9,124.4,124.65,892254
2026-03-06 15:52:00,123.87,124.4,123.39,123.89,1001534
2026-03-06 15:53:00,123.45,124.34,122.83,123.71,839964
2026-03-06 15:54:00,124.16,124.27,123.83,124.16,808414
2026-03-06 15:55:00,124.25,124.53,123.66,124.45,1015587
2026-03-06 15:56:00,124.93,125.08,124.36,124.7,440007
2026-03-06 15:57:00,124.66,125.11,124.49,124.72,1352494
2026-03-06 15:58:00,125.02,125.16,124.57,124.72,797278
2026-03-06 15:59:00,124.27,124.76,124.14,124.39,708790
